case_id,group,field,type,has_value,value,confidence,source,source_url,snippet,missing_reason
beijing_daxing,Định danh,case_name,string,1,Beijing Daxing Airport City,high,S04,https://subsites.chinadaily.com.cn/ftzbjen/index.html,"Beijing Daxing Airport City:
Building the Gate to the World
and Connecting Globally",
beijing_daxing,Định danh,aerotropolis,string,1,Beijing Daxing International Airport Economic Zone,high,S10,https://english.beijing.gov.cn/investinginbeijing/two_zones/updates/202410/t20241031_3932022.html,"Beijing Daxing International Airport Economic Zone (""the Zone"" for short) has become a new hot spot for the agglomeration development of enterprises.",
beijing_daxing,Định danh,country,string,1,Trung Quốc,high,S15,https://www.zha.com/architecture/beijing-new-airport-terminal-building/,"Beijing, China
2014 - 2019
Beijing New Airport Construction Headquarters
Beijing Daxing International Airport",
beijing_daxing,Định danh,is_target,bool,1,False,medium,baseline,,,
beijing_daxing,Định danh,airport_name,string,1,Beijing Daxing International Airport,high,S16,https://en.wikipedia.org/wiki/Beijing_Daxing_International_Airport,"Beijing Daxing covers an expanse of 2,679
hectares
(6,620
acres
) and has four civilian runways",
beijing_daxing,Định danh,reference_city,string,1,Bắc Kinh (Beijing),high,S15,https://www.zha.com/architecture/beijing-new-airport-terminal-building/,Beijing Daxing International Airport is a new airport in the Daxing district 46km south of the city centre (20 minutes by express train).,
beijing_daxing,Định danh,official_website,string,1,https://subsites.chinadaily.com.cn/ftzbjen/index.html,medium,S04,https://subsites.chinadaily.com.cn/ftzbjen/index.html,"Beijing Daxing Airport City:
Building the Gate to the World
and Connecting Globally
The Future Prospers from Here",
beijing_daxing,Vị trí & lịch sử,location_desc,string,1,"Sân bay và khu kinh tế nằm tại quận Daxing, cách trung tâm Bắc Kinh 46 km về phía nam (20 phút đi tàu cao tốc)",high,S15,https://www.zha.com/architecture/beijing-new-airport-terminal-building/,Beijing Daxing International Airport is a new airport in the Daxing district 46km south of the city centre (20 minutes by express train).,
beijing_daxing,Vị trí & lịch sử,distance_to_city_km,float,1,46.0,high,S15,https://www.zha.com/architecture/beijing-new-airport-terminal-building/,Beijing Daxing International Airport is a new airport in the Daxing district 46km south of the city centre (20 minutes by express train).,
beijing_daxing,Vị trí & lịch sử,area_km2,float,1,150.0,high,S10,https://english.beijing.gov.cn/investinginbeijing/two_zones/updates/202410/t20241031_3932022.html,"The Zone leveraging the development of the airport covers a planned area of 150 square kilometers and includes three main areas: the aviation logistics area, th",
beijing_daxing,Vị trí & lịch sử,airport_build_period,string,1,2014-2019,high,S15,https://www.zha.com/architecture/beijing-new-airport-terminal-building/,"Beijing, China
2014 - 2019
Beijing New Airport Construction Headquarters
Beijing Daxing International Airport",
beijing_daxing,Vị trí & lịch sử,urban_build_period,string,1,2014-nay,medium,S09,https://cnsubsites.chinadaily.com.cn/ftzbj/2024-03/02/c_181457.htm,《北京大兴国际机场临空经济区一体化发展白皮书（2014-2023年）》发布,
beijing_daxing,Vị trí & lịch sử,founded_year,int,1,2019,high,S10,https://english.beijing.gov.cn/investinginbeijing/two_zones/updates/202410/t20241031_3932022.html,"Beijing Daxing International Airport was officially put into operation on September 25, 2019.",
beijing_daxing,Vị trí & lịch sử,development_context,string,1,Được phát triển để giảm tải cho sân bay hiện hữu của thủ đô và trở thành đầu mối giao thông lớn của vùng; gắn với chiến lược phát triển phối hợp vùng Beijing-Tianjin-Hebei,high,S15,https://www.zha.com/architecture/beijing-new-airport-terminal-building/,"Developed to alleviate congestion at the capital’s existing airport, Beijing Daxing will be a major transport hub for the region with the world’s fastest growin",
beijing_daxing,Định vị & quy hoạch,positioning,string,1,"Cửa ngõ mới của Trung Quốc ra thế giới — ""Building the Gate to the World and Connecting Globally"" (xây dựng cổng ra thế giới, kết nối toàn cầu)",high,S04,https://subsites.chinadaily.com.cn/ftzbjen/index.html,"Beijing Daxing Airport City:
Building the Gate to the World
and Connecting Globally",
beijing_daxing,Định vị & quy hoạch,planning_concept,string,1,"Khu lõi 150 km² gồm ba khu chức năng chính: khu logistics hàng không, khu đổi mới công nghệ và khu dịch vụ hỗ trợ; phần Bắc Kinh 50 km² chia thành khu Đông (24 km²) và khu Tây (26 km²)",high,S10,https://english.beijing.gov.cn/investinginbeijing/two_zones/updates/202410/t20241031_3932022.html,"The Zone leveraging the development of the airport covers a planned area of 150 square kilometers and includes three main areas: the aviation logistics area, th",
beijing_daxing,Định vị & quy hoạch,cornerstones,string_list,1,Công nghiệp sức khoẻ – đời sống (Life Health Industry); Dịch vụ đầu mối hàng không (Aviation Hub Service Industry); Công nghiệp phụ trợ hàng không (Aviation Support Industry); Công nghệ thông tin thế ,high,S04,https://subsites.chinadaily.com.cn/ftzbjen/index.html,"Life Health Industry
Aviation Hub Service Industry
Aviation Support Industry
New Generation of Information Technology Industry
Intelligent Equipment Industry",
beijing_daxing,Định vị & quy hoạch,subzones,string_list,1,Khu Đông (24 km²); Khu Tây (26 km²); Comprehensive bonded area (khu bảo thuế tổng hợp); International Aviation Community; International Convention and Exhibition Center; International Consumption Hub;,high,S13,https://govt.chinadaily.com.cn/s/202204/28/WS628b021b498e6a12c122cc85/worlds-new-gateway-to-china.html,"the eastern area of the airport is 24 sq km, with a comprehensive bonded area, an international aviation community, an international convention and exhibition c",
beijing_daxing,Chỉ số quy mô,passengers_million,float,1,53.62,high,S16,https://en.wikipedia.org/wiki/Beijing_Daxing_International_Airport,"PKX
53,618,949
8.5%",
beijing_daxing,Chỉ số quy mô,cargo_million_tonnes,float,1,0.37,high,S16,https://en.wikipedia.org/wiki/Beijing_Daxing_International_Airport,"Cargo (Metric tonnes)
369,159.7
13.2%",
beijing_daxing,Chỉ số quy mô,air_movements,int,1,345791,high,S16,https://en.wikipedia.org/wiki/Beijing_Daxing_International_Airport,"Aircraft movements
345,791
6.3%",
beijing_daxing,Chỉ số quy mô,destinations,int,0,,,,,,Tài liệu không nêu con số điểm đến trực tiếp đã khai thác.
beijing_daxing,Chỉ số quy mô,airlines,int,0,,,,,,"Tài liệu chỉ liệt kê tên một số hãng, không nêu tổng số hãng đang khai thác."
beijing_daxing,Chỉ số quy mô,transfer_pct,float,0,,,,,,Không có dữ liệu tỷ lệ hành khách trung chuyển trong tài liệu.
beijing_daxing,Chỉ số quy mô,airport_area_ha,float,1,2679.0,high,S16,https://en.wikipedia.org/wiki/Beijing_Daxing_International_Airport,"Beijing Daxing covers an expanse of 2,679
hectares
(6,620
acres
) and has four civilian runways",
beijing_daxing,Chỉ số quy mô,employees,int,0,,,,,,Không có số liệu số người làm việc trong khu.
beijing_daxing,Chỉ số quy mô,num_companies_airport,int,1,9932,medium,S09,https://cnsubsites.chinadaily.com.cn/ftzbj/2024-03/02/c_181457.htm,截至2023年底，累计注册企业9932家，引进重点产业项目152个，建成投产投运的重大产业项目30余个。,
beijing_daxing,Chỉ số quy mô,num_companies_realestate,int,0,,,,,,Tài liệu không nêu số doanh nghiệp thuê bất động sản trong khu.
beijing_daxing,Chỉ số quy mô,num_office_buildings,int,0,,,,,,"Tài liệu chỉ nêu diện tích sàn công nghiệp (m²), không nêu số toà nhà văn phòng."
beijing_daxing,Chỉ số quy mô,jobs_created,int,0,,,,,,Không có số liệu việc làm tạo ra trong tài liệu.
beijing_daxing,Đầu tư & quản trị,total_investment_usd,string,1,"Khoảng 95 tỷ NDT (~14,5 tỷ USD) cho 902 công trình xây dựng và dịch vụ công thuộc phần Langfang giai đoạn 2019–2035",medium,S13,https://govt.chinadaily.com.cn/s/202204/28/WS628b021b498e6a12c122cc85/worlds-new-gateway-to-china.html,"From 2019 to 2035, the Langfang part of the Daxing airport economic zone will build 902 construction and public service facilities, with a total investment of a",
beijing_daxing,Đầu tư & quản trị,investor_governance,string,1,"Mô hình ""management committee + platform companies"" (ủy ban quản lý + công ty nền tảng), vận hành theo khung ""ủy ban quản lý nhỏ + công ty lớn"", với Daxing Airport Air Economic Zone Joint Management C",high,S07,https://subsites.chinadaily.com.cn/ftzbjen/2024-05/16/c_987680.htm,"This is accompanied by the establishment of a ""management committee + platform companies"" management model, aimed at promoting regional development, investment ",
beijing_daxing,Đầu tư & quản trị,gov_led_ratio_pct,float,0,,,,,,Tài liệu không nêu tỷ lệ vốn/vai trò nhà nước bằng con số cụ thể.
beijing_daxing,Đầu tư & quản trị,private_ratio_pct,float,0,,,,,,Tài liệu không nêu tỷ lệ tư nhân bằng con số cụ thể.
beijing_daxing,Đầu tư & quản trị,lead_developer,string,1,"Beijing New Aerotropolis Holdings Co., LTD (nền tảng trung tâm phát triển – xây dựng khu, thành lập 23/10/2012)",high,S06,https://subsites.chinadaily.com.cn/ftzbjen/2024-05/16/c_987674.htm,"Beijing New Aerotropolis Holdings Co., LTD was founded on October 23, 2012, with the primary responsibility being servicing the Daxing Airport and developing th",
beijing_daxing,Sản phẩm (CVP 1),cvp_product,string_list,1,Công viên sinh dược quốc tế trong khu bảo thuế tổng hợp (International Biopharmaceutical Park); Công viên công nghiệp y học tái tạo quốc tế (International Regenerative Medicine Industry Park); Công vi,medium,S05,https://subsites.chinadaily.com.cn/ftzbjen/highlights.html,"56° Rose Garden
​The only operational business complex within the red line of Daxing International Airport
International Convention and Exhibition Center",
beijing_daxing,Sản phẩm (CVP 1),commercial_re,string_list,1,"Tổ hợp thương mại – kinh doanh (business complex) 56° Rose Garden; Trung tâm hội chợ – triển lãm quốc tế; Tổ hợp thương mại một điểm dừng (bán lẻ, giải trí, văn hoá, sức khoẻ, công nghệ) tại Internati",medium,S05,https://subsites.chinadaily.com.cn/ftzbjen/highlights.html,"Bonded Zone Public Warehouse
Bonded Warehousing, Export Tax Rebate
56° Rose Garden
​The only operational business complex within the red line of Daxing Internat",
beijing_daxing,Sản phẩm (CVP 1),economic_zone_name,string,1,Beijing Daxing International Airport Economic Zone,high,S10,https://english.beijing.gov.cn/investinginbeijing/two_zones/updates/202410/t20241031_3932022.html,"Beijing Daxing International Airport Economic Zone (""the Zone"" for short) has become a new hot spot for the agglomeration development of enterprises.",
beijing_daxing,Sản phẩm (CVP 1),economic_zone_year,int,1,2019,low,S01,https://www.xiongan.gov.cn/2019-10/25/c_1210326586.htm,《北京大兴国际机场临空经济区总体规划（2019—2035年）》正式批复实施-中国雄安官网,
beijing_daxing,Sản phẩm (CVP 1),residential_product_desc,string,1,"Khu phát triển nhà ở gắn với 'thành phố hàng không': đã xây và đang xây khoảng 12 triệu m² nhà tái định cư, cùng các phân khu ở như International Aviation Community (cộng đồng hàng không quốc tế) và I",medium,S09,https://cnsubsites.chinadaily.com.cn/ftzbj/2024-03/02/c_181457.htm,已建在建安置房约1200万平方米，现有中小学、幼儿园17所。,
beijing_daxing,Sản phẩm (CVP 1),residential_highrise_pct,float,0,,,,,,Tài liệu không nêu tỷ lệ sản phẩm nhà ở cao tầng.
beijing_daxing,Sản phẩm (CVP 1),residential_lowrise_pct,float,0,,,,,,Tài liệu không nêu tỷ lệ sản phẩm nhà ở thấp tầng.
beijing_daxing,Sản phẩm (CVP 1),residential_land_pct,float,0,,,,,,Tài liệu không nêu tỷ lệ sản phẩm đất nền.
beijing_daxing,Sản phẩm (CVP 1),basic_amenities,string_list,1,17 trường tiểu học – trung học và mẫu giáo; 3 bệnh viện hạng 2 trở lên (đã xây và đang xây); Nhà thi đấu thể thao tổng hợp cấp vùng; 'Vòng dịch vụ cộng đồng 15 phút' phủ 100% khu dân cư mới; Công viên,high,S09,https://cnsubsites.chinadaily.com.cn/ftzbj/2024-03/02/c_181457.htm,已建在建安置房约1200万平方米，现有中小学、幼儿园17所。已建在建二级以上医院３所，建成区域级综合体育馆，新建社区“一刻钟社区服务圈”覆盖率达100%。,
beijing_daxing,Sản phẩm (CVP 1),highlight_amenities,string_list,1,"Trung tâm hội chợ – triển lãm quốc tế (International Convention and Exhibition Center); Tổ hợp tiêu dùng quốc tế (International Consumer Hub, ~57 ha); Tổ hợp thương mại 56° Rose Garden; Công viên sinh",high,S13,https://govt.chinadaily.com.cn/s/202204/28/WS628b021b498e6a12c122cc85/worlds-new-gateway-to-china.html,"the eastern area of the airport is 24 sq km, with a comprehensive bonded area, an international aviation community, an international convention and exhibition c",
beijing_daxing,Giá (CVP 2),cvp_price,string,0,,,,,,"Tài liệu không mô tả cơ chế thu tiền của khu (giá thuê, nhượng quyền, phí dịch vụ); chỉ nêu chính sách ưu đãi và hỗ trợ tài chính cho doanh nghiệp."
beijing_daxing,Giá (CVP 2),office_rent_eur_m2_year,object,0,,,,,,Không có dòng chào giá thuê văn phòng (Starting at/From) trong tài liệu.
beijing_daxing,Giá (CVP 2),cvp_price_note,string,0,,,,,,Tài liệu không nêu chú thích đơn vị hay điều kiện giá.
beijing_daxing,Giá (CVP 2),price_vs_reference,string,1,"So với hoạt động bên ngoài khu bảo thuế tổng hợp, việc đưa khâu sản xuất – gia công vào trong khu (nguyên liệu, thiết bị, R&D đều được bảo thuế) giúp doanh nghiệp tiết kiệm khoảng 30% chi phí.",high,S10,https://english.beijing.gov.cn/investinginbeijing/two_zones/updates/202410/t20241031_3932022.html,"Compared with operations outside the comprehensive bonded zone, this can save corporate costs by approximately 30 percent.",
beijing_daxing,Giá (CVP 2),living_fee_usd_per_m2_month,string,0,,,,,,Tài liệu không nêu mức phí quản lý/duy trì.
beijing_daxing,Giá (CVP 2),has_urban_service_fee,bool,0,,,,,,Không có bằng chứng về việc khu thu phí dịch vụ đô thị.
beijing_daxing,Giá (CVP 2),sales_scheme,string,1,Mô hình B2B/xúc tiến đầu tư: doanh nghiệp nền tảng nhà nước Beijing New Aerotropolis Holdings giữ vai trò chủ thể phát triển – đầu tư & huy động vốn – vận hành quản lý; các tổ hợp lớn được tuyển chọn ,medium,S08,https://subsites.chinadaily.com.cn/ftzbjen/2024-05/16/c_987705.htm,is actively engaging with market entities to discuss details such as development and operation modes.,
beijing_daxing,Dịch vụ (CVP 3),cvp_service,string_list,1,"Uỷ quyền hơn 300 thủ tục hành chính cấp tỉnh/thành/quận về hai phân khu Đại Hưng và Lang Phường, xử lý tập trung; Rút ngắn thời gian thẩm định từ 20–30 ngày làm việc xuống nửa ngày làm việc; Trung tâm",high,S10,https://english.beijing.gov.cn/investinginbeijing/two_zones/updates/202410/t20241031_3932022.html,"Beijing and Hebei have delegated their provincial, municipal and district-level administrative approval powers for more than 300 items to the Daxing and Langfan",
beijing_daxing,Dịch vụ (CVP 3),airport_privilege,string,1,"Khu bảo thuế tổng hợp có kênh nối kín dài 1,64 km nối thẳng tới khu bay (airside) của cảng hàng không Đại Hưng, hiện thực hoá kết hợp chức năng 'bonded + port' (bảo thuế + cảng), tạo điều kiện cho tru",medium,S07,https://subsites.chinadaily.com.cn/ftzbjen/2024-05/16/c_987680.htm,"the comprehensive bonded zone has a closed 1.64-kilometer area-port channel directly linking to the airside of the Daxing Airport port, realizing the combinatio",
beijing_daxing,Dịch vụ (CVP 3),has_airport_privilege,bool,1,True,medium,S07,https://subsites.chinadaily.com.cn/ftzbjen/2024-05/16/c_987680.htm,the comprehensive bonded zone has a closed 1.64-kilometer area-port channel directly linking to the airside of the Daxing Airport port,
beijing_daxing,Dịch vụ (CVP 3),smart_city,string,1,"Đã đưa vào vận hành Trung tâm vận hành đô thị số – trí tuệ (数智城市运营中心) với các kịch bản ứng dụng chính quyền số, quản lý quy hoạch thông minh, điều phối ứng phó khẩn cấp thông minh; xây 41 km hầm kỹ th",high,S09,https://cnsubsites.chinadaily.com.cn/ftzbj/2024-03/02/c_181457.htm,数智城市运营中心投入运营，成功打造智慧政务、智慧规划管理、智慧应急调度等一批应用场景。,
beijing_daxing,Dịch vụ (CVP 3),has_smart_city,bool,1,True,high,S09,https://cnsubsites.chinadaily.com.cn/ftzbj/2024-03/02/c_181457.htm,数智城市运营中心投入运营，成功打造智慧政务、智慧规划管理、智慧应急调度等一批应用场景。,
beijing_daxing,Trải nghiệm (CVP 4),cvp_experience,string_list,1,"Tổ hợp thương mại một điểm dừng tích hợp thời trang, giải trí, văn hoá, sức khoẻ và công nghệ; Ra mắt sản phẩm mới và ươm tạo – trưng bày sáng tạo xuyên biên giới theo mô hình 'business plus'; Quy tụ ",medium,S08,https://subsites.chinadaily.com.cn/ftzbjen/2024-05/16/c_987705.htm,"The project aims to create a super one-stop commercial complex, integrating fashion, entertainment, culture, health, and technology.",
beijing_daxing,Trải nghiệm (CVP 4),experience_desc,string,1,"Trải nghiệm được xây quanh 'điểm đến tiêu dùng sáng tạo toàn cầu': tổ hợp thương mại siêu một điểm dừng kết hợp thời trang – giải trí – văn hoá – sức khoẻ – công nghệ, tận dụng hiệu ứng nam châm để tổ",medium,S08,https://subsites.chinadaily.com.cn/ftzbjen/2024-05/16/c_987705.htm,"It aims to promote the flagship of Chinese fashion brands, as well as the gathering of top global brands and unique features.",
beijing_daxing,Thuận tiện (CVP 5),cvp_convenience,string_list,1,"Hub giao thông mặt đất (GTC) 80.000 m² ngay dưới nhà ga, nối thẳng đường sắt cao tốc quốc gia và tàu địa phương; Cách trung tâm Bắc Kinh 46 km, khoảng 20 phút bằng tàu tốc hành; 28 phút từ ga Beijing ",high,S16,https://en.wikipedia.org/wiki/Beijing_Daxing_International_Airport,"a ground transportation hub providing the airport with public transportation links to high-speed rail, metro, expressways, Beijing Airport Bus routes, local bus",
beijing_daxing,Thuận tiện (CVP 5),connectivity_desc,string,1,"Khu nằm cách trung tâm Bắc Kinh 46 km về phía nam, khoảng 20 phút bằng tàu tốc hành; nhà ga 700.000 m² kèm trung tâm giao thông mặt đất 80.000 m² kết nối trực tiếp Bắc Kinh, mạng đường sắt cao tốc quố",high,S15,https://www.zha.com/architecture/beijing-new-airport-terminal-building/,Beijing Daxing International Airport is a new airport in the Daxing district 46km south of the city centre (20 minutes by express train).,
beijing_daxing,Thuận tiện (CVP 5),connection_modes,string_list,1,Hàng không; Đường sắt cao tốc/liên tỉnh; Metro (đường sắt đô thị); Xe buýt sân bay và xe buýt địa phương; Đường cao tốc; Trung chuyển liên sân bay,high,S16,https://en.wikipedia.org/wiki/Beijing_Daxing_International_Airport,"public transportation links to high-speed rail, metro, expressways, Beijing Airport Bus routes, local buses and inter-airport transportation system",
beijing_daxing,Thuận tiện (CVP 5),metro_lines,int,1,1,medium,S16,https://en.wikipedia.org/wiki/Beijing_Daxing_International_Airport,"Currently, only one of the metro lines (
Daxing Airport Express
) and one of the railway lines (
Beijing–Xiong'an intercity railway
) are in operation.",
beijing_daxing,Thuận tiện (CVP 5),rail_connections,string_list,1,"Beijing–Xiong'an intercity railway (đang vận hành, từ Beijing West railway station, 28 phút); Intercity Railway Connector (ga ngầm dưới nhà ga, chưa vận hành); Daxing Airport Express (metro, đang vận ",medium,S16,https://en.wikipedia.org/wiki/Beijing_Daxing_International_Airport,"Two underground railway stations (for
Beijing–Xiong'an intercity railway
and
Intercity Railway Connector
and three metro stations (
Daxing Airport Express
were ",
beijing_daxing,Thương hiệu (CVP 6),cvp_brand,string_list,1,"Beijing New Aerotropolis Holdings Co., LTD (chủ thể nền tảng phát triển – đầu tư – vận hành – tích hợp nguồn lực); Ủy ban quản lý liên hợp Khu kinh tế sân bay quốc tế Đại Hưng Bắc Kinh (联合管理委员会) cùng ",high,S06,https://subsites.chinadaily.com.cn/ftzbjen/2024-05/16/c_987674.htm,"Beijing New Aerotropolis Holdings Co., LTD was founded on October 23, 2012, with the primary responsibility being servicing the Daxing Airport and developing th",
beijing_daxing,Thương hiệu (CVP 6),brand_desc,string,1,"Định vị thương hiệu là 'cửa ngõ mới của Trung Quốc ra thế giới': khẩu hiệu 'Building the Gate to the World and Connecting Globally – The Future Prospers from Here', gắn với 5 ngành trụ cột (sức khoẻ –",high,S04,https://subsites.chinadaily.com.cn/ftzbjen/index.html,Beijing Daxing Airport City: Building the Gate to the World and Connecting Globally The Future Prospers from Here,
beijing_daxing,Thương hiệu (CVP 6),brand_partners,string_list,1,SunFlying; Boyue Logistics; Fulaite; Mingyi International; Nisu Group; Chengrong Technology; Jiahong Supply Chain; Starlight Kaiming; Carl's Medical; Jingwei Optical Inspection; Yisheng Biology; Shang,medium,S07,https://subsites.chinadaily.com.cn/ftzbjen/2024-05/16/c_987680.htm,"It has introduced the SunFlying chip testing project, as well as supply chain projects such as Boyue Logistics, Fulaite and Mingyi International, and the Nisu G",
beijing_daxing,Tầm nhìn & bền vững,vision_label,string,1,驱动未来的世界航空城,low,S09,https://cnsubsites.chinadaily.com.cn/ftzbj/2024-03/02/c_181457.htm,"国家新的发展动力源
蓬勃发展的新兴经济体
驱动未来的世界航空城",
beijing_daxing,Tầm nhìn & bền vững,vision_qualities,string_list,1,Nguồn động lực phát triển mới của quốc gia (国家新的发展动力源); Nền kinh tế mới nổi phát triển sôi động (蓬勃发展的新兴经济体); Thành phố hàng không thế giới dẫn dắt tương lai (驱动未来的世界航空城); Khu chức năng trung tâm giao,medium,S09,https://cnsubsites.chinadaily.com.cn/ftzbj/2024-03/02/c_181457.htm,"国家新的发展动力源
蓬勃发展的新兴经济体
驱动未来的世界航空城",
beijing_daxing,Tầm nhìn & bền vững,aviation_policy,string,1,《北京大兴国际机场临空经济区总体规划（2019—2035年）》 (Quy hoạch tổng thể Khu kinh tế sân bay quốc tế Đại Hưng Bắc Kinh 2019–2035) đã được chính thức phê duyệt và triển khai; bổ sung bằng 30 chính sách xúc tiến ngành của k,high,S01,https://www.xiongan.gov.cn/2019-10/25/c_1210326586.htm,《北京大兴国际机场临空经济区总体规划（2019—2035年）》正式批复实施-中国雄安官网,
beijing_daxing,Tầm nhìn & bền vững,sustainability,string_list,1,"100% công trình xây mới là công trình xanh; diện tích công trình xanh hạng sao cao đạt 6,3 triệu m²; Hoàn thành 16.000 mẫu (1,6 万亩) cây xanh sinh thái và rừng sinh thái đồng bằng, chỉnh trị 55 km sông",high,S09,https://cnsubsites.chinadaily.com.cn/ftzbj/2024-03/02/c_181457.htm,完成生态绿地建设、平原生态林建设工程1.6万亩，河道治理55公里，公园绿地400米服务半径覆盖率达91%。新建绿色建筑占比100%，高星级绿色建筑面积达630万平方米。,
beijing_daxing,Khu chức năng chuyên biệt,logistics_park_name,string,1,Daxing Airport Comprehensive Bonded Zone,high,S07,https://subsites.chinadaily.com.cn/ftzbjen/2024-05/16/c_987680.htm,"It serves as a frontier for implementing the coordinated development strategy of the Beijing-Tianjin-Hebei region, spanning Daxing in Beijing and Langfang in He",
beijing_daxing,Khu chức năng chuyên biệt,logistics_park_ha,float,1,435.0,high,S07,https://subsites.chinadaily.com.cn/ftzbjen/2024-05/16/c_987680.htm,with a planned area of 4.35 square kilometers,
beijing_daxing,Khu chức năng chuyên biệt,trade_park_name,string,1,China (Beijing) Pilot Free Trade Zone High-end Industrial Area (Daxing Cluster),low,S13,https://govt.chinadaily.com.cn/s/202204/28/WS628b021b498e6a12c122cc85/worlds-new-gateway-to-china.html,"The High-end Industrial Area of China (Beijing) Pilot FTZ covers 10.36 square kilometers and focuses on industries including international finance, cultural inn",
beijing_daxing,Khu chức năng chuyên biệt,trade_park_ha,float,1,1036.0,low,S13,https://govt.chinadaily.com.cn/s/202204/28/WS628b021b498e6a12c122cc85/worlds-new-gateway-to-china.html,The High-end Industrial Area of China (Beijing) Pilot FTZ covers 10.36 square kilometers,
bwi,Định danh,case_name,string,1,BWI Business District,high,S01,https://en.wikipedia.org/wiki/BWI_Business_District,"The
BWI Business District
is a neighborhood and business district in
Linthicum
and
Hanover",
bwi,Định danh,aerotropolis,string,1,"BWI Business District (West Nursery, Stoney Run)",medium,S01,https://en.wikipedia.org/wiki/BWI_Business_District,"BWI Business District
West Nursery, Stoney Run
Business District",
bwi,Định danh,country,string,1,Hoa Kỳ,high,S01,https://en.wikipedia.org/wiki/BWI_Business_District,"Business District in Maryland, United States",
bwi,Định danh,is_target,bool,1,False,high,S01,https://en.wikipedia.org/wiki/BWI_Business_District,BWI Business District,
bwi,Định danh,airport_name,string,1,Baltimore/Washington International Thurgood Marshall Airport (BWI),high,S09,https://en.wikipedia.org/wiki/Baltimore%E2%80%93Washington_International_Airport,"the airport was renamed
Baltimore/Washington International Thurgood Marshall Airport",
bwi,Định danh,reference_city,string,1,Baltimore (và Washington D.C.),medium,S07,https://bwiairport.com/flying-with-us/about-bwi/about-mdot-maa/,the busiest and most convenient airport in the Baltimore-Washington Region serving over 25 million passengers annually.,
bwi,Định danh,official_website,string,1,https://bwiairport.com/,medium,S02,https://bwiairport.com/flying-with-us/about-bwi/facts-figures/,url: https://bwiairport.com/flying-with-us/about-bwi/facts-figures/,
bwi,Vị trí & lịch sử,location_desc,string,1,"Nằm tại Anne Arundel County, bang Maryland; khu nằm về phía bắc và phía tây sân bay BWI, gồm khu West Nursery ở phía bắc đường Interstate 195 và khu Stoney Run ở phía nam",high,S01,https://en.wikipedia.org/wiki/BWI_Business_District,"Located in
Anne Arundel County, Maryland
, the BWI Business District is to the north and west of the airport.",
bwi,Vị trí & lịch sử,distance_to_city_km,float,0,,,,,,Tài liệu không nêu khoảng cách cụ thể (km hoặc dặm) từ khu/sân bay tới trung tâm Baltimore hay Washington D.C.
bwi,Vị trí & lịch sử,area_km2,float,0,,,,,,"Tài liệu không nêu tổng diện tích của BWI Business District; con số 3.596,3 acre là diện tích sân bay, không phải khu đô thị."
bwi,Vị trí & lịch sử,airport_build_period,string,0,,,,,,"Tài liệu không nêu đủ mốc thời gian xây dựng sân bay dạng YYYY-YYYY; chỉ có các mốc rời rạc (1944 chọn địa điểm, 1974 hiện đại hoá)."
bwi,Vị trí & lịch sử,urban_build_period,string,1,1985-nay,medium,S01,https://en.wikipedia.org/wiki/BWI_Business_District,The BWI Business District was established in 1985 along with the BWI Business Partnership.,
bwi,Vị trí & lịch sử,founded_year,int,1,1985,high,S01,https://en.wikipedia.org/wiki/BWI_Business_District,The BWI Business District was established in 1985 along with the BWI Business Partnership.,
bwi,Vị trí & lịch sử,development_context,string,1,"Khu được lập năm 1985 cùng với BWI Business Partnership nhằm chính thức hoá và kết nối các khách sạn, doanh nghiệp nằm liền kề sân bay BWI cũng như các cơ quan liên bang tại Fort George G. Meade gần đ",high,S01,https://en.wikipedia.org/wiki/BWI_Business_District,"The District formalized and brought together hotels and businesses adjacent to the
Baltimore-Washington International Airport
, as well as federal agencies loca",
bwi,Định vị & quy hoạch,positioning,string,1,"Khu thương mại - dịch vụ cạnh sân bay của vùng National Capital Region: sân bay trung chuyển lớn giá rẻ, đồng thời là trung tâm hàng hoá hàng không với cargo campus và Foreign Trade Zone",medium,S05,https://bwiairport.com/flying-with-us/air-service-development/the-value-of-bwi-marshall/,"BWI Marshall is the National Capital Region’s “easy come, easy go” large hub airport... BWI Marshall is a proven hub for air cargo",
bwi,Định vị & quy hoạch,planning_concept,string,1,"Khu gồm hai phân khu riêng biệt: West Nursery ở phía bắc Interstate 195 và Stoney Run ở phía nam, hình thành các cụm khách sạn, công viên văn phòng và trung tâm mua sắm quanh sân bay",medium,S01,https://en.wikipedia.org/wiki/BWI_Business_District,"The district comprises two distinct areas: West Nursery to the north of
Interstate 195
and Stoney Run to the south.",
bwi,Định vị & quy hoạch,cornerstones,string_list,1,"khách sạn/lưu trú; công viên văn phòng (office parks); trung tâm mua sắm/bán lẻ; cơ quan liên bang và nhà nước (NSA Friendship Annex, Maryland Aviation Administration); đầu mối giao thông đường sắt (B",medium,S01,https://en.wikipedia.org/wiki/BWI_Business_District,"features over 11,000 hotel rooms and numerous office parks and shopping centers... The West Nursery District includes the original Hotel District, the
Friendshi",
bwi,Định vị & quy hoạch,subzones,string_list,1,West Nursery District (gồm Hotel District nguyên bản); Stoney Run District,high,S01,https://en.wikipedia.org/wiki/BWI_Business_District,"The district comprises two distinct areas: West Nursery to the north of
Interstate 195
and Stoney Run to the south.",
bwi,Chỉ số quy mô,passengers_million,float,1,27.06,high,S09,https://en.wikipedia.org/wiki/Baltimore%E2%80%93Washington_International_Airport,"In 2024, BWI ranked second in the Baltimore/Washington area with 27.06 million passengers served",
bwi,Chỉ số quy mô,cargo_million_tonnes,float,1,0.244,medium,S02,https://bwiairport.com/flying-with-us/about-bwi/facts-figures/,"2023
534.52
-4.1%
4.21
-48.4%
538.73
-5.01%",
bwi,Chỉ số quy mô,air_movements,int,1,237879,medium,S09,https://en.wikipedia.org/wiki/Baltimore%E2%80%93Washington_International_Airport,"Aircraft operations
237,879",
bwi,Chỉ số quy mô,destinations,int,1,92,medium,S02,https://bwiairport.com/flying-with-us/about-bwi/facts-figures/,"Number of International Nonstop Destinations: 17 (CY 2024)
Number of Domestic Nonstop Destinations: 75 (CY 2024)",
bwi,Chỉ số quy mô,airlines,int,1,36,high,S02,https://bwiairport.com/flying-with-us/about-bwi/facts-figures/,"Total Number of Airlines
36 including commuter, charter, and cargo airlines",
bwi,Chỉ số quy mô,transfer_pct,float,0,,,,,,Tài liệu không nêu tỷ lệ hành khách trung chuyển (transfer) tại BWI.
bwi,Chỉ số quy mô,airport_area_ha,float,1,1455.4,medium,S02,https://bwiairport.com/flying-with-us/about-bwi/facts-figures/,"Size
3,596.3 acres",
bwi,Chỉ số quy mô,employees,int,1,10000,high,S02,https://bwiairport.com/flying-with-us/about-bwi/facts-figures/,"Estimated Total Number of Badged
Employees Working at BWI
Approximately 10,000",
bwi,Chỉ số quy mô,num_companies_airport,int,0,,,,,,Tài liệu không nêu số doanh nghiệp hoạt động tại sân bay BWI.
bwi,Chỉ số quy mô,num_companies_realestate,int,0,,,,,,Tài liệu không nêu số doanh nghiệp thuê bất động sản trong BWI Business District.
bwi,Chỉ số quy mô,num_office_buildings,int,0,,,,,,Tài liệu chỉ nêu 'numerous office parks' mà không có số toà nhà văn phòng cụ thể.
bwi,Chỉ số quy mô,jobs_created,int,1,107066,high,S04,https://bwiairport.com/at-bwi/destination-thriving-communities/economic-impact/,"107,066
jobs created by airport operations.",
bwi,Đầu tư & quản trị,total_investment_usd,string,0,,,,,,"Tài liệu chỉ nêu tác động kinh tế 11,3 tỷ USD/năm và một số dự án vốn riêng lẻ (425 triệu, 135 triệu USD…), không có tổng vốn đầu tư của khu đô thị sân bay."
bwi,Đầu tư & quản trị,investor_governance,string,1,Sân bay do Maryland Aviation Administration (MAA) thuộc Maryland Department of Transportation sở hữu và vận hành; khu thương mại được lập cùng tổ chức BWI Business Partnership,high,S07,https://bwiairport.com/flying-with-us/about-bwi/about-mdot-maa/,"The Maryland Aviation Administration (MAA) is the owner and operator of
BWI Thurgood Marshall Airport
(BWI) and
Martin State Airport
(KMTN).",
bwi,Đầu tư & quản trị,gov_led_ratio_pct,float,0,,,,,,Tài liệu không nêu tỷ lệ vốn/vai trò nhà nước dưới dạng số cụ thể.
bwi,Đầu tư & quản trị,private_ratio_pct,float,0,,,,,,Tài liệu không nêu tỷ lệ vốn tư nhân dưới dạng số cụ thể.
bwi,Đầu tư & quản trị,lead_developer,string,1,BWI Business Partnership (cùng Maryland Aviation Administration – MDOT MAA với vai trò sở hữu/vận hành sân bay),medium,S01,https://en.wikipedia.org/wiki/BWI_Business_District,The BWI Business District was established in 1985 along with the BWI Business Partnership.,
bwi,Sản phẩm (CVP 1),cvp_product,string_list,1,khách sạn (hơn 11.000 phòng); công viên văn phòng (office park); trung tâm mua sắm; khu công nghệ BWI Technology Park; trụ sở cơ quan/doanh nghiệp,high,S01,https://en.wikipedia.org/wiki/BWI_Business_District,"that features over 11,000 hotel rooms and numerous office parks and shopping centers.",
bwi,Sản phẩm (CVP 1),commercial_re,string_list,1,"văn phòng (office park); khách sạn; bán lẻ / trung tâm mua sắm; giải trí (rạp chiếu phim, casino); khu công nghệ/flex – công nghiệp",medium,S01,https://en.wikipedia.org/wiki/BWI_Business_District,The BWI Business District includes retail and entertainment establishments as well.,
bwi,Sản phẩm (CVP 1),economic_zone_name,string,1,Foreign Trade Zone,medium,S05,https://bwiairport.com/flying-with-us/air-service-development/the-value-of-bwi-marshall/,"A dedicated cargo campus, complete with a Foreign Trade Zone and customs facilities, supports a robust mix of operators including FedEx, UPS, DHL, and Amazon Ai",
bwi,Sản phẩm (CVP 1),economic_zone_year,int,0,,,,,,"Tài liệu chỉ nêu sự tồn tại của Foreign Trade Zone tại cargo campus, không nêu năm thành lập."
bwi,Sản phẩm (CVP 1),residential_product_desc,string,0,,,,,,Khu định hướng thương mại – văn phòng – khách sạn; tài liệu không mô tả bất kỳ sản phẩm nhà ở nào trong khu.
bwi,Sản phẩm (CVP 1),residential_highrise_pct,float,0,,,,,,Tài liệu không có số liệu cơ cấu sản phẩm nhà ở.
bwi,Sản phẩm (CVP 1),residential_lowrise_pct,float,0,,,,,,Tài liệu không có số liệu cơ cấu sản phẩm nhà ở.
bwi,Sản phẩm (CVP 1),residential_land_pct,float,0,,,,,,Tài liệu không có số liệu cơ cấu sản phẩm nhà ở.
bwi,Sản phẩm (CVP 1),basic_amenities,string_list,1,nhà hàng/ẩm thực; bán lẻ dọc West Nursery Road; trung tâm mua sắm Airport Square Shopping Center; rạp chiếu phim Hoyts; đường mòn đi bộ/xe đạp BWI Trail,medium,S01,https://en.wikipedia.org/wiki/BWI_Business_District,The BWI Technology Park also includes eateries and retail along West Nursery Road.,
bwi,Sản phẩm (CVP 1),highlight_amenities,string_list,1,Arundel Mills; Maryland Live! Casino; National Electronics Museum; Airport Square Shopping Center,medium,S01,https://en.wikipedia.org/wiki/BWI_Business_District,Additional commercial centers include Arundel Mills and Maryland Live! Casino,
bwi,Giá (CVP 2),cvp_price,string,0,,,,,,"Tài liệu không nêu cơ chế thu tiền của khu (giá thuê, phí nhượng quyền, tiền sử dụng đất...)."
bwi,Giá (CVP 2),office_rent_eur_m2_year,object,0,,,,,,Không có dòng chào giá thuê văn phòng (Starting at/From) trong tài liệu.
bwi,Giá (CVP 2),cvp_price_note,string,0,,,,,,Không có thông tin về đơn vị hay điều kiện giá trong tài liệu.
bwi,Giá (CVP 2),price_vs_reference,string,1,BWI Marshall được nêu là sân bay có chi phí thấp nhất cho hành khách trong vùng National Capital Region,low,S05,https://bwiairport.com/flying-with-us/air-service-development/the-value-of-bwi-marshall/,"And as the lowest-cost airport for passengers in the National Capital Region, it consistently delivers value that travelers notice and airlines can build on.",
bwi,Giá (CVP 2),living_fee_usd_per_m2_month,string,0,,,,,,Tài liệu không đề cập phí quản lý/duy trì.
bwi,Giá (CVP 2),has_urban_service_fee,bool,0,,,,,,Không có bằng chứng về phí dịch vụ đô thị trong tài liệu.
bwi,Giá (CVP 2),sales_scheme,string,0,,,,,,"Tài liệu không mô tả cơ chế bán/cho thuê (B2B, đấu giá đất, thuê trước–mua sau)."
bwi,Dịch vụ (CVP 3),cvp_service,string_list,1,"hỗ trợ khởi nghiệp, mở rộng và di dời doanh nghiệp của AAEDC; tiếp cận nguồn vốn (VOLT Fund, VOLT Microloan, trái phiếu phát triển kinh tế, PACE); tư vấn chọn địa điểm và tìm kiếm bất động sản (Real E",medium,S12,https://www.aaedc.org/business/overview/business-parks-directory/,"From startups to established companies ready to expand, we provide access to funding, tools, data, and personalized guidance to help businesses succeed.",
bwi,Dịch vụ (CVP 3),airport_privilege,string,0,,,,,,"Tài liệu không nêu ưu đãi sân bay (fast track, ưu đãi vé, priority) dành riêng cho cư dân/doanh nghiệp trong khu."
bwi,Dịch vụ (CVP 3),has_airport_privilege,bool,0,,,,,,Không có bằng chứng về đặc quyền sân bay cho khu trong tài liệu.
bwi,Dịch vụ (CVP 3),smart_city,string,0,,,,,,Tài liệu không đề cập mức độ tích hợp IoT/AI/hạ tầng số của khu.
bwi,Dịch vụ (CVP 3),has_smart_city,bool,0,,,,,,Không có bằng chứng về hạ tầng đô thị thông minh trong tài liệu.
bwi,Trải nghiệm (CVP 4),cvp_experience,string_list,1,rạp chiếu phim Hoyts và cụm nhà hàng tại Airport Square Shopping Center; mua sắm tại Arundel Mills; giải trí tại Maryland Live! Casino; tham quan National Electronics Museum; đi bộ/đạp xe trên BWI Tra,medium,S01,https://en.wikipedia.org/wiki/BWI_Business_District,The BWI Business District includes retail and entertainment establishments as well.,
bwi,Trải nghiệm (CVP 4),experience_desc,string,1,"Khu có các cơ sở bán lẻ và giải trí: tại West Nursery District, Airport Square Shopping Center có rạp chiếu phim Hoyts cùng nhiều nhà hàng; BWI Technology Park cũng có hàng ăn và bán lẻ dọc West Nurse",medium,S01,https://en.wikipedia.org/wiki/BWI_Business_District,"In the West Nursery District, Airport Square Shopping Center features a Hoyts movie theater along with a number of restaurants.",
bwi,Thuận tiện (CVP 5),cvp_convenience,string_list,1,"ga đường sắt liên tỉnh BWI Rail Station (Amtrak/MARC) nằm trong khu; ga tàu điện nhẹ BWI Business District station của Baltimore Light RailLink; tuyến bus MTA Route 17 và 99, RTA 501; xe shuttle BWI B",high,S01,https://en.wikipedia.org/wiki/BWI_Business_District,"The Maryland Transit Administration provides Light RailLink service at the BWI Business District station on Elkridge Landing Road, along with bus service on Rou",
bwi,Thuận tiện (CVP 5),connectivity_desc,string,1,"BWI Marshall có kết nối đường sắt trực tiếp tới Baltimore, Washington D.C., Philadelphia và New York City – lợi thế kết nối mà rất ít sân bay tại Mỹ có được; khu cũng dễ tiếp cận bằng tàu, ô tô và các",high,S05,https://bwiairport.com/flying-with-us/air-service-development/the-value-of-bwi-marshall/,"BWI Marshall offers direct rail access to Baltimore, Washington D.C., Philadelphia, and New York City, a connectivity advantage that few airports in the country",
bwi,Thuận tiện (CVP 5),connection_modes,string_list,1,"đường sắt liên tỉnh (Amtrak Northeast Corridor); đường sắt vùng/ngoại ô (MARC Penn Line); tàu điện nhẹ (Baltimore Light RailLink); xe buýt (MTA Bus 17, MTA Bus 99, RTA 501/Silver); xe shuttle (BWI Bus",high,S14,https://en.wikipedia.org/wiki/BWI_Business_District_station,"MTA Bus 17
MTA Bus 99
RTA 501/Silver
BWI Business Partnership LINK Shuttle
UMBC-BWI Line
Baltimore & Annapolis Trail
BWI Trail",
bwi,Thuận tiện (CVP 5),metro_lines,int,1,1,medium,S14,https://en.wikipedia.org/wiki/BWI_Business_District_station,"BWI Business District station
is a
Baltimore Light Rail
station in the
BWI Business District
, north of the
Baltimore-Washington International Airport",
bwi,Thuận tiện (CVP 5),rail_connections,string_list,1,Amtrak Northeast Corridor; MARC Penn Line; Baltimore Light RailLink,high,S15,https://en.wikipedia.org/wiki/BWI_Rail_Station,"Northeast Corridor
intercity trains,
MARC
Penn Line
regional rail
trains, and several local bus lines.",
bwi,Thương hiệu (CVP 6),cvp_brand,string_list,1,BWI Business Partnership; Maryland Aviation Administration (MDOT MAA); Maryland Department of Transportation; Anne Arundel County / AAEDC,medium,S01,https://en.wikipedia.org/wiki/BWI_Business_District,The BWI Business District was established in 1985 along with the BWI Business Partnership.,
bwi,Thương hiệu (CVP 6),brand_desc,string,1,Thương hiệu khu gắn với vị trí liền kề sân bay BWI: khu được chính thức hoá năm 1985 cùng BWI Business Partnership nhằm quy tụ các khách sạn và doanh nghiệp cạnh sân bay Baltimore-Washington Internati,medium,S01,https://en.wikipedia.org/wiki/BWI_Business_District,"The District formalized and brought together hotels and businesses adjacent to the
Baltimore-Washington International Airport
, as well as federal agencies loca",
bwi,Thương hiệu (CVP 6),brand_partners,string_list,1,Allegis Group; American Urological Association; Booz Allen Hamilton; Ciena; Coca-Cola; International Organization of Masters Mates & Pilots; National Security Agency (Friendship Annex); Maryland Aviat,high,S01,https://en.wikipedia.org/wiki/BWI_Business_District,"Allegis Group
American Urological Association
Booz Allen Hamilton
Ciena
Coca-Cola
International Organization of Masters Mates & Pilots",
bwi,Tầm nhìn & bền vững,vision_label,string,1,MAA Vision,medium,S07,https://bwiairport.com/flying-with-us/about-bwi/about-mdot-maa/,"MAA Vision
Be a trusted gateway where travel is effortless, communities thrive, and every journey feels close to home.",
bwi,Tầm nhìn & bền vững,vision_qualities,string_list,1,"cửa ngõ đáng tin cậy; di chuyển dễ dàng, liền mạch; cộng đồng thịnh vượng; mỗi hành trình đều thân thuộc như trở về nhà; tạo giá trị bền vững cho các bên liên quan",high,S07,https://bwiairport.com/flying-with-us/about-bwi/about-mdot-maa/,"Be a trusted gateway where travel is effortless, communities thrive, and every journey feels close to home.",
bwi,Tầm nhìn & bền vững,aviation_policy,string,1,"Plan2040 – Quy hoạch phát triển tổng thể toàn hạt Anne Arundel, được cụ thể hoá bằng các Region Plan; khu BWI thuộc Region 1 (gồm Linthicum Heights, Brooklyn Park, BWI Airport, Curtis Bay, Ferndale và",medium,S10,https://www.aacounty.org/planning-and-zoning/community-planning/region-planning,"Region 1 includes the north County communities of Linthicum Heights, Brooklyn Park, BWI Airport, Curtis Bay, Ferndale, and parts of Hanover and Harmans.",
bwi,Tầm nhìn & bền vững,sustainability,string_list,1,"48,6% danh mục năng lượng đến từ nguồn không phát thải carbon, gồm hệ pin mặt trời 500 kW trên Daily Garage; 27 trạm sạc xe điện (15 sạc nhanh, 12 Level 2), đã bù trừ hơn 800 tấn CO2; thu gom hơn 100 ",high,S06,https://bwiairport.com/at-bwi/destination-thriving-communities/our-environment/,48.6% of BWI Thurgood Marshall Airport’s energy portfolio comes from carbon-free sources including a 500 kW solar panel array on our Daily Garage.,
bwi,Khu chức năng chuyên biệt,logistics_park_name,string,1,Midfield Cargo Complex / Air Cargo Center (có Foreign Trade Zone),medium,S02,https://bwiairport.com/flying-with-us/about-bwi/facts-figures/,"395,000-square-foot Air Cargo Center includes a 60,000-square-foot cargo building in the Midfield Cargo Complex; Foreign Trade Zone; 17-acre air cargo ramp",
bwi,Khu chức năng chuyên biệt,logistics_park_ha,float,1,3.67,low,S02,https://bwiairport.com/flying-with-us/about-bwi/facts-figures/,"395,000-square-foot Air Cargo Center includes a 60,000-square-foot cargo building in the Midfield Cargo Complex",
bwi,Khu chức năng chuyên biệt,trade_park_name,string,0,,,,,,"Tài liệu không nêu tên riêng của một khu thương mại/business park cụ thể thuộc khu đô thị sân bay (chỉ nhắc chung 'BWI Technology Park', 'Airport Square Shopping Center' mà không xác định là trade park)."
bwi,Khu chức năng chuyên biệt,trade_park_ha,float,0,,,,,,Tài liệu không nêu diện tích của khu thương mại/business park.
changi,Định danh,case_name,string,1,Singapore Changi Aerotropolis,medium,baseline,,,
changi,Định danh,aerotropolis,string,1,Changi Airport City / Changi East,medium,baseline,,,
changi,Định danh,country,string,1,Singapore,high,S09,https://en.wikipedia.org/wiki/Singapore_Changi_Airport,"The airport is managed by the Changi Airport Group, a corporate entity owned by the
Singapore Government",
changi,Định danh,is_target,bool,1,False,medium,baseline,,,
changi,Định danh,airport_name,string,1,Singapore Changi Airport,high,S02,https://www.changiairport.com/en/corporate/our-media-hub/newsroom/2026/fact-sheet-changi-airport.html,"Since Singapore Changi Airport officially began commercial operations in 1981, its history has been marked by steady expansion",
changi,Định danh,reference_city,string,1,Singapore,high,S11,https://en.wikipedia.org/wiki/Jewel_Changi_Airport,"The complex and airport are located in
Changi
, at the eastern end of Singapore",
changi,Định danh,official_website,string,1,https://www.changiairport.com,high,S01,https://www.changiairport.com/en/corporate.html,url: https://www.changiairport.com/en/corporate.html,
changi,Vị trí & lịch sử,location_desc,string,1,"Nằm tại Changi, đầu phía đông đảo Singapore; khu Changi East và Changi East Urban District (CEUD) nằm ngay cạnh Terminal 5, kề sân bay Changi và các phân khu Changi Business Park, Changi Airfreight Ce",medium,S11,https://en.wikipedia.org/wiki/Jewel_Changi_Airport,"The complex and airport are located in
Changi
, at the eastern end of Singapore, approximately",
changi,Vị trí & lịch sử,distance_to_city_km,float,0,,,,,,Tài liệu không nêu con số khoảng cách từ khu đô thị/sân bay tới trung tâm Singapore (câu ở [S11] bị cắt sau chữ 'approximately').
changi,Vị trí & lịch sử,area_km2,float,1,10.8,medium,S07,https://www.changiairport.com/en/corporate/our-media-hub/newsroom/2025/fact-sheet-changi-airport-terminal-5.html,"T5 will be located within the 1,080-hectare Changi East development that is almost as big as the land area of today’s Changi Airport.",
changi,Vị trí & lịch sử,airport_build_period,string,1,1975-nay,medium,baseline,,,
changi,Vị trí & lịch sử,urban_build_period,string,1,1997-nay,medium,S12,https://en.wikipedia.org/wiki/Changi_Business_Park,"Launched in July 1997, the 66-hectare or Changi Business Park is JTC Corporation's second business park",
changi,Vị trí & lịch sử,founded_year,int,1,1981,high,S02,https://www.changiairport.com/en/corporate/our-media-hub/newsroom/2026/fact-sheet-changi-airport.html,"Changi Airport began its commercial operations in July 1981, with the opening of Terminal 1.",
changi,Vị trí & lịch sử,development_context,string,1,"Lưu lượng hành khách tại Changi được dự báo tăng 3–4% mỗi năm trong 20 năm tới, công suất hiện hữu sẽ đạt giới hạn vào cuối thập niên 2020; dự án Changi East là lời đáp cho tăng trưởng này nhằm giữ lợ",high,S05,https://www.changiairport.com/en/corporate/about-us/the-changi-airport-story/our-story.html,"Passenger traffic at Changi Airport is expected to grow by 3–4% every year for the next 20 years. At this rate, current airport capacity will be reached by the ",
changi,Định vị & quy hoạch,positioning,string,1,Trung tâm hàng không (air hub) hàng đầu khu vực gắn với khu đô thị sân bay: Changi East Urban District là điểm đến kinh doanh và lifestyle sôi động,medium,S07,https://www.changiairport.com/en/corporate/our-media-hub/newsroom/2025/fact-sheet-changi-airport-terminal-5.html,the additional capacity from T5 will strengthen Changi Airport’s position as a leading air hub for the region and beyond,
changi,Định vị & quy hoạch,planning_concept,string,1,"Phát triển Changi East rộng 1.080 ha quanh Terminal 5 xây theo từng giai đoạn (modular), kết nối đa phương thức hàng không – đường bộ – đường biển, cùng Changi East Urban District (CEUD) ngay cửa ngõ ",medium,S07,https://www.changiairport.com/en/corporate/our-media-hub/newsroom/2025/fact-sheet-changi-airport-terminal-5.html,"Located at the doorstep of T5, the Changi East Urban District (CEUD) will serve as a vibrant business and lifestyle destination, providing new spaces for Singap",
changi,Định vị & quy hoạch,cornerstones,string_list,1,Phát triển air hub (Air Hub Development); Vận hành và quản lý sân bay; Quản lý bán lẻ (Retail Management); Hệ thống & công nghệ (Systems & Technology); Phát triển hàng hoá/cargo,medium,S01,https://www.changiairport.com/en/corporate.html,"What We Do
Air Hub Development ... We manage the operational needs of Changi and Seletar Airports. ... Retail Management ... Systems & Technology",
changi,Định vị & quy hoạch,subzones,string_list,1,Changi East; Terminal 5; Changi East Urban District (CEUD); Jewel Changi Airport; Changi Business Park; Changi Airfreight Centre; Airport Logistics Park of Singapore (ALPS); Changi North Industrial Pa,medium,S10,https://en.wikipedia.org/wiki/Changi_East,"The Changi Airfreight Centre (formerly known as Airport Cargo Complex) and the
Airport Logistics Park
(ALPS) Terminal are two main facilities",
changi,Chỉ số quy mô,passengers_million,float,1,69.98,high,S02,https://www.changiairport.com/en/corporate/our-media-hub/newsroom/2026/fact-sheet-changi-airport.html,"Changi Airport served 69.98 million passengers and handled 374,000 aircraft movements in 2025",
changi,Chỉ số quy mô,cargo_million_tonnes,float,1,2.08,high,S02,https://www.changiairport.com/en/corporate/our-media-hub/newsroom/2026/fact-sheet-changi-airport.html,Changi Airport handled 2.08 million tonnes of cargo in 2025.,
changi,Chỉ số quy mô,air_movements,int,1,374000,high,S02,https://www.changiairport.com/en/corporate/our-media-hub/newsroom/2026/fact-sheet-changi-airport.html,"Changi Airport served 69.98 million passengers and handled 374,000 aircraft movements in 2025",
changi,Chỉ số quy mô,destinations,int,1,170,high,S02,https://www.changiairport.com/en/corporate/our-media-hub/newsroom/2026/fact-sheet-changi-airport.html,"100 airlines operate out of Changi Airport, serving about 170 destinations across close to 50 countries.",
changi,Chỉ số quy mô,airlines,int,1,100,high,S02,https://www.changiairport.com/en/corporate/our-media-hub/newsroom/2026/fact-sheet-changi-airport.html,"100 airlines operate out of Changi Airport, serving about 170 destinations across close to 50 countries.",
changi,Chỉ số quy mô,transfer_pct,float,0,,,,,,Tài liệu không nêu tỷ lệ hành khách transfer.
changi,Chỉ số quy mô,airport_area_ha,float,1,1200.0,high,S02,https://www.changiairport.com/en/corporate/our-media-hub/newsroom/2026/fact-sheet-changi-airport.html,"Changi Airport sits on over 1,200 hectares of land, including 870 hectares that were reclaimed from the sea.",
changi,Chỉ số quy mô,employees,int,1,60000,high,S02,https://www.changiairport.com/en/corporate/our-media-hub/newsroom/2026/fact-sheet-changi-airport.html,"The Changi Airport community comprises 60,000 staff working across the terminals and airside.",
changi,Chỉ số quy mô,num_companies_airport,int,0,,,,,,Tài liệu không nêu số doanh nghiệp hoạt động tại sân bay.
changi,Chỉ số quy mô,num_companies_realestate,int,0,,,,,,Tài liệu không nêu số doanh nghiệp thuê bất động sản trong khu.
changi,Chỉ số quy mô,num_office_buildings,int,0,,,,,,Tài liệu không nêu tổng số toà nhà văn phòng trong khu.
changi,Chỉ số quy mô,jobs_created,int,0,,,,,,Tài liệu chỉ nói T5 sẽ 'create quality jobs for Singaporeans' mà không có số việc làm cụ thể.
changi,Đầu tư & quản trị,total_investment_usd,string,0,,,,,,"Tài liệu không nêu tổng mức đầu tư của khu đô thị sân bay; chỉ có chi phí lẻ như Jewel S$1,7 tỷ và hợp đồng hầm S$321,7 triệu, không phải tổng đầu tư."
changi,Đầu tư & quản trị,investor_governance,string,1,"Sân bay Changi được doanh nghiệp hoá tháng 7/2009 và từ đó do Changi Airport Group (CAG) vận hành; CAG là pháp nhân thuộc sở hữu Chính phủ Singapore, do Bộ Tài chính (Ministry of Finance) nắm giữ. Dự ",high,S02,https://www.changiairport.com/en/corporate/our-media-hub/newsroom/2026/fact-sheet-changi-airport.html,Changi Airport was corporatised in July 2009 and has since been operated by Changi Airport Group (CAG).,
changi,Đầu tư & quản trị,gov_led_ratio_pct,float,0,,,,,,Tài liệu không nêu tỷ lệ vốn/vai trò nhà nước bằng con số cụ thể.
changi,Đầu tư & quản trị,private_ratio_pct,float,0,,,,,,Tài liệu không nêu tỷ lệ vốn tư nhân bằng con số cụ thể.
changi,Đầu tư & quản trị,lead_developer,string,1,Changi Airport Group (CAG),high,S02,https://www.changiairport.com/en/corporate/our-media-hub/newsroom/2026/fact-sheet-changi-airport.html,Changi Airport was corporatised in July 2009 and has since been operated by Changi Airport Group (CAG).,
changi,Sản phẩm (CVP 1),cvp_product,string_list,1,bán lẻ; ẩm thực/F&B; văn phòng (dự án văn phòng mới tại Terminal 3); business park (không gian business park cho thuê tại Changi Business Park); khách sạn; hàng hoá hàng không/cargo; logistics/kho vận,medium,S01,https://www.changiairport.com/en/corporate.html,"Leasing Opportunities
Find out how we can help your business reach international audiences.
Advertising Opportunities
Showcase your brand at the world’s most aw",
changi,Sản phẩm (CVP 1),commercial_re,string_list,1,bán lẻ; ẩm thực/F&B; văn phòng; business park; khách sạn; trung tâm thương mại (mall); cargo/hàng hoá hàng không; logistics/kho vận; trung tâm hội chợ triển lãm (Singapore Expo),medium,S12,https://en.wikipedia.org/wiki/Changi_Business_Park,"Completed in 2012, a large area of 71.07-hectare Changi Business Park would open as a mixed-use development project. Comprising a retail shopping mall, office b",
changi,Sản phẩm (CVP 1),economic_zone_name,string,0,,,,,,"Tài liệu chỉ nhắc tới Changi Business Park, Changi Airfreight Centre, Airport Logistics Park, Changi East Industrial Zone – không nêu tên một khu kinh tế đặc biệt/đặc khu gắn với khu đô thị sân bay."
changi,Sản phẩm (CVP 1),economic_zone_year,int,0,,,,,,Không có đặc khu kinh tế nào được nêu tên nên không có năm thành lập.
changi,Sản phẩm (CVP 1),residential_product_desc,string,0,,,,,,"Tài liệu không mô tả sản phẩm nhà ở; chỉ đề cập khách sạn/lưu trú ngắn ngày (YOTELAIR, Crowne Plaza, Park Avenue Hotels & Suites) phục vụ khách bay, đây là khu thiên về business/aviation."
changi,Sản phẩm (CVP 1),residential_highrise_pct,float,0,,,,,,Nguồn không nêu bất kỳ tỷ lệ cơ cấu sản phẩm nhà ở nào.
changi,Sản phẩm (CVP 1),residential_lowrise_pct,float,0,,,,,,Nguồn không nêu bất kỳ tỷ lệ cơ cấu sản phẩm nhà ở nào.
changi,Sản phẩm (CVP 1),residential_land_pct,float,0,,,,,,Nguồn không nêu bất kỳ tỷ lệ cơ cấu sản phẩm nhà ở nào.
changi,Sản phẩm (CVP 1),basic_amenities,string_list,1,"bán lẻ; ẩm thực/F&B; vườn/mảng xanh trong nhà (Forest Valley); phòng chờ (Changi Lounge); siêu thị (NTUC FairPrice); khách sạn; tuyến đi bộ/đạp xe (Changi Airport Connector); công viên (Canopy Park, C",medium,S02,https://www.changiairport.com/en/corporate/our-media-hub/newsroom/2026/fact-sheet-changi-airport.html,Changi Airport has around 300 retail and 140 food and beverage outlets in the transit and public areas across its terminals,
changi,Sản phẩm (CVP 1),highlight_amenities,string_list,1,Rain Vortex (thác nước trong nhà cao 40m); Forest Valley; Canopy Park; Jewel Changi Airport; Kinetic Rain; Changi Airport Connector & Jurassic Mile; Singapore Expo; Garden of Harmony,high,S08,https://www.changiairport.com/en/corporate/our-media-hub/newsroom/2026/jewel-changi-airport-fact-sheet.html,At the heart of the complex stands the breathtaking 40m-high Rain Vortex and the world’s tallest indoor waterfall.,
changi,Giá (CVP 2),cvp_price,string,1,"Thu tiền chủ yếu qua cho thuê mặt bằng (leasing) và nhượng quyền thương mại (concession) trong nhà ga, cho thuê bảng quảng cáo, cùng cho thuê không gian business park/thuê đất công nghiệp từ JTC theo ",medium,S13,https://www.jtc.gov.sg/find-space/changi-business-park,"Total Monthly Rent
From $35 per sqm/mth",
changi,Giá (CVP 2),office_rent_eur_m2_year,object,0,,,,,,"Nguồn chỉ nêu giá thuê business park ""From $35 per sqm/mth"" bằng đô la Singapore (đã gồm GST), không có tỷ giá quy đổi sang EUR trong tài liệu nên không thể quy đổi."
changi,Giá (CVP 2),cvp_price_note,string,1,"Giá thuê không gian business park tại 15 Changi Business Park Central 1 niêm yết theo tháng, từ 35 $/m²/tháng, diện tích sàn 110 – 1.113,58 m²; mọi mức giá đã bao gồm GST.",high,S13,https://www.jtc.gov.sg/find-space/changi-business-park,"Total Monthly Rent
From $35 per sqm/mth
Unit Floor Size
110 - 1,113.58 sqm
Availability
Enquire about availability
All rates quoted are inclusive of GST.",
changi,Giá (CVP 2),price_vs_reference,string,0,,,,,,Tài liệu không so sánh mặt bằng giá của khu với thành phố tham chiếu nào.
changi,Giá (CVP 2),living_fee_usd_per_m2_month,string,0,,,,,,Không có thông tin về phí quản lý/duy trì tính theo USD/m²/tháng trong tài liệu.
changi,Giá (CVP 2),has_urban_service_fee,bool,0,,,,,,Không có bằng chứng về phí dịch vụ đô thị trong tài liệu.
changi,Giá (CVP 2),sales_scheme,string,1,"Mô hình B2B: cho thuê mặt bằng bán lẻ/quảng cáo và hợp tác nhượng quyền với đối tác (leasing, advertising, đầu tư vào thương hiệu Changi); nhà đầu tư có thể thuê đất từ JTC Corporation để tự xây dựng ",medium,S12,https://en.wikipedia.org/wiki/Changi_Business_Park,Investors can lease land sites from JTC Corporation to construct their facilities.,
changi,Dịch vụ (CVP 3),cvp_service,string_list,1,dịch vụ trung chuyển/transit; phòng chờ trả phí (Changi Lounge); làm thủ tục sớm & bag-drop tự động (Jewel Early Check-in Lounge); gửi hành lý 24/7 (baggage storage); xe lăn tự hành hỗ trợ hành khách ,medium,S08,https://www.changiairport.com/en/corporate/our-media-hub/newsroom/2026/jewel-changi-airport-fact-sheet.html,"The Jewel Early Check-in Lounge has both manned check-in counters and automated kiosks, as well as automated bag-drop machines.",
changi,Dịch vụ (CVP 3),airport_privilege,string,1,"Không có ưu đãi riêng cho cư dân/doanh nghiệp trong khu; các tiện ích như phòng chờ Changi Lounge, gửi hành lý, check-in sớm tại Jewel đều là dịch vụ trả phí mở cho mọi hành khách, còn Changi Rewards ",low,S08,https://www.changiairport.com/en/corporate/our-media-hub/newsroom/2026/jewel-changi-airport-fact-sheet.html,"The pay-per-use Changi Lounge offers a comfortable environment to rest, relax or work.",
changi,Dịch vụ (CVP 3),has_airport_privilege,bool,1,False,low,S08,https://www.changiairport.com/en/corporate/our-media-hub/newsroom/2026/jewel-changi-airport-fact-sheet.html,"The baggage storage service lets travellers explore Jewel luggage-free, enhancing convenience and comfort. Available 24 hours a day, this paid service ensures v",
changi,Dịch vụ (CVP 3),smart_city,string,1,"Số hoá tập trung vào vận hành sân bay và trải nghiệm khách: hơn 360 cổng tự động (automated gates) tại khu đi/đến, cổng vệ tinh đầu tiên cho khai thác chuyến bay từ xa, xe lăn tự hành, ứng dụng iChang",medium,S02,https://www.changiairport.com/en/corporate/our-media-hub/newsroom/2026/fact-sheet-changi-airport.html,"The airport has over 360 automated gates at Departure and Arrival that are accessible to all travellers, including 64 Special Assistance Lanes (SALs)",
changi,Dịch vụ (CVP 3),has_smart_city,bool,1,True,medium,S05,https://www.changiairport.com/en/corporate/about-us/the-changi-airport-story/our-story.html,"The iChangi HD app is launched to provide passengers with real-time access to flight details, terminal maps, and information about airport offerings.",
changi,Trải nghiệm (CVP 4),cvp_experience,string_list,1,Rain Vortex và Light & Music Showcase; Forest Valley với hai đường mòn thiên nhiên; Canopy Park (vườn và tiện ích giải trí trên tầng thượng); Changi Experience Studio (trò chơi tương tác về nghề sân b,high,S08,https://www.changiairport.com/en/corporate/our-media-hub/newsroom/2026/jewel-changi-airport-fact-sheet.html,"One of Jewel’s centrepiece attractions is the Forest Valley, a four-storey indoor landscape filled with thousands of trees and plants. Two nature trails wind th",
changi,Trải nghiệm (CVP 4),experience_desc,string,1,"Jewel Changi Airport đón hơn 80 triệu lượt khách mỗi năm với tổ hợp điểm đến đa chiều gồm thác Rain Vortex biến thành show ánh sáng – âm nhạc mỗi tối, Forest Valley, Canopy Park, trải nghiệm tương tác",medium,S01,https://www.changiairport.com/en/corporate.html,"Changi Airport kicks off the 2026 football celebrations with new film, free match screenings, and airport-wide activities",
changi,Thuận tiện (CVP 5),cvp_convenience,string_list,1,"khoảng 100 hãng bay khai thác hơn 7.300 chuyến/tuần, nối Singapore tới hơn 170 thành phố ở 50 quốc gia và vùng lãnh thổ; trung tâm giao thông mặt đất trong nhà ga T5 kết nối tàu, xe buýt, taxi; hệ thố",high,S03,https://www.changiairport.com/en/corporate/our-media-hub/newsroom/2026/2025-operating-indicators.html,"As of January 2026, some 100 airlines operate more than 7,300 weekly scheduled flights at Changi Airport, connecting Singapore to over 170 cities in 50 countrie",
changi,Thuận tiện (CVP 5),connectivity_desc,string,1,"Changi là một trong những trung tâm hàng không kết nối nhất châu Á, nối Singapore trực tiếp tới khoảng 170 thành phố toàn cầu với gần 100 hãng bay và hơn 7.300 chuyến/tuần; đây là sân bay quốc tế bận ",high,S07,https://www.changiairport.com/en/corporate/our-media-hub/newsroom/2025/fact-sheet-changi-airport-terminal-5.html,"Changi Airport is the fourth busiest international air hub in the world, and one of the most connected gateways to the region.",
changi,Thuận tiện (CVP 5),connection_modes,string_list,1,"hàng không; MRT/metro; xe buýt (công cộng, xuyên biên giới và shuttle miễn phí); taxi; cao tốc (Pan Island Expressway, East Coast Parkway, Changi Southern Corridor); phà (Tanah Merah Ferry Terminal, C",high,S07,https://www.changiairport.com/en/corporate/our-media-hub/newsroom/2025/fact-sheet-changi-airport-terminal-5.html,"It connects via MRT, buses, taxis, new Southern Corridor roads, and air-sea transfers at Tanah Merah Ferry Terminal.",
changi,Thuận tiện (CVP 5),metro_lines,int,1,2,medium,S14,https://en.wikipedia.org/wiki/Changi_Airport_MRT_station,"Line
East–West Line
(until mid-2030s)
Thomson–East Coast Line",
changi,Thuận tiện (CVP 5),rail_connections,string_list,1,"East–West Line (nhánh tàu con thoi Tanah Merah – Changi Airport, ga Changi Airport nối trực tiếp T2 và T3); Thomson–East Coast Line kéo dài tới Terminal 5, nối thẳng vào trung tâm thành phố và lên phí",high,S07,https://www.changiairport.com/en/corporate/our-media-hub/newsroom/2025/fact-sheet-changi-airport-terminal-5.html,"Thomson-East Coast Line will be extended to Terminal 5 to connect it directly to the city centre, and further northwards to the Johor Bahru-Singapore Rapid Tran",
changi,Thương hiệu (CVP 6),cvp_brand,string_list,1,Changi Airport Group (CAG); Jewel Changi Airport Trustee Pte Ltd; CapitaLand; JTC Corporation; Ministry of Transport (MOT); Civil Aviation Authority of Singapore (CAAS),high,S07,https://www.changiairport.com/en/corporate/our-media-hub/newsroom/2025/fact-sheet-changi-airport-terminal-5.html,"First announced in 2013, Changi Airport’s T5 is a project undertaken by the Ministry of Transport (MOT), the Civil Aviation Authority of Singapore (CAAS) and Ch",
changi,Thương hiệu (CVP 6),brand_desc,string,1,"Thương hiệu được xây trên định vị ""sân bay được vinh danh nhiều nhất thế giới"" với hơn 700 giải thưởng, trong đó 14 lần đoạt danh hiệu World's Best Airport của Skytrax, giải ASQ của Airports Council I",high,S02,https://www.changiairport.com/en/corporate/our-media-hub/newsroom/2026/fact-sheet-changi-airport.html,Changi Airport is the world’s most awarded airport with over 700 accolades. This includes 14 ‘World’s Best Airport’ awards from the Skytrax World Airports Award,
changi,Thương hiệu (CVP 6),brand_partners,string_list,1,CapitaLand; Moshe Safdie; RSP Architects Planners & Engineers; Buro Happold Engineering; Lighting Planners Associates; Obayashi Corporation; YOTELAIR / Yotel; Crowne Plaza; Apple Store; adidas; Nike; ,medium,S08,https://www.changiairport.com/en/corporate/our-media-hub/newsroom/2026/jewel-changi-airport-fact-sheet.html,"Jewel was designed by a consortium led by world-renowned architect Moshe Safdie, with consortium partners RSP Architects Planners & Engineers, Buro Happold Engi",
changi,Tầm nhìn & bền vững,vision_label,string,1,Changi East,medium,S05,https://www.changiairport.com/en/corporate/about-us/the-changi-airport-story/our-story.html,The Changi East development is a response to this expected growth. It’s a bold strategy to maintain Changi Airport’s and Singapore’s competitive edge for the lo,
changi,Tầm nhìn & bền vững,vision_qualities,string_list,1,duy trì vị thế đầu mối hàng không hàng đầu khu vực và thế giới; kết nối đa phương thức hàng không – đường bộ – đường biển; xanh và bền vững (Green Mark Platinum Super Low Energy); khả năng chống chịu ,medium,S07,https://www.changiairport.com/en/corporate/our-media-hub/newsroom/2025/fact-sheet-changi-airport-terminal-5.html,"the additional capacity from T5 will strengthen Changi Airport’s position as a leading air hub for the region and beyond, and will ensure that future generation",
changi,Tầm nhìn & bền vững,aviation_policy,string,1,"Không có văn bản chính sách riêng được nêu tên; phát triển do Ministry of Transport (MOT), Civil Aviation Authority of Singapore (CAAS) và Changi Airport Group (CAG) cùng chủ trì, với dự án Changi Eas",low,S05,https://www.changiairport.com/en/corporate/about-us/the-changi-airport-story/our-story.html,"On 1 July 2009, Changi Airport is corporatised and Changi Airport Group (CAG) is formed. The Company’s immediate and ultimate holding entity is the Minister for",
changi,Tầm nhìn & bền vững,sustainability,string_list,1,Green Mark Platinum Super Low Energy Building cho Terminal 5; một trong những hệ thống điện mặt trời áp mái lớn nhất Singapore (đủ điện cho khoảng 20.000 căn hộ HDB 4 phòng/năm); Distributed District ,high,S07,https://www.changiairport.com/en/corporate/our-media-hub/newsroom/2025/fact-sheet-changi-airport-terminal-5.html,"T5 will be a Green Mark Platinum Super Low Energy Building and have one of the largest rooftop solar systems in Singapore, with the potential to generate enough",
changi,Khu chức năng chuyên biệt,logistics_park_name,string,1,Airport Logistics Park of Singapore (ALPS),medium,S10,https://en.wikipedia.org/wiki/Changi_East,"The Changi Airfreight Centre (formerly known as Airport Cargo Complex) and the
Airport Logistics Park
(ALPS) Terminal are two main facilities that handle the ai",
changi,Khu chức năng chuyên biệt,logistics_park_ha,float,0,,,,,,Tài liệu không nêu diện tích của Airport Logistics Park (ALPS).
changi,Khu chức năng chuyên biệt,trade_park_name,string,1,Changi Business Park,medium,S12,https://en.wikipedia.org/wiki/Changi_Business_Park,"Launched in July 1997, the 66-hectare or Changi Business Park is JTC Corporation's second business park following the
International Business Park",
changi,Khu chức năng chuyên biệt,trade_park_ha,float,1,71.07,high,S12,https://en.wikipedia.org/wiki/Changi_Business_Park,"Completed in 2012, a large area of 71.07-hectare Changi Business Park would open as a
mixed-use development",
charlotte_area,Định danh,case_name,string,1,Charlotte Airport Area (CLT Destination District),medium,S02,https://www.cltairport.com/business/commercial-development/strategic-plan/,Airport Area Strategic Development Plan (AASDP),
charlotte_area,Định danh,aerotropolis,string,1,CLT Airport Area Strategic Development Plan (AASDP) / CLT Destination District – Project AMP,high,S02,https://www.cltairport.com/business/commercial-development/strategic-plan/,"Project AMP-Airport Area Plan
Charlotte Douglas International Airport officials launched Project AMP in 2015, an economic development plan that was more than 15",
charlotte_area,Định danh,country,string,1,Hoa Kỳ,medium,S13,https://stvinc.com/project/charlotte-intermodal-facility/,"Client
Norfolk Southern
Location
Charlotte, North Carolina",
charlotte_area,Định danh,is_target,bool,1,False,medium,baseline,,,
charlotte_area,Định danh,airport_name,string,1,Charlotte Douglas International Airport (CLT),high,S01,https://www.cltairport.com/airport-info/about-clt/,Charlotte Douglas International Airport (CLT) is among the world’s busiest airports.,
charlotte_area,Định danh,reference_city,string,1,Charlotte,high,S09,https://charlotteregion.com/do-business-here/regional-connectivity/airport-fast-facts/,CLT is located only 15 minutes from the center of Uptown on the west side of Charlotte,
charlotte_area,Định danh,official_website,string,1,https://www.cltairport.com,high,S07,https://assets.ctfassets.net/jaw4bomip9l3/3LHpLbBwFXYB5M0HrDCtlk/746ab61e2eb1c6dcda2957fddc3a4f49/CLT_2024_Fast_facts_42024.pdf,cltairport.com,
charlotte_area,Vị trí & lịch sử,location_desc,string,1,"Nằm ở phía tây Charlotte, quanh sân bay CLT — cách trung tâm Uptown khoảng 15 phút chạy xe; CLT Destination District trải dọc Wilkinson Boulevard ở cửa ngõ sân bay, còn The River District nằm ngay phí",medium,S09,https://charlotteregion.com/do-business-here/regional-connectivity/airport-fast-facts/,CLT is located only 15 minutes from the center of Uptown on the west side of Charlotte and has been ranked one of the most convenient large airports in the coun,
charlotte_area,Vị trí & lịch sử,distance_to_city_km,float,0,,,,,,"Tài liệu chỉ nêu thời gian di chuyển (15 phút tới Uptown) và câu trích Wikipedia bị mất số km, không có con số khoảng cách theo km."
charlotte_area,Vị trí & lịch sử,area_km2,float,1,24.28,medium,S02,https://www.cltairport.com/business/commercial-development/strategic-plan/,"data to the available 6,000 acres of land that surrounds the Airport. This land borders CLT and contains a number of major highways and the Norfolk Southern Int",
charlotte_area,Vị trí & lịch sử,airport_build_period,string,1,1936-nay,medium,S15,https://en.wikipedia.org/wiki/Charlotte_Douglas_International_Airport,"In 1936,
Charlotte Municipal Airport
opened, operated by the City of Charlotte;",
charlotte_area,Vị trí & lịch sử,urban_build_period,string,1,2015-nay,medium,S02,https://www.cltairport.com/business/commercial-development/strategic-plan/,"Charlotte Douglas International Airport officials launched Project AMP in 2015, an economic development plan that was more than 15 years in the making.",
charlotte_area,Vị trí & lịch sử,founded_year,int,1,1936,high,S15,https://en.wikipedia.org/wiki/Charlotte_Douglas_International_Airport,"In 1936,
Charlotte Municipal Airport
opened, operated by the City of Charlotte;",
charlotte_area,Vị trí & lịch sử,development_context,string,1,"Cục Hàng không Liên bang (FAA) yêu cầu CLT phải tự chủ tài chính và bắt buộc đưa quỹ đất phi hàng không vào khai thác sinh lợi; khi COVID-19 làm giảm chuyến bay, lượng khách và doanh thu năm 2020, ngu",high,S03,https://www.cltairport.com/news/stories/item/destination-district-changing-west-charlotte-landscape/,The Federal Aviation Administration (FAA) requires CLT to be financially self-sustainable. The Airport also is mandated to put non-aeronautical land into produc,
charlotte_area,Định vị & quy hoạch,positioning,string,1,"Định vị kinh tế chiến lược quanh sân bay: thu hút các ngành mục tiêu và thúc đẩy phát triển gắn kết với sân bay (airport connected development), tạo nguồn thu phi hàng không giúp sân bay tự chủ tài ch",high,S02,https://www.cltairport.com/business/commercial-development/strategic-plan/,The foundation for the CLT AASDP lies in its strategic economic positioning to embrace target economic sectors and facilitate airport connected development.,
charlotte_area,Định vị & quy hoạch,planning_concept,string,1,"Quy hoạch theo các development district (phân khu phát triển) quanh sân bay; CLT Destination District là dự án thương mại đa chức năng (mixed-use) tạo ""cửa ngõ"" (front door) cho sân bay và khu tây Cha",medium,S03,https://www.cltairport.com/news/stories/item/destination-district-changing-west-charlotte-landscape/,"the Airport took a major step forward in creating the CLT Destination District, a mixed-use commercial development project that will transform the Airport’s fro",
charlotte_area,Định vị & quy hoạch,cornerstones,string_list,1,sản xuất; kho bãi/warehousing; vận tải; vận tải đường bộ (trucking); phân phối; nghiên cứu; phát triển; dữ liệu (data center),high,S02,https://www.cltairport.com/business/commercial-development/strategic-plan/,"attract businesses such as manufacturing, warehousing, transportation, trucking, distribution, research, development and data to the available 6,000 acres of la",
charlotte_area,Định vị & quy hoạch,subzones,string_list,1,Destination District Central; Destination District East,high,S03,https://www.cltairport.com/news/stories/item/destination-district-changing-west-charlotte-landscape/,"The Destination District is made up of two distinct areas, Destination District Central and the East Area.",
charlotte_area,Chỉ số quy mô,passengers_million,float,1,53.6,high,S01,https://www.cltairport.com/airport-info/about-clt/,"In 2025, CLT welcomed 53.6 million passengers - its second busiest year on record - and handled 574,193 aircraft operations.",
charlotte_area,Chỉ số quy mô,cargo_million_tonnes,float,1,0.2057,medium,S08,https://www.cltairport.com/news/blogs/item/freight-in-flight-how-air-cargo-at-clt-delivers-essentials/,"In 2024, Charlotte Douglas International Airport (CLT) handled 205,700 tons of cargo, a 7.3% increase from the previous year.",
charlotte_area,Chỉ số quy mô,air_movements,int,1,574193,high,S01,https://www.cltairport.com/airport-info/about-clt/,"In 2025, CLT welcomed 53.6 million passengers - its second busiest year on record - and handled 574,193 aircraft operations.",
charlotte_area,Chỉ số quy mô,destinations,int,1,181,high,S07,https://assets.ctfassets.net/jaw4bomip9l3/3LHpLbBwFXYB5M0HrDCtlk/746ab61e2eb1c6dcda2957fddc3a4f49/CLT_2024_Fast_facts_42024.pdf,"181
NONSTOP DESTINATIONS",
charlotte_area,Chỉ số quy mô,airlines,int,1,25,medium,S01,https://www.cltairport.com/airport-info/about-clt/,"CLT offers nonstop air service to more than 194 destinations around the globe and is home to six major air carriers, 15 regional carriers and four foreign flag ",
charlotte_area,Chỉ số quy mô,transfer_pct,float,0,,,,,,"Tài liệu chỉ nói định tính 'the vast majority of passengers at CLT were connecting' và câu bị cắt ('less than one-third of'), không có tỷ lệ transfer cụ thể."
charlotte_area,Chỉ số quy mô,airport_area_ha,float,1,2249.0,high,S15,https://en.wikipedia.org/wiki/Charlotte_Douglas_International_Airport,"the airport covers 5,558 acres (2,249 ha) of land.",
charlotte_area,Chỉ số quy mô,employees,int,1,20000,medium,S05,https://platform.reverecre.com/api/project-file/f4b0087c-3286-454d-9435-b8c72486a714/Destination%20District%20RFP%202024_Final.pdf,"The
Airport is a significant regional job center with over 20,000 employees working at the Airport.",
charlotte_area,Chỉ số quy mô,num_companies_airport,int,0,,,,,,Tài liệu không nêu số doanh nghiệp hoạt động tại sân bay.
charlotte_area,Chỉ số quy mô,num_companies_realestate,int,0,,,,,,Tài liệu không nêu số doanh nghiệp thuê bất động sản trong khu.
charlotte_area,Chỉ số quy mô,num_office_buildings,int,0,,,,,,Tài liệu không nêu số toà nhà văn phòng.
charlotte_area,Chỉ số quy mô,jobs_created,int,1,167045,high,S06,https://www.cltairport.com/community/economic-impact/,"Other data reveals that CLT created $2.1 billion in tax revenue, supported 167,045 jobs, and generated $15.2 billion in personal income in North Carolina.",
charlotte_area,Đầu tư & quản trị,total_investment_usd,string,1,"Destination CLT, a $4 billion renovation and construction campaign (khoảng 4 tỷ USD)",high,S09,https://charlotteregion.com/do-business-here/regional-connectivity/airport-fast-facts/,"Destination CLT, a $4 billion renovation and construction campaign, will bring a number of expanded concourses, terminals, and a fourth parallel runway to CLT.",
charlotte_area,Đầu tư & quản trị,investor_governance,string,1,"Đất thuộc sở hữu Thành phố Charlotte, do Sở Hàng không thành phố (City of Charlotte Aviation Department – CLT) quản lý và khai thác; sân bay vận hành trên cơ sở tự chủ tài chính hoàn toàn, không dùng ",high,S05,https://platform.reverecre.com/api/project-file/f4b0087c-3286-454d-9435-b8c72486a714/Destination%20District%20RFP%202024_Final.pdf,"The City of Charlotte (“City”) Aviation Department (“CLT” or “Airport”) seeks the
development of +/-90 acres of City-owned land along Wilkinson Boulevard in the",
charlotte_area,Đầu tư & quản trị,gov_led_ratio_pct,float,0,,,,,,Tài liệu không nêu tỷ lệ vốn/vai trò nhà nước bằng số cụ thể.
charlotte_area,Đầu tư & quản trị,private_ratio_pct,float,0,,,,,,Tài liệu không nêu tỷ lệ vốn tư nhân bằng số cụ thể.
charlotte_area,Đầu tư & quản trị,lead_developer,string,1,City of Charlotte Aviation Department (Sở Hàng không Thành phố Charlotte – CLT); khu The River District do Crescent Communities phát triển,high,S05,https://platform.reverecre.com/api/project-file/f4b0087c-3286-454d-9435-b8c72486a714/Destination%20District%20RFP%202024_Final.pdf,"The City of Charlotte (“City”) Aviation Department (“CLT” or “Airport”) seeks the
development of +/-90 acres of City-owned land along Wilkinson Boulevard in the",
charlotte_area,Sản phẩm (CVP 1),cvp_product,string_list,1,"khách sạn (upper midscale, upscale kèm trung tâm hội nghị); nhà hàng full-service và quick-service; bán lẻ tiện ích; sản xuất tiên tiến (advanced manufacturing); logistics/kho vận và phân phối; kho bã",high,S03,https://www.cltairport.com/news/stories/item/destination-district-changing-west-charlotte-landscape/,"CLT is accepting proposals to develop 90 acres of land off Wilkinson Boulevard with a combination of hotels, restaurants, retail and manufacturing.",
charlotte_area,Sản phẩm (CVP 1),commercial_re,string_list,1,khách sạn; nhà hàng (F&B); bán lẻ; văn phòng; kho bãi/nhà xưởng logistics; văn phòng y tế/urgent care; nhà thuốc (pharmacy),high,S05,https://platform.reverecre.com/api/project-file/f4b0087c-3286-454d-9435-b8c72486a714/Destination%20District%20RFP%202024_Final.pdf,"these parcels provide an excellent opportunity for the development of full and limited service hotels, food and beverage (F&B), pharmacy,  convenience retail an",
charlotte_area,Sản phẩm (CVP 1),economic_zone_name,string,1,"Foreign-Trade Zone 57 (FTZ 57), Site 17 tại Charlotte Douglas International Airport",high,S14,https://www.govinfo.gov/content/pkg/FR-2014-02-12/html/2014-03067.htm,"The applicant is also requesting a new magnet site: Proposed Site 17 (3,900 acres) at the Charlotte Douglas International Airport, 5501 Josh Birmingham Parkway,",
charlotte_area,Sản phẩm (CVP 1),economic_zone_year,int,1,1980,high,S14,https://www.govinfo.gov/content/pkg/FR-2014-02-12/html/2014-03067.htm,"FTZ 57 was approved by the Board on April 28, 1980 (Board Order 156, 45 FR 30466, 5/8/80)",
charlotte_area,Sản phẩm (CVP 1),residential_product_desc,string,1,"Khu đô thị The River District (1.200–1.400 acres, cạnh sân bay) cung cấp 2.300 nhà ở thấp tầng single-family và 2.350 căn hộ multifamily, kèm các sản phẩm mixed-income, nhiều loại mặt bằng, diện tích ",high,S10,https://www.theriverdistrict.com/,"With 2,300 single-family homes and 2,350 multifamily residential units and mixed-income offerings as well, the River District is home to a wide variety of home ",
charlotte_area,Sản phẩm (CVP 1),residential_highrise_pct,float,0,,,,,,"Tài liệu chỉ nêu số tuyệt đối 2.300 nhà thấp tầng và 2.350 căn hộ, không nêu tỷ lệ % cao tầng."
charlotte_area,Sản phẩm (CVP 1),residential_lowrise_pct,float,0,,,,,,Tài liệu không nêu tỷ lệ phần trăm sản phẩm thấp tầng.
charlotte_area,Sản phẩm (CVP 1),residential_land_pct,float,0,,,,,,Tài liệu không nêu tỷ lệ phần trăm sản phẩm đất nền.
charlotte_area,Sản phẩm (CVP 1),basic_amenities,string_list,1,"trường học (hai khu đất trường Charlotte-Mecklenburg County); cơ sở y tế/urgent care và văn phòng y tế; nhà thuốc (pharmacy); công viên, đường mòn (trails), greenway và không gian mở; cửa hàng bán lẻ ",high,S12,https://landdesign.com/project/the-river-district/,"The project also allocates 75 acres of land for civic uses, including two new Charlotte-Mecklenburg County school sites, while preserving 550-acres of the site ",
charlotte_area,Sản phẩm (CVP 1),highlight_amenities,string_list,1,"CLT Destination District (khu phức hợp 90 acres cửa ngõ sân bay); khách sạn upscale kèm trung tâm hội nghị (conference center); Forge Village với nông trại 2 acres, sân chơi, lawn pavilion và café; We",high,S11,https://www.crescentcommunities.com/media/press/the-river-district-officially-opens-its-doors-to-charlotte/,"Crescent kicked off construction on Forge Village in Westrow, which will include a playground, a two-acre working farm, a lawn pavilion for events, and a buildi",
charlotte_area,Giá (CVP 2),cvp_price,string,1,"Sân bay CLT cho thuê/nhượng quyền phát triển đất phi hàng không thông qua đấu thầu mở (RFP), nhà phát triển trúng thầu chịu nghĩa vụ thuế đất; nguồn thu phi hàng không của sân bay gồm nhượng quyền dịc",medium,S03,https://www.cltairport.com/news/stories/item/destination-district-changing-west-charlotte-landscape/,"Non-aeronautical revenue is generated from commercial enterprises, such as concessions, duty free, parking, advertising, car rental facilities and real estate i",
charlotte_area,Giá (CVP 2),office_rent_eur_m2_year,object,0,,,,,,Tài liệu không có bất kỳ dòng chào giá thuê văn phòng (Starting at/From) nào.
charlotte_area,Giá (CVP 2),cvp_price_note,string,0,,,,,,Không có chú thích về đơn vị hay điều kiện giá trong tài liệu.
charlotte_area,Giá (CVP 2),price_vs_reference,string,0,,,,,,Tài liệu không so sánh mặt bằng giá với thành phố tham chiếu nào.
charlotte_area,Giá (CVP 2),living_fee_usd_per_m2_month,string,0,,,,,,Tài liệu không đề cập phí quản lý/duy trì.
charlotte_area,Giá (CVP 2),has_urban_service_fee,bool,0,,,,,,Không có bằng chứng về phí dịch vụ đô thị trong tài liệu.
charlotte_area,Giá (CVP 2),sales_scheme,string,1,Đấu thầu mở qua hồ sơ mời thầu (RFP/open bidding process) do sân bay CLT tổ chức để chọn nhà phát triển thuê đất; mọi nhà phát triển thương mại có phương án khả thi và thu xếp được vốn đều được nộp hồ,high,S03,https://www.cltairport.com/news/stories/item/destination-district-changing-west-charlotte-landscape/,"The land could be developed many different ways, and this is an open bidding process. Any commercial developer with great ideas is encouraged to apply.",
charlotte_area,Dịch vụ (CVP 3),cvp_service,string_list,1,dịch vụ vận chuyển và dịch vụ doanh nghiệp (shipping and business services); ưu đãi thuế qua khu thương mại tự do FTZ; hỗ trợ phát triển thương mại của Aviation Department (economicaffairs@cltairport.,medium,S03,https://www.cltairport.com/news/stories/item/destination-district-changing-west-charlotte-landscape/,Shipping and business services,
charlotte_area,Dịch vụ (CVP 3),airport_privilege,string,0,,,,,,"Tài liệu không nêu bất kỳ ưu đãi sân bay (fast track, ưu đãi vé, priority) dành riêng cho cư dân/doanh nghiệp trong khu."
charlotte_area,Dịch vụ (CVP 3),has_airport_privilege,bool,0,,,,,,Không có bằng chứng về đặc quyền sân bay dành cho cư dân/doanh nghiệp trong tài liệu.
charlotte_area,Dịch vụ (CVP 3),smart_city,string,1,"Quy hoạch giao thông Destination District giữ chỗ cho hành lang guideway không ràng buộc vào một công nghệ cụ thể, có thể tiếp nhận APM bánh lốp hoặc bánh sắt, APM kéo cáp, hoặc các công nghệ tương la",low,S04,https://assets.ctfassets.net/jaw4bomip9l3/5cLe6woG367fzKbiofuxEt/050904f9bd778308b23dc8c4bdb49bfd/Destination_District_-_Central_Transportation_and_Land_Use_Plan_FINAL_email_version.pdf,7KH*XLGHZD\LVQRWWDLORUHGWRDQ\VSHFLÀFWHFKQRORJ\DQGFRXOGDFFRPPRGDWHWUDGLWLRQDOUXEEHUWLUHRUVWHHOZKHHO$30,
charlotte_area,Dịch vụ (CVP 3),has_smart_city,bool,0,,,,,,"Tài liệu chỉ nói tới hành lang guideway trung lập công nghệ, không có bằng chứng rõ ràng về chương trình đô thị thông minh (IoT/AI/hạ tầng số) cho khu."
charlotte_area,Trải nghiệm (CVP 4),cvp_experience,string_list,1,"nhà hàng full-service và quick-service, craft brewery; khách sạn và trung tâm hội nghị; bán lẻ và mua sắm; trung tâm thể hình; công viên, đường mòn đa dụng và tiếp cận sông Catawba; Airline Bike Park;",high,S03,https://www.cltairport.com/news/stories/item/destination-district-changing-west-charlotte-landscape/,"Upper midscale hotel
Upscale hotel and conference center
Full-service restaurants
Quick-service restaurants
Craft brewery
Retail banking centers
Medical care
Fi",
charlotte_area,Trải nghiệm (CVP 4),experience_desc,string,1,"The River District xây dựng trải nghiệm ""thành phố hoà quyện thiên nhiên"": lễ khai trương 22/9/2025 có nhạc sống, xe food truck, quay số trúng thưởng và tour tham quan; Forge Village có nông trại đang",high,S11,https://www.crescentcommunities.com/media/press/the-river-district-officially-opens-its-doors-to-charlotte/,"the celebration brought together homebuilders, local vendors, and community members for a day of live music, food trucks, raffles, and tours.",
charlotte_area,Thuận tiện (CVP 5),cvp_convenience,string_list,1,"tiếp giáp Charlotte Douglas International Airport; cách trung tâm Uptown Charlotte 15 phút; kết nối trực tiếp I-85 và I-485, Wilkinson Boulevard, Billy Graham Parkway, Josh Birmingham Parkway; Norfolk",high,S09,https://charlotteregion.com/do-business-here/regional-connectivity/airport-fast-facts/,CLT is located only 15 minutes from the center of Uptown on the west side of Charlotte and has been ranked one of the most convenient large airports in the coun,
charlotte_area,Thuận tiện (CVP 5),connectivity_desc,string,1,"Khu vực sân bay Charlotte hưởng lợi từ kết nối đường bộ và hàng không nổi bật: CLT phục vụ hơn 194 điểm đến bay thẳng, là hub lớn thứ hai của American Airlines và thuộc top 10 sân bay kết nối tốt nhất",high,S05,https://platform.reverecre.com/api/project-file/f4b0087c-3286-454d-9435-b8c72486a714/Destination%20District%20RFP%202024_Final.pdf,"The city’s central location on the East Coast puts over 50% of the U.S. population within a day’s drive. Proximity to Charlotte Douglas International Airport, t",
charlotte_area,Thuận tiện (CVP 5),connection_modes,string_list,1,"hàng không (Charlotte Douglas International Airport); light rail (LYNX Silver Line, quy hoạch); đường sắt hàng hoá/intermodal (Norfolk Southern); xe buýt (Route 10-West Boulevard tới Charlotte Transpo",medium,S15,https://en.wikipedia.org/wiki/Charlotte_Douglas_International_Airport,"There is also bus service to the air cargo center, maintenance facilities, and old terminal via Route 10-West Boulevard to the Charlotte Transportation Center i",
charlotte_area,Thuận tiện (CVP 5),metro_lines,int,1,1,medium,S03,https://www.cltairport.com/news/stories/item/destination-district-changing-west-charlotte-landscape/,it accommodates the Charlotte Area Transit System’s future plans for a LYNX Silver Line light rail station,
charlotte_area,Thuận tiện (CVP 5),rail_connections,string_list,1,"LYNX Silver Line (light rail, quy hoạch, ga tại Wilkinson Boulevard/Development Pad 3); Norfolk Southern Charlotte Intermodal Facility (đường sắt hàng hoá)",high,S05,https://platform.reverecre.com/api/project-file/f4b0087c-3286-454d-9435-b8c72486a714/Destination%20District%20RFP%202024_Final.pdf,This Silver Line of the LYNX Light Rail system is projected to have an Airport station on Wilkinson,
charlotte_area,Thương hiệu (CVP 6),cvp_brand,string_list,1,City of Charlotte Aviation Department / Charlotte Douglas International Airport (CLT); Crescent Communities; Charlotte Area Transit System (CATS); Charlotte Regional Business Alliance; Norfolk Souther,high,S11,https://www.crescentcommunities.com/media/press/the-river-district-officially-opens-its-doors-to-charlotte/,"Crescent Communities, a nationally recognized market-leading real estate investor, developer, and operator of mixed-use communities, celebrated the official gra",
charlotte_area,Thương hiệu (CVP 6),brand_desc,string,1,"Thương hiệu khu vực được xây quanh vị thế ""sân bay bận rộn hàng đầu thế giới"": CLT định vị Destination District là ""cửa ngõ đẳng cấp thế giới"" và câu chuyện placemaking đặt ra cho nhà phát triển – ""ba",high,S05,https://platform.reverecre.com/api/project-file/f4b0087c-3286-454d-9435-b8c72486a714/Destination%20District%20RFP%202024_Final.pdf,Placemaking – One of the core questions this RFP asks Development Teams to respond to is “What does it mean to fly from or be destined for one of the world’s bu,
charlotte_area,Thương hiệu (CVP 6),brand_partners,string_list,1,American Airlines; Amazon (Prime Air); FedEx; UPS; Norfolk Southern; Cushman & Wakefield International; Crescent Communities; LandDesign; DRB Homes; David Weekley Homes; Toll Brothers; Saussy Burbank;,high,S11,https://www.crescentcommunities.com/media/press/the-river-district-officially-opens-its-doors-to-charlotte/,"In partnership with The River District’s multifamily community, DRB Homes Saussy Burbank, and Toll Brothers, Crescent Communities offered visitors a first glimp",
charlotte_area,Tầm nhìn & bền vững,vision_label,string,1,Charlotte 2040 Comprehensive Plan,medium,S03,https://www.cltairport.com/news/stories/item/destination-district-changing-west-charlotte-landscape/,The Destination District aligns with the City of Charlotte’s 2040 Comprehensive Plan,
charlotte_area,Tầm nhìn & bền vững,vision_qualities,string_list,1,An toàn và an ninh (Safety and Security); Thành công của nhân viên (Employee Success); Trải nghiệm khách hàng (Customer Experience); Tăng trưởng chiến lược (Strategic Growth); Quan hệ đối tác tích cực,high,S01,https://www.cltairport.com/airport-info/about-clt/,"CLT's Strategic Principles:
Safety and Security... Employee Success... Customer Experience... Strategic Growth... Positive Partnerships... Asset Preservation",
charlotte_area,Tầm nhìn & bền vững,aviation_policy,string,1,"Airport Area Strategic Development Plan (AASDP) của CLT – triển khai qua Project AMP khởi động năm 2015 – với ba mục tiêu: tự chủ tài chính (đáp ứng yêu cầu tự cung tự cấp của FAA), tái sử dụng đất bỏ",high,S02,https://www.cltairport.com/business/commercial-development/strategic-plan/,the CLT AASDP has three primary objectives: Self-Sustaining... Land Re-Use... Compatibility: it should ensure that future development around the Airport is appr,
charlotte_area,Tầm nhìn & bền vững,sustainability,string_list,1,"Khung phát triển bền vững One Planet Living của Bioregional; Danh hiệu One Planet Living Leader (dự án thứ ba tại Hoa Kỳ, đầu tiên ở Đông Nam nước Mỹ); Bảo tồn 550 acres greenway, công viên, đường mòn",high,S11,https://www.crescentcommunities.com/media/press/the-river-district-officially-opens-its-doors-to-charlotte/,"The River District was designed through Bioregional’s One Planet Living (OPL) framework... earned the prestigious One Planet Living Leader designation, becoming",
charlotte_area,Khu chức năng chuyên biệt,logistics_park_name,string,1,Charlotte Intermodal Facility (Norfolk Southern),high,S13,https://stvinc.com/project/charlotte-intermodal-facility/,Norfolk Southern (NS) advanced a $92 million upgrade to its Charlotte Intermodal Facility at Charlotte Douglas International Airport.,
charlotte_area,Khu chức năng chuyên biệt,logistics_park_ha,float,1,121.41,medium,S13,https://stvinc.com/project/charlotte-intermodal-facility/,STV provided construction management services for the new 300‑acre site at one of the busiest airports in the United States,
charlotte_area,Khu chức năng chuyên biệt,trade_park_name,string,1,Foreign-Trade Zone 57 – Site 17 (Charlotte Douglas International Airport),high,S14,https://www.govinfo.gov/content/pkg/FR-2014-02-12/html/2014-03067.htm,"The applicant is also requesting a new magnet site:
Proposed Site 17 (3,900 acres) at the Charlotte Douglas International
Airport, 5501 Josh Birmingham Parkway,",
charlotte_area,Khu chức năng chuyên biệt,trade_park_ha,float,1,1578.28,medium,S14,https://www.govinfo.gov/content/pkg/FR-2014-02-12/html/2014-03067.htm,"Proposed Site 17 (3,900 acres) at the Charlotte Douglas International
Airport, 5501 Josh Birmingham Parkway, Charlotte.",
chengdu_tianfu,Định danh,case_name,string,1,Chengdu Tianfu Airport City (成都天府国际空港新城),high,S03,https://www.cac.gov.cn/2018-01/24/c_1122308356.htm,【网络媒体走转改】成都天府国际空港新城 着力打造现代临空产业体系,
chengdu_tianfu,Định danh,aerotropolis,string,1,成都天府国际空港新城 / Chengdu Tianfu International Airport New City (aerotropolis quanh Tianfu),medium,S16,https://www.globalconstructionreview.com/china-turn-chengdu-city-glob7al-hu7b-sec7ond/,The Sichuan Provincial government is planning to make Tianfu the centrepiece of an “aerotropolis”.,
chengdu_tianfu,Định danh,country,string,1,Trung Quốc,high,S10,https://en.wikipedia.org/wiki/Chengdu_Tianfu_International_Airport,"Chengdu
, the capital of
Sichuan
province in
Southwestern China",
chengdu_tianfu,Định danh,is_target,bool,1,False,medium,baseline,,,
chengdu_tianfu,Định danh,airport_name,string,1,Chengdu Tianfu International Airport,high,S10,https://en.wikipedia.org/wiki/Chengdu_Tianfu_International_Airport,"Chengdu Tianfu International Airport
alone ranks
29th-busiest in the world",
chengdu_tianfu,Định danh,reference_city,string,1,Chengdu (Thành Đô),high,S11,https://www.airport-technology.com/projects/chengdu-tianfu-international-airport-chengdu-china/,"Located approximately 50km east of downtown Chengdu, it is the second international aviation hub in the Sichuan province in south-west China.",
chengdu_tianfu,Định danh,official_website,string,1,sctfia.com,medium,S10,https://en.wikipedia.org/wiki/Chengdu_Tianfu_International_Airport,"Website
sctfia.com",
chengdu_tianfu,Vị trí & lịch sử,location_desc,string,1,"Nằm ở thị trấn Lujia, thành phố Jianyang (tỉnh Tứ Xuyên), cách trung tâm Thành Đô khoảng 50 km về phía đông/đông nam; là cửa ngõ hàng không quốc tế thứ hai của tỉnh Tứ Xuyên.",high,S11,https://www.airport-technology.com/projects/chengdu-tianfu-international-airport-chengdu-china/,"Located approximately 50km east of downtown Chengdu, it is the second international aviation hub in the Sichuan province in south-west China.",
chengdu_tianfu,Vị trí & lịch sử,distance_to_city_km,float,1,50.0,high,S11,https://www.airport-technology.com/projects/chengdu-tianfu-international-airport-chengdu-china/,Located approximately 50km east of downtown Chengdu,
chengdu_tianfu,Vị trí & lịch sử,area_km2,float,1,483.0,low,S03,https://www.cac.gov.cn/2018-01/24/c_1122308356.htm,"mục đích: Lấy công bố chính thức về diện tích 483 km², khoảng cách 50 km tới trung tâm, hệ thống 3 nhóm ngành kinh tế và cấu trúc không gian ""双轴一带一港一核六河六片"" cùng",
chengdu_tianfu,Vị trí & lịch sử,airport_build_period,string,1,2016-2021,high,S10,https://en.wikipedia.org/wiki/Chengdu_Tianfu_International_Airport,"The construction of this airport began in May 2016, and the airport opened in June 2021.",
chengdu_tianfu,Vị trí & lịch sử,urban_build_period,string,0,,,,,,"Tài liệu không nêu mốc khởi công/thời kỳ xây dựng của phần khu đô thị (không cảng tân thành), chỉ có mốc xây dựng sân bay."
chengdu_tianfu,Vị trí & lịch sử,founded_year,int,1,2021,high,S10,https://en.wikipedia.org/wiki/Chengdu_Tianfu_International_Airport,"It was planned in 2013 and opened in 2021, after
Chengdu Shuangliu Airport
had been exceeding its designed maximum passenger capacity for years.",
chengdu_tianfu,Vị trí & lịch sử,development_context,string,1,"Sân bay Chengdu Shuangliu vượt công suất thiết kế trong nhiều năm nên sân bay mới được quy hoạch từ 2013 và khai trương 2021; dự án nhằm xây dựng Thành Đô thành trung tâm hàng không quốc tế, phát triể",high,S12,https://english.cscec.com/CompanyNews/CorporateNews/202107/3359919.html,"it will help build Chengdu into an international aviation hub, speed up the integration between Sichuan Province and the global economic map, build an airport e",
chengdu_tianfu,Định vị & quy hoạch,positioning,string,1,"Hạt nhân của một ""aerotropolis"" (đô thị sân bay) theo quy hoạch của chính quyền tỉnh Tứ Xuyên; được mô tả là trung tâm vận tải toàn cầu, ""đầu cầu hàng không"" của Vành đai Kinh tế Trường Giang và cảng ",high,S16,https://www.globalconstructionreview.com/china-turn-chengdu-city-glob7al-hu7b-sec7ond/,"The Sichuan Provincial government is planning to make Tianfu the centrepiece of an “aerotropolis”.
It has described the airport as a global transport hub and “
",
chengdu_tianfu,Định vị & quy hoạch,planning_concept,string,1,"Cấu trúc không gian ""双轴一带一港一核六河六片"" (hai trục – một vành đai – một cảng – một lõi – sáu sông – sáu phân khu)",low,S03,https://www.cac.gov.cn/2018-01/24/c_1122308356.htm,"cấu trúc không gian ""双轴一带一港一核六河六片"" cùng các dự án lớn",
chengdu_tianfu,Định vị & quy hoạch,cornerstones,string_list,1,thiết bị hàng không (航空装备); chuỗi lạnh dược phẩm (医药冷链); bảo dưỡng – sửa chữa máy bay (MRO); thương mại điện tử xuyên biên giới,medium,S08,https://www.news.cn/fortune/20260227/5d8855773dfd4653a512e908536c4cb4/c.html,重点发展航空装备、医药冷链、航空维修、跨境电商等适空产业，拓展保税维修、保税加工、保税研发、融资租赁等增值服务,
chengdu_tianfu,Định vị & quy hoạch,subzones,string_list,0,,,,,,Tài liệu chỉ nhắc tới việc có 6 phân khu trong bố cục không gian nhưng không liệt kê tên từng phân khu.
chengdu_tianfu,Chỉ số quy mô,passengers_million,float,1,56.69,medium,S10,https://en.wikipedia.org/wiki/Chengdu_Tianfu_International_Airport,"Đối chiếu số liệu vận hành mới nhất: 56,69 triệu khách, 434.635 tấn hàng, 383.547 lượt cất/hạ cánh (2025)",
chengdu_tianfu,Chỉ số quy mô,cargo_million_tonnes,float,1,0.4346347,high,S10,https://en.wikipedia.org/wiki/Chengdu_Tianfu_International_Airport,"Cargo (Metric tonnes)
434,634.7",
chengdu_tianfu,Chỉ số quy mô,air_movements,int,1,383547,high,S10,https://en.wikipedia.org/wiki/Chengdu_Tianfu_International_Airport,"Aircraft movements
383,547",
chengdu_tianfu,Chỉ số quy mô,destinations,int,0,,,,,,"Tài liệu chỉ nêu số tuyến bay quốc tế trực tiếp của thành phố Thành Đô (55 tuyến, 2023) và các tuyến lẻ, không có tổng số điểm đến trực tiếp của sân bay."
chengdu_tianfu,Chỉ số quy mô,airlines,int,0,,,,,,"Tài liệu chỉ liệt kê một phần các hãng khai thác và nhắc tới 8 hãng căn cứ, không có tổng số hãng bay đang khai thác."
chengdu_tianfu,Chỉ số quy mô,transfer_pct,float,0,,,,,,Tài liệu không nêu tỷ lệ hành khách trung chuyển.
chengdu_tianfu,Chỉ số quy mô,airport_area_ha,float,1,2085.0,low,S09,https://baike.baidu.com/en/item/Chengdu%20Tianfu%20International%20Airport/989699,"Đối chiếu chỉ số sân bay: diện tích 20,85 km² (2.085 ha), nhà ga 719.600 m², 3 đường băng, 210 bãi đỗ",
chengdu_tianfu,Chỉ số quy mô,employees,int,0,,,,,,Tài liệu không nêu số người làm việc trong khu.
chengdu_tianfu,Chỉ số quy mô,num_companies_airport,int,0,,,,,,Tài liệu không nêu số doanh nghiệp hoạt động tại sân bay.
chengdu_tianfu,Chỉ số quy mô,num_companies_realestate,int,0,,,,,,Tài liệu không nêu số doanh nghiệp thuê bất động sản trong khu.
chengdu_tianfu,Chỉ số quy mô,num_office_buildings,int,0,,,,,,Tài liệu không nêu số toà nhà văn phòng.
chengdu_tianfu,Chỉ số quy mô,jobs_created,int,0,,,,,,Tài liệu không nêu số việc làm đã tạo hoặc dự kiến.
chengdu_tianfu,Đầu tư & quản trị,total_investment_usd,string,1,"10,8 tỷ USD cho giai đoạn 1 sân bay (nguyên văn: ""an investment of $10.8bn in the first phase"")",high,S11,https://www.airport-technology.com/projects/chengdu-tianfu-international-airport-chengdu-china/,"Construction of the airport was started in May 2016, with an investment of $10.8bn in the first phase.",
chengdu_tianfu,Đầu tư & quản trị,investor_governance,string,1,"Mô hình nhà nước dẫn dắt: sân bay do Sichuan Provincial Airport Group (tập đoàn sân bay tỉnh Tứ Xuyên) làm chủ sở hữu/vận hành, dự án được National Development and Reform Commission (NDRC) phê duyệt v",medium,S16,https://www.globalconstructionreview.com/china-turn-chengdu-city-glob7al-hu7b-sec7ond/,"Approval for the new airport came from China’s main economic planning body, the National Development and Reform Commission (NRDC), last week.",
chengdu_tianfu,Đầu tư & quản trị,gov_led_ratio_pct,float,0,,,,,,Tài liệu không nêu tỷ lệ vốn/vai trò nhà nước bằng con số cụ thể.
chengdu_tianfu,Đầu tư & quản trị,private_ratio_pct,float,0,,,,,,Tài liệu không nêu tỷ lệ vốn tư nhân bằng con số cụ thể.
chengdu_tianfu,Đầu tư & quản trị,lead_developer,string,1,Sichuan Provincial Airport Group (chủ đầu tư/khai thác sân bay); China State Construction Engineering Corporation (CSCEC) là đơn vị thiết kế – thi công,medium,S12,https://english.cscec.com/CompanyNews/CorporateNews/202107/3359919.html,"the Chengdu Tianfu International Airport, a civil transportation hub airport designed and built by CSCEC, was officially launched",
chengdu_tianfu,Sản phẩm (CVP 1),cvp_product,string_list,0,,,,,,Tài liệu không nêu danh mục sản phẩm bất động sản/dịch vụ chào bán của khu đô thị sân bay Thiên Phủ.
chengdu_tianfu,Sản phẩm (CVP 1),commercial_re,string_list,0,,,,,,Không có đoạn nào liệt kê các loại hình bất động sản thương mại trong khu.
chengdu_tianfu,Sản phẩm (CVP 1),economic_zone_name,string,1,成都天府国际空港综合保税区,high,S08,https://www.news.cn/fortune/20260227/5d8855773dfd4653a512e908536c4cb4/c.html,2月27日，四川首个空港型综合保税区——成都天府国际空港综合保税区正式封关运作，为西部高水平对外开放注入新动能。,
chengdu_tianfu,Sản phẩm (CVP 1),economic_zone_year,int,1,2026,medium,S08,https://www.news.cn/fortune/20260227/5d8855773dfd4653a512e908536c4cb4/c.html,"2026-02-27 14:47:33
来源：新华网
新华社成都2月27日电（记者卢宥伊）2月27日，四川首个空港型综合保税区——成都天府国际空港综合保税区正式封关运作",
chengdu_tianfu,Sản phẩm (CVP 1),residential_product_desc,string,0,,,,,,Tài liệu không mô tả sản phẩm nhà ở của khu.
chengdu_tianfu,Sản phẩm (CVP 1),residential_highrise_pct,float,0,,,,,,Nguồn không nêu tỷ lệ nhà ở cao tầng.
chengdu_tianfu,Sản phẩm (CVP 1),residential_lowrise_pct,float,0,,,,,,Nguồn không nêu tỷ lệ nhà ở thấp tầng.
chengdu_tianfu,Sản phẩm (CVP 1),residential_land_pct,float,0,,,,,,Nguồn không nêu tỷ lệ đất ở.
chengdu_tianfu,Sản phẩm (CVP 1),basic_amenities,string_list,0,,,,,,Tài liệu (S04) chỉ được nêu tiêu đề về tiện ích công cộng 10 phút nhưng phần nội dung crawl không chứa câu văn cụ thể; không có bằng chứng trích dẫn được.
chengdu_tianfu,Sản phẩm (CVP 1),highlight_amenities,string_list,0,,,,,,Không có đoạn nào liệt kê công trình biểu tượng/tổ hợp lớn trong khu đô thị (các mô tả chỉ về nhà ga sân bay).
chengdu_tianfu,Giá (CVP 2),cvp_price,string,0,,,,,,"Tài liệu không đề cập cơ chế thu tiền (giá bán, cho thuê, nhượng quyền) của khu."
chengdu_tianfu,Giá (CVP 2),office_rent_eur_m2_year,object,0,,,,,,Không có dòng chào giá thuê văn phòng nào trong tài liệu.
chengdu_tianfu,Giá (CVP 2),cvp_price_note,string,0,,,,,,Không có thông tin về đơn vị/điều kiện giá.
chengdu_tianfu,Giá (CVP 2),price_vs_reference,string,0,,,,,,Không có so sánh mặt bằng giá với thành phố tham chiếu.
chengdu_tianfu,Giá (CVP 2),living_fee_usd_per_m2_month,string,0,,,,,,Không có dữ liệu phí quản lý/duy trì.
chengdu_tianfu,Giá (CVP 2),has_urban_service_fee,bool,0,,,,,,Không có bằng chứng về phí dịch vụ đô thị.
chengdu_tianfu,Giá (CVP 2),sales_scheme,string,0,,,,,,"Tài liệu không mô tả phương thức bán/cho thuê (B2B, đấu giá đất…)."
chengdu_tianfu,Dịch vụ (CVP 3),cvp_service,string_list,1,"Trung tâm dịch vụ một cửa (one-stop service center) hỗ trợ doanh nghiệp: đã hỗ trợ 1.010 doanh nghiệp, giải quyết 2.510 vấn đề, giúp doanh nghiệp giảm 16 triệu NDT chi phí; Nền tảng hỏi đáp chính quyề",high,S07,https://www.globaltimes.cn/page/202505/1334172.shtml,"Meanwhile, the one-stop service center has assisted 1,010 enterprises, resolved 2,510 issues, and helped businesses cut costs by 16 million yuan",
chengdu_tianfu,Dịch vụ (CVP 3),airport_privilege,string,0,,,,,,"Không có bằng chứng về ưu đãi sân bay (fast track, ưu đãi vé, priority) dành riêng cho cư dân/doanh nghiệp trong khu; các chính sách miễn thị thực quá cảnh 24/240 giờ là áp dụng chung cho hành khách quốc tế, không phải đặc quyền của khu đô thị."
chengdu_tianfu,Dịch vụ (CVP 3),has_airport_privilege,bool,0,,,,,,Không có bằng chứng xác nhận hoặc phủ nhận đặc quyền sân bay cho cư dân/doanh nghiệp trong khu.
chengdu_tianfu,Dịch vụ (CVP 3),smart_city,string,1,"Khu phát triển mạnh nền tảng số: ra mắt nền tảng hỏi đáp chính quyền thông minh e-query chạy trên mô hình AI của DeepSeek từ 8/3, tạo hệ thống dịch vụ thông minh 24/7, trả lời tức thì 98% truy vấn tần",high,S07,https://www.globaltimes.cn/page/202505/1334172.shtml,"On March 8, the area officially launched the e-query platform - an intelligent government Q&A platform powered by DeepSeek's AI model, creating a 24/7 smart ser",
chengdu_tianfu,Dịch vụ (CVP 3),has_smart_city,bool,1,True,high,S07,https://www.globaltimes.cn/page/202505/1334172.shtml,This new area also exemplifies the deep integration of smart logistics and digital trade. The local smart bureau has built an e-query platform powered by DeepSe,
chengdu_tianfu,Trải nghiệm (CVP 4),cvp_experience,string_list,1,"Đài ngắm máy bay công cộng (public viewing platform) tại Sanyu Mengshi Cultural Village, vào cửa miễn phí, có biển hoa và sân chơi trẻ em; Công viên sinh thái xanh hồ sen (lotus lake green eco-park) t",medium,S09,https://baike.baidu.com/en/item/Chengdu%20Tianfu%20International%20Airport/989699,"The public viewing platform for Chengdu Tianfu International Airport is located in the Sanyu Mengshi Cultural Village, southwest of the airport's western runway",
chengdu_tianfu,Trải nghiệm (CVP 4),experience_desc,string,1,"Trải nghiệm chủ yếu gắn với sân bay và văn hoá Ba Thục: đài ngắm máy bay miễn phí ở Sanyu Mengshi Cultural Village cách trung tâm Thành Đô khoảng 60 phút lái xe, phía dưới là biển hoa và sân chơi trẻ ",medium,S12,https://english.cscec.com/CompanyNews/CorporateNews/202107/3359919.html,"incorporating twelve kinds of attractions such as Qingcheng Mountain, Jiuzhaigou Valley and E'mei Mountain into the interior design of the airport, allowing pas",
chengdu_tianfu,Thuận tiện (CVP 5),cvp_convenience,string_list,1,"Trung tâm giao thông mặt đất tổng hợp (GTC) giữa hai nhà ga, tích hợp đường sắt cao tốc, đường sắt địa phương, metro, taxi, xe cá nhân và xe khách đường dài, đạt trung chuyển ""zero-distance""; GTC kết ",high,S11,https://www.airport-technology.com/projects/chengdu-tianfu-international-airport-chengdu-china/,The intermodal GTC connects the buildings to four high-speed railway lines and two metro lines.,
chengdu_tianfu,Thuận tiện (CVP 5),connectivity_desc,string,1,"Khu nằm quanh sân bay quốc tế Thiên Phủ – cửa ngõ hàng không quốc tế của Thành Đô, cách trung tâm thành phố khoảng 50–51 km. Sân bay hạng 4F với hai nhà ga và ba đường băng, được kỳ vọng là cửa ngõ tớ",high,S11,https://www.airport-technology.com/projects/chengdu-tianfu-international-airport-chengdu-china/,"The airport is expected to serve as a gateway to Europe, the Middle East, and different parts of Asia. It is also expected to boost the Sichuan province's econo",
chengdu_tianfu,Thuận tiện (CVP 5),connection_modes,string_list,1,metro; đường sắt cao tốc; đường sắt địa phương; xe buýt; taxi/xe công nghệ; cao tốc/đường bộ; xe khách đường dài; ô tô cá nhân; APM (tàu điện tự động nối nhà ga); PRT (hệ thống vận chuyển cá nhân tự đ,high,S12,https://english.cscec.com/CompanyNews/CorporateNews/202107/3359919.html,"a comprehensive ground transportation center (GTC) is built between the two terminals, which combines and superimposes various modes of transportation such as h",
chengdu_tianfu,Thuận tiện (CVP 5),metro_lines,int,1,2,high,S11,https://www.airport-technology.com/projects/chengdu-tianfu-international-airport-chengdu-china/,The intermodal GTC connects the buildings to four high-speed railway lines and two metro lines.,
chengdu_tianfu,Thuận tiện (CVP 5),rail_connections,string_list,1,"Chengdu Metro Line 18 (nối ga Chengdu South Railway Station, đang xây đoạn kéo dài tới Chengdu railway station); Chengdu Metro Line 19 (chạy chung một phần ray với Line 18, kết nối nhanh 30 phút tới C",high,S10,https://en.wikipedia.org/wiki/Chengdu_Tianfu_International_Airport,"High-speed rail connects to the airport as part of the
Chengdu–Yibin high-speed railway
connecting northerly to
Chengdu East railway station
, southerly to
Ziya",
chengdu_tianfu,Thương hiệu (CVP 6),cvp_brand,string_list,1,Chengdu Eastern New Area (成都东部新区); Sichuan Provincial government; Sichuan Airports Group; China State Construction Engineering Corporation (CSCEC); Civil Aviation Administration of China – 民航二所 (Viện ,medium,S16,https://www.globalconstructionreview.com/china-turn-chengdu-city-glob7al-hu7b-sec7ond/,The Sichuan Provincial government is planning to make Tianfu the centrepiece of an “aerotropolis”.,
chengdu_tianfu,Thương hiệu (CVP 6),brand_desc,string,1,"Định vị thương hiệu gắn với hình ảnh ""aerotropolis"" do chính quyền tỉnh Tứ Xuyên chủ trương, lấy sân bay Thiên Phủ làm trung tâm; sân bay được mô tả là trung tâm vận tải toàn cầu, ""đầu cầu hàng không""",medium,S16,https://www.globalconstructionreview.com/china-turn-chengdu-city-glob7al-hu7b-sec7ond/,"It has described the airport as a global transport hub and “the air bridgehead” for the Yangtze River Economic Zone, as well as the “largest aviation port of th",
chengdu_tianfu,Thương hiệu (CVP 6),brand_partners,string_list,1,Sichuan Airlines; SF Airlines (Western China Headquarters); DHL (Southwest International Airlines Express Transfer Center); Apex (Regional Headquarters in Chengdu); Geely; Hyundai / Sichuan Hyundai Mo,medium,S13,http://en.people.cn/n3/2023/0802/c90000-20052751.html,"Since 2022, high-profile companies have signed contracts for projects such as the SF Airlines Western China Headquarters, DHL Southwest International Airlines E",
chengdu_tianfu,Tầm nhìn & bền vững,vision_label,string,0,,,,,,"Tài liệu không nêu nhãn tầm nhìn cụ thể (kiểu Vision 2050) cho khu; phần quy hoạch 2021–2035 (S05) chỉ có tiêu đề, không có nội dung trích dẫn được."
chengdu_tianfu,Tầm nhìn & bền vững,vision_qualities,string_list,0,,,,,,Không có đoạn văn liệt kê các trụ giá trị trong tầm nhìn của khu.
chengdu_tianfu,Tầm nhìn & bền vững,aviation_policy,string,1,"Kế hoạch 5 năm lần thứ 13 của Trung Quốc (13th five-year economic program) – khung chính sách phê duyệt sân bay Thiên Phủ, với mục tiêu xây ít nhất 50 sân bay tới năm 2020; dự án được Uỷ ban Cải cách ",medium,S16,https://www.globalconstructionreview.com/china-turn-chengdu-city-glob7al-hu7b-sec7ond/,"The plan was approved last year and comes under the country’s 13th five-year economic program, which aims to build at least 50 airports by 2020.",
chengdu_tianfu,Tầm nhìn & bền vững,sustainability,string_list,1,"Công trình xanh 3 sao – cấp cao nhất của tiêu chuẩn công trình xanh Trung Quốc, đạt 100% tiêu chuẩn công trình xanh; Công viên sinh thái xanh hồ sen xây trên mặt nước tự nhiên, hiện thực hoá mục tiêu ",high,S12,https://english.cscec.com/CompanyNews/CorporateNews/202107/3359919.html,"The airport meets 100% of green building standards, reaching an advanced level in the industry. Built by natural water on the site, the lotus lake green eco-par",
chengdu_tianfu,Khu chức năng chuyên biệt,logistics_park_name,string,0,,,,,,Tài liệu không nêu tên riêng của khu logistics thuộc khu đô thị sân bay (chỉ có số liệu kho bãi toàn thành phố Thành Đô).
chengdu_tianfu,Khu chức năng chuyên biệt,logistics_park_ha,float,0,,,,,,Không có diện tích khu logistics riêng của khu đô thị sân bay trong tài liệu.
chengdu_tianfu,Khu chức năng chuyên biệt,trade_park_name,string,1,成都天府国际空港综合保税区 (Chengdu Tianfu International Airport Comprehensive Bonded Zone),high,S08,https://www.news.cn/fortune/20260227/5d8855773dfd4653a512e908536c4cb4/c.html,四川首个空港型综合保税区——成都天府国际空港综合保税区正式封关运作,
chengdu_tianfu,Khu chức năng chuyên biệt,trade_park_ha,float,1,108.0,high,S08,https://www.news.cn/fortune/20260227/5d8855773dfd4653a512e908536c4cb4/c.html,成都天府国际空港综合保税区毗邻天府国际机场，规划面积1.08平方公里，是四川省第6个综合保税区。,
chicago_o_hare,Định danh,case_name,string,1,Chicago O'Hare Airport City,medium,S15,https://en.wikipedia.org/wiki/O%27Hare_International_Airport,O'Hare International Airport,
chicago_o_hare,Định danh,aerotropolis,string,1,O'Hare International Airport / O'Hare 21,medium,S04,https://ord21.com/About/Pages/Happening-Now.aspx,O’Hare 21 is Chicago's vision for a modern airport that will be an efficient and accessible international gateway to the world and Chicago,
chicago_o_hare,Định danh,country,string,1,Hoa Kỳ,medium,S07,https://www.chicago.gov/city/en/depts/mayor/press_room/press_releases/2024/august/Ohare-Airport-Northeast-Cargo-Campus-Completion.html,City of Chicago :: Mayor Brandon Johnson Celebrates Completion of Northeast Cargo Campus at O’hare International Airport,
chicago_o_hare,Định danh,is_target,bool,1,False,high,S15,https://en.wikipedia.org/wiki/O%27Hare_International_Airport,O'Hare International Airport,
chicago_o_hare,Định danh,airport_name,string,1,Chicago O'Hare International Airport (ORD),high,S02,https://www.flychicago.com/business/cargo/pages/default.aspx,Chicago O’Hare International Airport is not only among the busiest airports for passenger traffic and flight operations but also one of the largest air cargo ga,
chicago_o_hare,Định danh,reference_city,string,1,Chicago,high,S08,https://www.chicago.gov/content/dam/city/depts/fin/supp_info/CAFR/2024CAFR/OHare2024.pdf,"Located 18 miles northwest of the City’s central business district, the Airport occupies over 7,200 acres of land.",
chicago_o_hare,Định danh,official_website,string,1,https://www.flychicago.com,medium,S01,https://www.flychicago.com/business/CDA/factsfigures/pages/default.aspx,url: https://www.flychicago.com/business/CDA/factsfigures/pages/default.aspx,
chicago_o_hare,Vị trí & lịch sử,location_desc,string,1,"Sân bay nằm cách khu trung tâm thương mại (central business district) của Chicago 18 dặm về phía tây bắc, được kết nối bằng mạng lưới đường cao tốc thuộc hệ thống Interstate Highway liên bang và nối t",high,S08,https://www.chicago.gov/content/dam/city/depts/fin/supp_info/CAFR/2024CAFR/OHare2024.pdf,"Located 18 miles northwest of the City’s central business district, the Airport occupies over 7,200 acres of land. The Airport is accessed by a network of highw",
chicago_o_hare,Vị trí & lịch sử,distance_to_city_km,float,1,28.97,medium,S08,https://www.chicago.gov/content/dam/city/depts/fin/supp_info/CAFR/2024CAFR/OHare2024.pdf,"Located 18 miles northwest of the City’s central business district, the Airport occupies over 7,200 acres of land.",
chicago_o_hare,Vị trí & lịch sử,area_km2,float,0,,,,,,"Tài liệu chỉ nêu diện tích khuôn viên sân bay (7.200 acres) và diện tích khu công nghiệp Elk Grove Village, không có tổng diện tích khu đô thị sân bay."
chicago_o_hare,Vị trí & lịch sử,airport_build_period,string,1,1945-nay,low,S15,https://en.wikipedia.org/wiki/O%27Hare_International_Airport,"In 1945, Chicago mayor Edward Kelly established a board to choose the site of a new airport to meet future demand.",
chicago_o_hare,Vị trí & lịch sử,urban_build_period,string,0,,,,,,Tài liệu không nêu giai đoạn phát triển phần đô thị quanh sân bay.
chicago_o_hare,Vị trí & lịch sử,founded_year,int,1,1945,medium,S15,https://en.wikipedia.org/wiki/O%27Hare_International_Airport,"In 1945, Chicago mayor Edward Kelly established a board to choose the site of a new airport to meet future demand.",
chicago_o_hare,Vị trí & lịch sử,development_context,string,1,Năm 1945 Thị trưởng Chicago Edward Kelly lập hội đồng chọn địa điểm sân bay mới đáp ứng nhu cầu tương lai; khu đất Orchard Field vốn là nhà máy sản xuất máy bay C-54 của Douglas thời chiến được thành ,medium,S15,https://en.wikipedia.org/wiki/O%27Hare_International_Airport,"In 1945, Chicago mayor Edward Kelly established a board to choose the site of a new airport to meet future demand. After considering various proposals, the boar",
chicago_o_hare,Định vị & quy hoạch,positioning,string,1,"Cửa ngõ quốc tế hiện đại và trung tâm trung chuyển (hub) quốc tế hàng đầu của Chicago, đồng thời là một trong những cửa ngõ hàng hoá hàng không lớn nhất thế giới — sân bay số 1 nước Mỹ về giá trị thươ",medium,S04,https://ord21.com/About/Pages/Happening-Now.aspx,"Once completed, O’Hare 21 will have transformed O’Hare into a premier international hub that has been designed to meet the evolving needs of the traveling publi",
chicago_o_hare,Định vị & quy hoạch,planning_concept,string,1,"Chương trình ô (umbrella) đa chiều, đa giai đoạn O'Hare 21: Terminal Area Plan (TAP) gồm O'Hare Global Terminal và hai nhà ga vệ tinh (Satellite Concourses), hoàn tất các hạng mục sân đường bay của O'",medium,S04,https://ord21.com/About/Pages/Happening-Now.aspx,"O’Hare 21 is a multi-dimensional, multi-phased umbrella for the long-term vision for O’Hare and includes: The Terminal Area Plan (TAP)—which includes both the O",
chicago_o_hare,Định vị & quy hoạch,cornerstones,string_list,1,"hàng không hành khách (hub quốc tế); hàng hoá hàng không (air cargo); khách sạn trong sân bay (on-airport hotel); hạ tầng kết nối đa phương thức (Multi-Modal Facility, Airport Transit System); logisti",medium,S04,https://ord21.com/About/Pages/Happening-Now.aspx,"Terminal 3 Concourse L expansion
Central deicing pad
On-airport hotel developments
Northeast cargo development
15-Year O’Hare Capital Improvement Plan (CIP)
Mod",
chicago_o_hare,Định vị & quy hoạch,subzones,string_list,1,"O'Hare Global Terminal (Terminal 2); Satellite Concourses (Concourse D, Concourse E); Terminal 3 (ElevateT3); Terminal 5; Northeast Cargo Area (NEC) / Northeast Cargo Campus; South Cargo Area (Southwe",medium,S15,https://en.wikipedia.org/wiki/O%27Hare_International_Airport,"There are presently two main cargo areas at O'Hare. The South Cargo Area... This large collection of facilities, in three sections (Southwest, South Central, an",
chicago_o_hare,Chỉ số quy mô,passengers_million,float,0,,,,,,Tài liệu chỉ nêu số hành khách lên máy bay (enplaned) 39.983.139 trong bảng phân bổ theo hãng mà không xác nhận rõ năm/tổng hành khách; trang Facts and Figures [S01] không hiển thị số liệu.
chicago_o_hare,Chỉ số quy mô,cargo_million_tonnes,float,1,2.231089,medium,S15,https://en.wikipedia.org/wiki/O%27Hare_International_Airport,"Cargo (metric tons)
2,231,089",
chicago_o_hare,Chỉ số quy mô,air_movements,int,1,857392,medium,S15,https://en.wikipedia.org/wiki/O%27Hare_International_Airport,"Aircraft movements
857,392",
chicago_o_hare,Chỉ số quy mô,destinations,int,1,249,high,S15,https://en.wikipedia.org/wiki/O%27Hare_International_Airport,"O'Hare has non-stop flights to 249 destinations in North America, South America, the Caribbean, Europe, Africa, Asia, the Middle East and the North Atlantic reg",
chicago_o_hare,Chỉ số quy mô,airlines,int,0,,,,,,"Nguồn chỉ nêu con số marketing dạng 'over 25 cargo carriers' và 'over 30 international passenger airlines', không có tổng số hãng bay khai thác chính xác."
chicago_o_hare,Chỉ số quy mô,transfer_pct,float,0,,,,,,Tài liệu không nêu tỷ lệ hành khách trung chuyển (transfer).
chicago_o_hare,Chỉ số quy mô,airport_area_ha,float,1,2900.0,high,S15,https://en.wikipedia.org/wiki/O%27Hare_International_Airport,"by April 1959 the airport had expanded to
7,200 acres (2,900
ha)",
chicago_o_hare,Chỉ số quy mô,employees,int,0,,,,,,"Tài liệu chỉ nêu ~5.000 việc làm liên quan tới cargo và ~2.200 việc làm cargo tại khu Northeast Cargo, không có tổng số người làm việc tại sân bay/khu đô thị."
chicago_o_hare,Chỉ số quy mô,num_companies_airport,int,0,,,,,,Tài liệu không nêu số doanh nghiệp hoạt động tại sân bay.
chicago_o_hare,Chỉ số quy mô,num_companies_realestate,int,0,,,,,,"Tài liệu không nêu số doanh nghiệp thuê bất động sản trong khu; con số 5.600+ doanh nghiệp thuộc khu công nghiệp Elk Grove Village lân cận, không phải khu đô thị sân bay."
chicago_o_hare,Chỉ số quy mô,num_office_buildings,int,0,,,,,,Tài liệu không nêu số toà nhà văn phòng.
chicago_o_hare,Chỉ số quy mô,jobs_created,int,1,22000,medium,S04,https://ord21.com/About/Pages/Happening-Now.aspx,"As an economic engine for the City of Chicago, the region and the state, this project in the end will create nearly 22,000 design and construction jobs.",
chicago_o_hare,Đầu tư & quản trị,total_investment_usd,string,1,"8,5 tỷ USD (chương trình O'Hare 21 — ""$8.5 billion project"")",high,S04,https://ord21.com/About/Pages/Happening-Now.aspx,This $8.5 billion project will also be a model of inclusiveness and transparency,
chicago_o_hare,Đầu tư & quản trị,investor_governance,string,1,"Sân bay thuộc sở hữu Thành phố Chicago, do Sở Hàng không Chicago (Chicago Department of Aviation - CDA) quản lý vận hành; chương trình O'Hare 21 được Thành phố Chicago cùng các hãng hàng không đối tác",high,S15,https://en.wikipedia.org/wiki/O%27Hare_International_Airport,"By terms of the agreement, total costs of $8.5 billion for the project are to be borne by bonds issued by the city, which will be retired by airport usage fees ",
chicago_o_hare,Đầu tư & quản trị,gov_led_ratio_pct,float,0,,,,,,Tài liệu không nêu tỷ lệ vốn/quyền chi phối của nhà nước.
chicago_o_hare,Đầu tư & quản trị,private_ratio_pct,float,0,,,,,,Tài liệu không nêu tỷ lệ vốn tư nhân.
chicago_o_hare,Đầu tư & quản trị,lead_developer,string,1,"Chicago Department of Aviation (CDA) – Sở Hàng không Chicago, thuộc Thành phố Chicago",high,S07,https://www.chicago.gov/city/en/depts/mayor/press_room/press_releases/2024/august/Ohare-Airport-Northeast-Cargo-Campus-Completion.html,Mayor Brandon Johnson joined the Chicago Department of Aviation (CDA) and its construction and cargo partners at O’Hare International Airport,
chicago_o_hare,Sản phẩm (CVP 1),cvp_product,string_list,1,Phát triển khách sạn trong sân bay (on-airport hotel developments); Phát triển khu hàng hoá Đông Bắc (Northeast cargo development); Công trình đa phương thức (Multi-Modal Facility); Hệ thống trung chu,medium,S04,https://ord21.com/About/Pages/Happening-Now.aspx,Central deicing pad On-airport hotel developments Northeast cargo development 15-Year O’Hare Capital Improvement Plan (CIP) Modernized Airport Transit System Mu,
chicago_o_hare,Sản phẩm (CVP 1),commercial_re,string_list,1,Kho/nhà ga hàng hoá airside và landside (cargo facilities); Khách sạn trong khuôn viên sân bay (Hilton Chicago O'Hare); Mặt bằng bán lẻ – ăn uống nhượng quyền (concessions); Nhà để xe/bãi đỗ (parking ,medium,S02,https://www.flychicago.com/business/cargo/pages/default.aspx,"Altogether, O’Hare  has approximately two million square feet of airside cargo facilities with space for 40 jumbo freighters (including the B747-8F)",
chicago_o_hare,Sản phẩm (CVP 1),economic_zone_name,string,0,,,,,,Tài liệu không nhắc tới bất kỳ khu kinh tế đặc biệt/FTZ nào gắn với O'Hare.
chicago_o_hare,Sản phẩm (CVP 1),economic_zone_year,int,0,,,,,,Không có đặc khu kinh tế nào được nêu nên không có năm thành lập.
chicago_o_hare,Sản phẩm (CVP 1),residential_product_desc,string,0,,,,,,"Các nguồn chỉ mô tả nhà ga, hàng hoá, khách sạn và hạ tầng; không có bằng chứng về sản phẩm nhà ở."
chicago_o_hare,Sản phẩm (CVP 1),residential_highrise_pct,float,0,,,,,,Tài liệu không nêu bất kỳ tỷ lệ sản phẩm nhà ở nào.
chicago_o_hare,Sản phẩm (CVP 1),residential_lowrise_pct,float,0,,,,,,Tài liệu không nêu bất kỳ tỷ lệ sản phẩm nhà ở nào.
chicago_o_hare,Sản phẩm (CVP 1),residential_land_pct,float,0,,,,,,Tài liệu không nêu bất kỳ tỷ lệ sản phẩm nhà ở nào.
chicago_o_hare,Sản phẩm (CVP 1),basic_amenities,string_list,1,Khu tiện ích nhà ga mở rộng (tăng 75% diện tích tiện ích); Nhà để xe 6 tầng phục vụ Terminal 5; Khách sạn Hilton Chicago O'Hare; Trạm nạp nước uống (Water Refill Stations),medium,S08,https://www.chicago.gov/content/dam/city/depts/fin/supp_info/CAFR/2024CAFR/OHare2024.pdf,"Highlights of the expansion include: 350,000 additional square feet of space, 10 additional gates, a state-of-the-art baggage handling system, and 75% more amen",
chicago_o_hare,Sản phẩm (CVP 1),highlight_amenities,string_list,1,O'Hare Global Terminal; Hai nhà ga vệ tinh (Satellite Concourses – Concourse D và E); Terminal 5 mở rộng với nghệ thuật chất lượng bảo tàng; Northeast Cargo Campus,medium,S04,https://ord21.com/About/Pages/Happening-Now.aspx,The Terminal Area Plan (TAP)—which includes both the O’Hare Global Terminal and the two Satellite Concourses,
chicago_o_hare,Giá (CVP 2),cvp_price,string,1,"Thu tiền qua phí hạ cánh (landing fees), phí sử dụng khu vực nhà ga (terminal area use charges), phí hệ thống nạp nhiên liệu, doanh thu bất động sản hàng không, phí đỗ xe, doanh thu khách sạn và nhượn",high,S08,https://www.chicago.gov/content/dam/city/depts/fin/supp_info/CAFR/2024CAFR/OHare2024.pdf,"Revenues from landing fees, terminal area use charges, fueling system charges, aeronautical real estate revenue, parking revenue, hotel revenue and concessions ",
chicago_o_hare,Giá (CVP 2),office_rent_eur_m2_year,object,0,,,,,,Không có dòng chào giá thuê văn phòng (Starting at/From) trong tài liệu.
chicago_o_hare,Giá (CVP 2),cvp_price_note,string,1,"Phí hạ cánh, phí sử dụng khu vực nhà ga và phí hệ thống nhiên liệu được áp cho các hãng hàng không theo mức ước tính hằng năm, thiết kế để thu đủ bù chi phí và nghĩa vụ trả nợ; điều khoản rates and ch",medium,S08,https://www.chicago.gov/content/dam/city/depts/fin/supp_info/CAFR/2024CAFR/OHare2024.pdf,"Landing fees, terminal area use charges, and fueling system charges are assessed to the various airlines throughout each fiscal year based on estimated rates.",
chicago_o_hare,Giá (CVP 2),price_vs_reference,string,0,,,,,,Tài liệu không so sánh mặt bằng giá thuê/giá bán với thành phố tham chiếu nào.
chicago_o_hare,Giá (CVP 2),living_fee_usd_per_m2_month,string,0,,,,,,Không có thông tin phí quản lý/duy trì theo m²/tháng.
chicago_o_hare,Giá (CVP 2),has_urban_service_fee,bool,0,,,,,,Không có bằng chứng về phí dịch vụ đô thị trong tài liệu.
chicago_o_hare,Giá (CVP 2),sales_scheme,string,1,"Mô hình B2B cho thuê: sân bay (thuộc City of Chicago) ký hợp đồng thuê vận hành dài hạn và hợp đồng nhượng quyền dịch vụ với đối tác (ví dụ hợp đồng thuê vận hành 10 năm với Hilton Management, LLC và ",medium,S08,https://www.chicago.gov/content/dam/city/depts/fin/supp_info/CAFR/2024CAFR/OHare2024.pdf,"The Airport has entered into a 10-year operating lease agreement with Hilton Management, LLC for hotel operations and Hyde Park Hospitality, LLC for food and be",
chicago_o_hare,Dịch vụ (CVP 3),cvp_service,string_list,1,Small Business Resource Centers (trung tâm hỗ trợ doanh nghiệp nhỏ); O’Hare Air Service Incentive Program (chương trình khuyến khích mở đường bay); Cooperative Air Service Marketing Plan (kế hoạch mar,medium,S01,https://www.flychicago.com/business/CDA/factsfigures/pages/default.aspx,"Small Business Resource Centers
O’Hare Air Service Incentive Program
Cooperative Air Service Marketing Plan
Advertising
Advertising Guidelines
Bids and Contract",
chicago_o_hare,Dịch vụ (CVP 3),airport_privilege,string,0,,,,,,"Không có bằng chứng về đặc quyền sân bay (fast track, ưu đãi vé, priority) dành cho cư dân/doanh nghiệp trong khu."
chicago_o_hare,Dịch vụ (CVP 3),has_airport_privilege,bool,0,,,,,,Tài liệu không đề cập chính sách ưu đãi sân bay riêng cho cư dân/doanh nghiệp.
chicago_o_hare,Dịch vụ (CVP 3),smart_city,string,0,,,,,,"Tài liệu chỉ nêu hệ thống xử lý hành lý hiện đại và Airport Transit System nâng cấp, không có bằng chứng về tích hợp IoT/AI/hạ tầng số kiểu smart city."
chicago_o_hare,Dịch vụ (CVP 3),has_smart_city,bool,0,,,,,,Không có bằng chứng về nền tảng đô thị thông minh trong tài liệu.
chicago_o_hare,Trải nghiệm (CVP 4),cvp_experience,string_list,1,"Nghệ thuật trưng bày chất lượng bảo tàng (museum-quality art); Phòng chờ cao cấp (premium lounge) tăng gấp đôi diện tích; Nhà ga sáng, thoáng và tiếp cận thuận tiện; Trải nghiệm liền mạch 'curb to gat",medium,S08,https://www.chicago.gov/content/dam/city/depts/fin/supp_info/CAFR/2024CAFR/OHare2024.pdf,"The Terminal 5 expansion provides a stunning, light-filled, accessible terminal, with enhanced amenities and museum-quality art.",
chicago_o_hare,Trải nghiệm (CVP 4),experience_desc,string,1,"O'Hare 21 là tầm nhìn của Chicago về một sân bay hiện đại, trở thành cửa ngõ quốc tế hiệu quả và dễ tiếp cận, chuyển đổi toàn bộ trải nghiệm hành khách từ lề đường tới cửa lên máy bay (curb to gate).",medium,S04,https://ord21.com/About/Pages/Happening-Now.aspx,"O’Hare 21 is Chicago's vision for a modern airport that will
be an efficient and accessible international gateway to the
world and Chicago – transforming the tr",
chicago_o_hare,Thuận tiện (CVP 5),cvp_convenience,string_list,1,"Liền kề sân bay quốc tế O'Hare; Tiếp cận toàn bộ các tuyến đường sắt Class I; Kết nối cao tốc I-90, I-290, I-294, I-355 và IL Route 390; Tuyến I-490 Tollway mới có lối vào/ra trực tiếp sân bay; Kenned",medium,S13,https://www.makerswanted.org/why-egv/industrial-park/,"· Adjacent to O’Hare International Airport
· Access to all major class 1 rail lines
· Accessible by I-90, I-290, I-294, I-355, and IL Route 390",
chicago_o_hare,Thuận tiện (CVP 5),connectivity_desc,string,1,"Chicagoland là vùng duy nhất tại Mỹ nơi 6 trong 7 tuyến đường sắt Class I của quốc gia hội tụ, cùng sân bay O'Hare đẳng cấp thế giới và khả năng tiếp cận dễ dàng hệ thống cao tốc liên bang cũng như tu",high,S14,https://worldbusinesschicago.com/tdl/,"Chicagoland is the only region in the U.S. where six of the nation’s seven Class I railroads converge, alongside the world-class O’Hare International Airport an",
chicago_o_hare,Thuận tiện (CVP 5),connection_modes,string_list,1,"Tàu điện đô thị CTA ""L"" (Blue Line); Xe buýt (bus) và xe đưa đón sân bay (shuttle); Taxi; Cao tốc/đường thu phí (Kennedy Expressway, I-490, IL Route 390); Đường sắt Class I / Metra",medium,S15,https://en.wikipedia.org/wiki/O%27Hare_International_Airport,"On the ground, road access to the airport is offered by airport shuttle, bus, the
Chicago ""L""
, or taxis. The
Kennedy Expressway
goes directly into the airport.",
chicago_o_hare,Thuận tiện (CVP 5),metro_lines,int,1,1,medium,S15,https://en.wikipedia.org/wiki/O%27Hare_International_Airport,"CTA ""L"" Blue Line",
chicago_o_hare,Thuận tiện (CVP 5),rail_connections,string_list,1,"CTA ""L"" Blue Line; Metra North Central Service (NCS); Các tuyến đường sắt Class I (CPKC Railway, Union Pacific Railroad)",medium,S15,https://en.wikipedia.org/wiki/O%27Hare_International_Airport,"trains and other Metra trains) and north to
Antioch
, Illinois via various northern suburbs. However, the NCS currently operates peak-direction service on weekd",
chicago_o_hare,Thương hiệu (CVP 6),cvp_brand,string_list,1,"City of Chicago; Chicago Department of Aviation (CDA); Các hãng hàng không đối tác (United Airlines, American Airlines)",medium,S07,https://www.chicago.gov/city/en/depts/mayor/press_room/press_releases/2024/august/Ohare-Airport-Northeast-Cargo-Campus-Completion.html,Mayor Brandon Johnson joined the Chicago Department of Aviation (CDA) and its construction and cargo partners at O’Hare International Airport today to celebrate,
chicago_o_hare,Thương hiệu (CVP 6),brand_desc,string,1,"Thương hiệu được xây dựng quanh chương trình O'Hare 21 trị giá 8,5 tỷ USD: định vị O'Hare thành trung tâm trung chuyển quốc tế hàng đầu, đồng thời là hình mẫu về tính bao trùm và minh bạch, tạo cơ hội",medium,S04,https://ord21.com/About/Pages/Happening-Now.aspx,"This $8.5 billion project will also be a model of inclusiveness
and transparency, creating an unprecedented opportunity for local
participation by minority, wom",
chicago_o_hare,Thương hiệu (CVP 6),brand_partners,string_list,1,United Airlines; American Airlines; Realterm; Worldwide Flight Services (WFS); BOWA Construction; AGI; DHL; Swissport; Hilton; FedEx; UPS,medium,S07,https://www.chicago.gov/city/en/depts/mayor/press_room/press_releases/2024/august/Ohare-Airport-Northeast-Cargo-Campus-Completion.html,"Worldwide Flight Services (WFS) serves as cargo handling operator for the Phase III facilities, with AGI, DHL and Swissport operating in Phases I and II.",
chicago_o_hare,Tầm nhìn & bền vững,vision_label,string,1,O'Hare 21,high,S04,https://ord21.com/About/Pages/Happening-Now.aspx,"O’Hare 21 is Chicago's vision for a modern airport that will
be an efficient and accessible international gateway to the
world and Chicago",
chicago_o_hare,Tầm nhìn & bền vững,vision_qualities,string_list,1,Sân bay hiện đại; Hiệu quả và dễ tiếp cận; Cửa ngõ quốc tế của thế giới và Chicago; Trung tâm trung chuyển quốc tế hàng đầu (premier international hub); Bao trùm và minh bạch (inclusiveness and transp,medium,S04,https://ord21.com/About/Pages/Happening-Now.aspx,"Once completed, O’Hare 21 will have transformed
O’Hare into a premier international hub that has been designed
to meet the evolving needs of the traveling publi",
chicago_o_hare,Tầm nhìn & bền vững,aviation_policy,string,1,"Chương trình O'Hare 21 với Terminal Area Plan (TAP), hoàn tất O'Hare Modernization Program (OMP) và Kế hoạch cải tạo vốn 15 năm (15-Year O'Hare Capital Improvement Plan – CIP); song hành là Sustainabl",medium,S04,https://ord21.com/About/Pages/Happening-Now.aspx,"The Terminal Area Plan (TAP)—which includes both the O’Hare Global Terminal and the two Satellite Concourses
Completion of the O’Hare Modernization Program (OMP",
chicago_o_hare,Tầm nhìn & bền vững,sustainability,string_list,1,"Sustainable Airport Manual™ (SAM®) – bộ hướng dẫn bền vững cho thiết kế và xây dựng sân bay đầu tiên tại Mỹ, kèm hệ thống chứng nhận SAM® Certificates; Green Airplane Rating System (hệ thống xếp hạng ",high,S06,https://www.flychicago.com/community/environment/sam/Pages/default.aspx,The Chicago Department of Aviation (CDA) is the first in the nation to develop sustainable guidelines for design and construction at airports.,
chicago_o_hare,Khu chức năng chuyên biệt,logistics_park_name,string,1,Northeast Cargo Campus,high,S12,https://www.realterm.com/news/realterm-completes-ohares-900000-sf-northeast-cargo-campus/,Realterm celebrates the completion of our Northeast Cargo Campus at O’Hare International Airport,
chicago_o_hare,Khu chức năng chuyên biệt,logistics_park_ha,float,1,8.36,medium,S12,https://www.realterm.com/news/realterm-completes-ohares-900000-sf-northeast-cargo-campus/,"The completed cargo campus encompasses about 900,000 square feet of facility space with parking for 13 jumbo freighters, supporting approximately 2,200 cargo jo",
chicago_o_hare,Khu chức năng chuyên biệt,trade_park_name,string,0,,,,,,Tài liệu không nêu khu thương mại/business park có tên riêng thuộc khu đô thị sân bay.
chicago_o_hare,Khu chức năng chuyên biệt,trade_park_ha,float,0,,,,,,Không có khu thương mại/business park được xác định nên không có diện tích tương ứng.
dfw,Định danh,case_name,string,1,Dallas–Fort Worth Aerotropolis,medium,baseline,,,
dfw,Định danh,aerotropolis,string,1,DFW Aerotropolis / DFW Airport commercial land,medium,baseline,,,
dfw,Định danh,country,string,1,Mỹ,high,S02,https://www.dfwairport.com/business/opportunities/commercial-development/,"Near the geographic heart of the United States, equally accessible to both the East and West Coasts, DFW International Airport’s premier location is uniquely po",
dfw,Định danh,is_target,bool,1,False,medium,baseline,,,
dfw,Định danh,airport_name,string,1,Dallas Fort Worth International Airport,high,S01,https://www.dfwairport.com/business/about/facts/,Welcome to Dallas Fort Worth International Airport,
dfw,Định danh,reference_city,string,1,Dallas – Fort Worth,high,S01,https://www.dfwairport.com/business/about/facts/,"Centered between its owner cities of Dallas and Fort Worth, Texas, DFW Airport also serves as a major economic generator for the North Texas region",
dfw,Định danh,official_website,string,1,https://www.dfwairport.com,medium,baseline,,,
dfw,Vị trí & lịch sử,location_desc,string,1,"Nằm giữa hai thành phố chủ sở hữu Dallas và Fort Worth (bang Texas, vùng North Texas); khuôn viên sân bay trải rộng trên bốn thành phố, gần tâm địa lý của nước Mỹ và là đầu mối giao thông lớn của vùng",medium,S01,https://www.dfwairport.com/business/about/facts/,"Centered between its owner cities of Dallas and Fort Worth, Texas, DFW Airport also serves as a major economic generator for the North Texas region",
dfw,Vị trí & lịch sử,distance_to_city_km,float,0,,,,,,"Tài liệu không nêu khoảng cách từ sân bay/khu đô thị tới trung tâm Dallas hoặc Fort Worth (chỉ có khoảng cách 12 dặm giữa Amon Carter Field và Love Field năm 1953, khác thực thể)."
dfw,Vị trí & lịch sử,area_km2,float,1,24.28,medium,S02,https://www.dfwairport.com/business/opportunities/commercial-development/,"represents a dynamic opportunity for development and leasing on approximately 6,000 acres designated for commercial use",
dfw,Vị trí & lịch sử,airport_build_period,string,1,1969-1974,medium,S07,https://en.wikipedia.org/wiki/Dallas_Fort_Worth_International_Airport,The land was purchased by the cities in 1966 and construction began in 1969.,
dfw,Vị trí & lịch sử,urban_build_period,string,0,,,,,,Tài liệu không nêu mốc thời gian bắt đầu phát triển phần đô thị/thương mại quanh sân bay.
dfw,Vị trí & lịch sử,founded_year,int,1,1974,high,S01,https://www.dfwairport.com/business/about/facts/,"Year Opened:
1974",
dfw,Vị trí & lịch sử,development_context,string,1,"Sau khi FAA từ chối tiếp tục rót vốn cho hai sân bay riêng rẽ của Dallas và Fort Worth (1961) và chính quyền liên bang ra lệnh năm 1964 sẽ tự chọn địa điểm nếu hai thành phố không thoả thuận được, hai",medium,S07,https://en.wikipedia.org/wiki/Dallas_Fort_Worth_International_Airport,The joint airport proposal was revisited in 1961 after the Federal Aviation Administration (FAA) refused to invest more money into separate Dallas and Fort Wort,
dfw,Định vị & quy hoạch,positioning,string,1,"Siêu trung tâm trung chuyển hàng không đẳng cấp thế giới (World-Class Super-Hub) – động lực thương mại vùng, quốc gia và quốc tế",medium,S02,https://www.dfwairport.com/business/opportunities/commercial-development/,A World-Class Super-Hub,
dfw,Định vị & quy hoạch,planning_concept,string,1,"Phát triển theo quy hoạch tổng thể (master-planned) thành các khu chức năng riêng biệt trên quỹ đất sân bay: văn phòng/bán lẻ, logistics/công nghiệp/flex, khách sạn – dịch vụ, gắn với Land Use Plan và",medium,S04,https://www.dfwairport.com/business/opportunities/commercial-development/logistics-industrial-flex/,Passport Business Park (PBP) is a master-planned development district located at the south end of the Airport.,
dfw,Định vị & quy hoạch,cornerstones,string_list,1,bán lẻ; khách sạn – lưu trú; văn phòng; logistics/kho vận; công nghiệp nhẹ – flex-showroom,medium,S03,https://www.dfwairport.com/business/opportunities/commercial-development/office-retail/,"70 acres; Retail, hotel, flex-showroom/light industrial developments",
dfw,Định vị & quy hoạch,subzones,string_list,1,Southgate Plaza; Belt Line Station; International Commerce Park; Passport Business Park; 635 Industrial; Northwest Logistics; Walnut Hill Industrial,medium,S04,https://www.dfwairport.com/business/opportunities/commercial-development/logistics-industrial-flex/,Passport Business Park (PBP) is a master-planned development district located at the south end of the Airport.,
dfw,Chỉ số quy mô,passengers_million,float,1,86.0,medium,S01,https://www.dfwairport.com/business/about/facts/,"Today, Dallas Fort Worth International (DFW) Airport warmly welcomes more than 86 million customers along their journey every year",
dfw,Chỉ số quy mô,cargo_million_tonnes,float,0,,,,,,"Tài liệu chỉ nêu có 19 hãng bay chở hàng, không có sản lượng hàng hoá (tấn/năm)."
dfw,Chỉ số quy mô,air_movements,int,0,,,,,,"Tài liệu chỉ xếp hạng DFW thứ 3 thế giới về operations/aircraft movements, không nêu con số lượt bay cụ thể."
dfw,Chỉ số quy mô,destinations,int,1,271,medium,S01,https://www.dfwairport.com/business/about/facts/,DFW Airport customers can choose among 193 domestic and 78 international nonstop destinations worldwide.,
dfw,Chỉ số quy mô,airlines,int,1,29,high,S07,https://en.wikipedia.org/wiki/Dallas_Fort_Worth_International_Airport,"DFW Airport has service to 269 destinations (196 domestic, 73 international) from 29 passenger airlines.",
dfw,Chỉ số quy mô,transfer_pct,float,0,,,,,,Tài liệu không nêu tỷ lệ hành khách trung chuyển (transfer).
dfw,Chỉ số quy mô,airport_area_ha,float,1,6953.72,medium,S01,https://www.dfwairport.com/business/about/facts/,"Size:
DFW covers more than 26.9 square miles
Real property consists of 17,183 acres",
dfw,Chỉ số quy mô,employees,int,1,50600,high,S05,https://www.dfwairport.com/dfwnewsroom/study-dfw-airport-now-contributes-usd78-3-billion-annually-to-north-texas/,"Direct employment at the airport currently totals more than 50,600 jobs.",
dfw,Chỉ số quy mô,num_companies_airport,int,0,,,,,,Tài liệu không nêu số doanh nghiệp hoạt động tại sân bay.
dfw,Chỉ số quy mô,num_companies_realestate,int,0,,,,,,Tài liệu không nêu số doanh nghiệp thuê bất động sản trong khu.
dfw,Chỉ số quy mô,num_office_buildings,int,0,,,,,,Tài liệu không nêu số toà nhà văn phòng.
dfw,Chỉ số quy mô,jobs_created,int,1,684000,high,S05,https://www.dfwairport.com/dfwnewsroom/study-dfw-airport-now-contributes-usd78-3-billion-annually-to-north-texas/,"Dallas Fort Worth International (DFW) Airport now contributes more than $78 billion annually to the North Texas economy and supports more than 684,000 jobs acro",
dfw,Đầu tư & quản trị,total_investment_usd,string,1,$12 billion capital plan – DFW Forward (kế hoạch đầu tư vốn khoảng 12 tỷ USD),medium,S05,https://www.dfwairport.com/dfwnewsroom/study-dfw-airport-now-contributes-usd78-3-billion-annually-to-north-texas/,"The airport’s historic $12 billion capital plan –
DFW Forward
– is set to transform the customer experience and plan for the future with monumental upgrades and",
dfw,Đầu tư & quản trị,investor_governance,string,1,Sân bay thuộc sở hữu chung của hai thành phố Dallas và Fort Worth; quản trị bởi hội đồng quản trị sân bay được bổ nhiệm gồm 7 thành viên từ Dallas và 4 thành viên từ Fort Worth (DFW Airport Board of D,high,S07,https://en.wikipedia.org/wiki/Dallas_Fort_Worth_International_Airport,the cities instead established an appointed airport board consisting of seven members from Dallas and four from Fort Worth,
dfw,Đầu tư & quản trị,gov_led_ratio_pct,float,0,,,,,,Tài liệu không nêu tỷ lệ vốn/vai trò nhà nước bằng số cụ thể.
dfw,Đầu tư & quản trị,private_ratio_pct,float,0,,,,,,Tài liệu không nêu tỷ lệ vốn tư nhân bằng số cụ thể.
dfw,Đầu tư & quản trị,lead_developer,string,1,Dallas Fort Worth International Airport (bộ phận Commercial Development),medium,S02,https://www.dfwairport.com/business/opportunities/commercial-development/,Commercial Development is an essential component of DFW International Airport’s innovative business structure and represents a dynamic opportunity for developme,
dfw,Sản phẩm (CVP 1),cvp_product,string_list,1,văn phòng; bán lẻ; khách sạn/lưu trú; nhà hàng; logistics/kho vận; công nghiệp nhẹ; flex-showroom; kho hàng (warehouse),high,S03,https://www.dfwairport.com/business/opportunities/commercial-development/office-retail/,"32 acres; Hospitality, retail, office, restaurants ... 70 acres; Retail, hotel, flex-showroom/light industrial developments",
dfw,Sản phẩm (CVP 1),commercial_re,string_list,1,văn phòng; bán lẻ; khách sạn; nhà hàng; kho hàng công nghiệp (industrial warehouse); logistics/kho vận; flex-showroom/công nghiệp nhẹ; cơ sở e-commerce và đào tạo,high,S04,https://www.dfwairport.com/business/opportunities/commercial-development/logistics-industrial-flex/,"376 acres, Industrial warehouse, logistics ... 598 acres of logistics, industrial and office ... 160 acres, Logistics, e-commerce, training",
dfw,Sản phẩm (CVP 1),economic_zone_name,string,1,Foreign Trade Zone,medium,S02,https://www.dfwairport.com/business/opportunities/commercial-development/,"Why DFW Airport
Land Use Plan
Foreign Trade Zone
Tenant Resources
Contact",
dfw,Sản phẩm (CVP 1),economic_zone_year,int,0,,,,,,"Tài liệu chỉ nhắc mục 'Foreign Trade Zone' trong menu, không nêu năm thành lập."
dfw,Sản phẩm (CVP 1),residential_product_desc,string,0,,,,,,"Tài liệu chỉ mô tả các phân khu thương mại/logistics/khách sạn của DFW, không nêu sản phẩm nhà ở trong khu (khu thiên về business)."
dfw,Sản phẩm (CVP 1),residential_highrise_pct,float,0,,,,,,Không có số liệu tỷ lệ nhà cao tầng trong tài liệu.
dfw,Sản phẩm (CVP 1),residential_lowrise_pct,float,0,,,,,,Không có số liệu tỷ lệ nhà thấp tầng trong tài liệu.
dfw,Sản phẩm (CVP 1),residential_land_pct,float,0,,,,,,Không có số liệu tỷ lệ đất nền/nhà ở trong tài liệu.
dfw,Sản phẩm (CVP 1),basic_amenities,string_list,1,"bán lẻ; khách sạn; nhà hàng; bưu điện riêng; cảnh sát, cứu hoả và dịch vụ y tế cấp cứu riêng; trung tâm cho thuê xe (rental car center)",medium,S07,https://en.wikipedia.org/wiki/Dallas_Fort_Worth_International_Airport,"It has its own post office
ZIP Code
, 75261, and
United States Postal Service
city designation (""DFW Airport, TX""), as well as its own police, fire protection, ",
dfw,Sản phẩm (CVP 1),highlight_amenities,string_list,1,Hyatt Regency DFW; Hyatt Place (gần trụ sở sân bay); Southgate Plaza; Beltline Station District; International Commerce Park; Passport Business Park,medium,S03,https://www.dfwairport.com/business/opportunities/commercial-development/office-retail/,Southgate Plaza is a master-planned development which is well positioned outside of the terminal area. DFW Airport has located its headquarters and a 137-room H,
dfw,Giá (CVP 2),cvp_price,string,1,"Cho thuê đất/mặt bằng thương mại (leasing) trên khoảng 6.000 acre đất được quy hoạch cho mục đích thương mại; sân bay không dùng tiền thuế của dân cho hoạt động, nguồn thu đến từ doanh nghiệp, đối tác",medium,S02,https://www.dfwairport.com/business/opportunities/commercial-development/,Commercial Development is an essential component of DFW International Airport’s innovative business structure and represents a dynamic opportunity for developme,
dfw,Giá (CVP 2),office_rent_eur_m2_year,object,0,,,,,,Tài liệu không có dòng chào giá thuê văn phòng (không có 'Starting at/From').
dfw,Giá (CVP 2),cvp_price_note,string,0,,,,,,Không có chú thích về đơn vị/điều kiện giá trong tài liệu.
dfw,Giá (CVP 2),price_vs_reference,string,1,Vùng Dallas Fort Worth được nêu là một trong những vùng hàng đầu nước Mỹ cho kinh doanh nhờ chi phí sinh hoạt thấp và môi trường thân thiện với doanh nghiệp,low,S02,https://www.dfwairport.com/business/opportunities/commercial-development/,"Dallas Fort Worth is one of the top regions in the nation for business, thanks to a low cost of living, a business-friendly environment",
dfw,Giá (CVP 2),living_fee_usd_per_m2_month,string,0,,,,,,Không có dữ liệu phí quản lý/duy trì theo m²/tháng trong tài liệu.
dfw,Giá (CVP 2),has_urban_service_fee,bool,0,,,,,,Tài liệu không nêu bằng chứng về phí dịch vụ đô thị.
dfw,Giá (CVP 2),sales_scheme,string,1,"Mô hình B2B: sân bay cho thuê đất/mặt bằng cho doanh nghiệp phát triển (development and leasing), khách thuê liên hệ qua kênh 'Inquire'; quan hệ hợp đồng theo Use and Lease Agreement",medium,S02,https://www.dfwairport.com/business/opportunities/commercial-development/,"represents a dynamic opportunity for development and leasing on approximately 6,000 acres designated for commercial use",
dfw,Dịch vụ (CVP 3),cvp_service,string_list,1,Tenant Resources (nguồn lực hỗ trợ khách thuê); Foreign Trade Zone (khu thương mại tự do); Airport Development Resources (nguồn lực phát triển dự án); Land Use Plan (quy hoạch sử dụng đất),medium,S02,https://www.dfwairport.com/business/opportunities/commercial-development/,"Why DFW Airport
Land Use Plan
Foreign Trade Zone
Tenant Resources
Contact ... Helpful Links
Airport Development Resources",
dfw,Dịch vụ (CVP 3),airport_privilege,string,0,,,,,,"Tài liệu không nêu ưu đãi sân bay (fast track, ưu đãi vé, priority) dành riêng cho cư dân/doanh nghiệp trong khu."
dfw,Dịch vụ (CVP 3),has_airport_privilege,bool,0,,,,,,Không có bằng chứng trong tài liệu về đặc quyền sân bay cho cư dân/DN trong khu.
dfw,Dịch vụ (CVP 3),smart_city,string,0,,,,,,Tài liệu không nêu nội dung tích hợp IoT/AI/hạ tầng số cho khu; chỉ nói tới hiện đại hoá nhà ga và tiện ích.
dfw,Dịch vụ (CVP 3),has_smart_city,bool,0,,,,,,Không có bằng chứng về mức độ tích hợp đô thị thông minh trong tài liệu.
dfw,Trải nghiệm (CVP 4),cvp_experience,string_list,1,bán lẻ; khách sạn; nhà hàng; trải nghiệm khách hàng tại nhà ga được hiện đại hoá; hội họp/hội nghị (meeting space) tại khách sạn,medium,S01,https://www.dfwairport.com/business/about/facts/,DFW is also elevating the customer experience with modernized facilities and updated amenities.,
dfw,Trải nghiệm (CVP 4),experience_desc,string,1,"DFW nâng tầm trải nghiệm khách hàng bằng cơ sở vật chất hiện đại hoá và tiện ích được nâng cấp; các khách sạn trong sân bay (Hyatt Regency, khách sạn trên Terminal D) có không gian hội họp và nhiều đi",medium,S01,https://www.dfwairport.com/business/about/facts/,"extensive facilities were in business, including a 600-room hotel, a post office, and a few shops and restaurants",
dfw,Thuận tiện (CVP 5),cvp_convenience,string_list,1,"193 điểm đến nội địa và 78 điểm đến quốc tế bay thẳng; vị trí gần trung tâm địa lý nước Mỹ, tiếp cận thuận lợi cả bờ Đông và bờ Tây; tiếp cận ngay mạng lưới đường bộ lớn (SH 114, SH 121, SH 161, SH 18",high,S01,https://www.dfwairport.com/business/about/facts/,DFW Airport customers can choose among 193 domestic and 78 international nonstop destinations worldwide.,
dfw,Thuận tiện (CVP 5),connectivity_desc,string,1,"DFW là siêu hub tầm thế giới, nằm gần trung tâm địa lý nước Mỹ, tiếp cận thuận lợi cả bờ Đông và bờ Tây, vị trí trung tâm của một đầu mối giao thông lớn đang tăng trưởng; tiếp cận ngay mạng lưới đường",high,S02,https://www.dfwairport.com/business/opportunities/commercial-development/,"Near the geographic heart of the United States, equally accessible to both the East and West Coasts, DFW International Airport’s premier location is uniquely po",
dfw,Thuận tiện (CVP 5),connection_modes,string_list,1,"đường sắt nhẹ (DART Orange Line); hybrid rail/đường sắt ngoại ô (TEXRail); đường sắt ngoại ô (Trinity Railway Express); xe bus; cao tốc/đường bộ (SH 114, SH 121, SH 161, SH 183, I-635); xe shuttle - r",high,S08,https://en.wikipedia.org/wiki/DFW_Airport_station,"DFW Airport Terminal A station
, the DART Orange Line station at the airport's Terminal A
DFW Airport Terminal B station
, the TEXRail station at the airport's ",
dfw,Thuận tiện (CVP 5),metro_lines,int,1,1,medium,S08,https://en.wikipedia.org/wiki/DFW_Airport_station,"DFW Airport Terminal A station
, the DART Orange Line station at the airport's Terminal A",
dfw,Thuận tiện (CVP 5),rail_connections,string_list,1,DART Orange Line (ga DFW Airport Terminal A); TEXRail (ga DFW Airport Terminal B và DFW Airport North); Trinity Railway Express (ga CentrePort/DFW Airport),high,S08,https://en.wikipedia.org/wiki/DFW_Airport_station,"CentrePort/DFW Airport station
, the Trinity Railway Express station south of the airport
DFW Airport Terminal A station
, the DART Orange Line station ... DFW ",
dfw,Thương hiệu (CVP 6),cvp_brand,string_list,1,Dallas Fort Worth International Airport (DFW Airport); DFW Airport Board of Directors; thành phố chủ sở hữu Dallas và Fort Worth; American Airlines; DART; Trinity Metro (TEXRail); Hyatt (Hyatt Regency,medium,S01,https://www.dfwairport.com/business/about/facts/,"Centered between its owner cities of Dallas and Fort Worth, Texas, DFW Airport also serves as a major economic generator for the North Texas region",
dfw,Thương hiệu (CVP 6),brand_desc,string,1,"DFW định vị là ""siêu hub đẳng cấp thế giới"" (World-Class Super-Hub) — một trong những sân bay lớn và nhộn nhịp nhất thế giới, dẫn dắt thương mại vùng, quốc gia và quốc tế từ một vị trí then chốt; thươ",high,S02,https://www.dfwairport.com/business/opportunities/commercial-development/,"A World-Class Super-Hub
Dallas Fort Worth International Airport is one of the largest and busiest airports in the world – our world-class super-hub drives regio",
dfw,Thương hiệu (CVP 6),brand_partners,string_list,1,American Airlines; Hyatt Place; Hyatt Regency; The Perryman Group; DART; Trinity Metro,medium,S03,https://www.dfwairport.com/business/opportunities/commercial-development/office-retail/,DFW Airport has located its headquarters and a 137-room Hyatt Place Hotel in this district.,
dfw,Tầm nhìn & bền vững,vision_label,string,0,,,,,,"Tài liệu không nêu nhãn tầm nhìn dạng 'Vision 20xx'; chỉ có các bản DFW Strategic Plan theo giai đoạn (2021-2024, 2016-2020)."
dfw,Tầm nhìn & bền vững,vision_qualities,string_list,1,tăng trưởng thông minh và sẵn sàng cho nhu cầu tương lai; đổi mới sáng tạo; thương mại và thịnh vượng chia sẻ trong cộng đồng; kết nối không đối thủ (unmatched connectivity); trung hoà carbon / bền vữ,medium,S05,https://www.dfwairport.com/dfwnewsroom/study-dfw-airport-now-contributes-usd78-3-billion-annually-to-north-texas/,"we’re investing in new terminals, modern roadways and expanded infrastructure to ensure that DFW continues to grow smartly and remain ready for the needs of the",
dfw,Tầm nhìn & bền vững,aviation_policy,string,1,"DFW International Airport Use and Lease Agreement (hiệu lực 1/10/2023, có thư gia hạn 29/4/2025), cùng Land Use Plan, The Code of Rules and Regulations (gồm Chapter 8: Commercial Activities), Competit",medium,S06,https://www.dfwairport.com/business/about/publications/,"Use Agreement
October 1, 2023 - DFW International Airport Use and Lease Agreement
DFW Extension Offer Letter April 29, 2025",
dfw,Tầm nhìn & bền vững,sustainability,string_list,1,"Sân bay trung hoà carbon (carbon neutral) đầu tiên ở Bắc Mỹ và lớn nhất thế giới; Báo cáo ESG (Environmental, Social, Governance) 2023 và các báo cáo ESG trước đó; Đánh giá môi trường (Environmental A",high,S01,https://www.dfwairport.com/business/about/facts/,"Sustainability Impact:
First Carbon Neutral Airport in North America, largest in the world",
dfw,Khu chức năng chuyên biệt,logistics_park_name,string,1,International Commerce Park,high,S04,https://www.dfwairport.com/business/opportunities/commercial-development/logistics-industrial-flex/,International Commerce Park (ICP) is a master-planned logistics park with more than six million square feet of warehouse space.,
dfw,Khu chức năng chuyên biệt,logistics_park_ha,float,1,152.16,medium,S04,https://www.dfwairport.com/business/opportunities/commercial-development/logistics-industrial-flex/,"376 acres, Industrial warehouse, logistics",
dfw,Khu chức năng chuyên biệt,trade_park_name,string,0,,,,,,"Tài liệu chỉ nhắc mục 'Foreign Trade Zone' trong menu điều hướng, không nêu tên riêng của khu thương mại."
dfw,Khu chức năng chuyên biệt,trade_park_ha,float,0,,,,,,Tài liệu không nêu diện tích khu thương mại/Foreign Trade Zone.
doha,Định danh,case_name,string,1,Doha Airport City,high,S13,https://scb.com/project/doha-airport-city-master-plan/,"Doha Airport City Master Plan
Location
Doha, Qatar",
doha,Định danh,aerotropolis,string,1,HIA Airport City (khu đô thị sân bay Hamad International Airport) – bao gồm Ras Bufontas Free Zone,medium,S12,https://www.oma.com/projects/hia-airport-city,"HIA Airport City is a new 10km2 development where 200,000 people will live and work, linking the new Hamad International Airport with the city of Doha, Qatar.",
doha,Định danh,country,string,1,Qatar,high,S12,https://www.oma.com/projects/hia-airport-city,"linking the new Hamad International Airport with the city of Doha, Qatar",
doha,Định danh,is_target,bool,1,False,medium,baseline,,,
doha,Định danh,airport_name,string,1,Hamad International Airport,high,S08,https://dohahamadairport.com/about-us,"Hamad International Airport, Qatar's state-of-the-art gateway, opened in 2014 alongside the vibrant city of Doha and sparkling Arabian Gulf.",
doha,Định danh,reference_city,string,1,Doha,high,S12,https://www.oma.com/projects/hia-airport-city,"linking the new Hamad International Airport with the city of Doha, Qatar",
doha,Định danh,official_website,string,1,https://qfz.gov.qa,medium,S02,https://qfz.gov.qa/authority/,url: https://qfz.gov.qa/authority/,
doha,Vị trí & lịch sử,location_desc,string,1,"Khu nằm sát ngay Hamad International Airport (HIA), phía đông Doha; Ras Bufontas Free Zone tiếp giáp trực tiếp sân bay và cách trung tâm Doha khoảng 30 phút, được tuyến đầu tiên của Doha Metro (khai t",high,S01,https://qfz.gov.qa/ras-bufontas-4/,"Ras Bufontas covers 4km2 directly adjacent to award-winning Hamad International Airport (HIA), providing unrivalled access to air transportation and efficient c",
doha,Vị trí & lịch sử,distance_to_city_km,float,0,,,,,,"Tài liệu chỉ nêu 'positioned 30 minutes from downtown Doha' (thời gian, không phải km) và '6km' là khoảng cách tới sân bay, không có số km tới trung tâm Doha."
doha,Vị trí & lịch sử,area_km2,float,1,10.0,high,S12,https://www.oma.com/projects/hia-airport-city,"HIA Airport City is a new 10km2 development where 200,000 people will live and work, linking the new Hamad International Airport with the city of Doha, Qatar.",
doha,Vị trí & lịch sử,airport_build_period,string,1,2005-2014,medium,S14,https://en.wikipedia.org/wiki/Hamad_International_Airport,The planning started for a new state-of-the-art airport in 2003 while the construction began in 2005.,
doha,Vị trí & lịch sử,urban_build_period,string,1,2013-nay,medium,S12,https://www.oma.com/projects/hia-airport-city,"Phase One of the 30-year masterplan, which links airside and landside developments for business, logistics, retail, hotels, and residences, will be mostly compl",
doha,Vị trí & lịch sử,founded_year,int,1,2014,high,S08,https://dohahamadairport.com/about-us,"Hamad International Airport, Qatar's state-of-the-art gateway, opened in 2014",
doha,Vị trí & lịch sử,development_context,string,1,"Sân bay Doha International cũ đã hơn 70 năm tuổi, thiếu đất mở rộng và không thể thêm đường băng thứ hai nên Qatar quy hoạch sân bay mới từ 2003, xây từ 2005 và khai trương 2014; song song đó Qatar lậ",medium,S14,https://en.wikipedia.org/wiki/Hamad_International_Airport,"By the end of the 20th century, Doha International Airport (DIA) was over 70 years old and in need of major upgrades. However, lack of available land meant DIA ",
doha,Định vị & quy hoạch,positioning,string,1,"Trung tâm hàng không và logistics toàn cầu: khu thương mại tự do cạnh sân bay (Airport Free Zone) với 'aviation cluster' (cụm hàng không) tại Ras Bufontas hỗ trợ đội bay Qatar Airways, kèm hành lang h",high,S07,https://qfz.gov.qa/qfz-and-qatar-airways-sign-collaboration-agreement-to-boost-aviation-and-logistics-ecosystems/,Qatar Free Zones Authority and Qatar Airways have signed a collaboration agreement to enhance the State of Qatar’s competitiveness as a global aviation and logi,
doha,Định vị & quy hoạch,planning_concept,string,1,"Quy hoạch tổng thể của OMA gồm bốn quận hình tròn xếp dọc một trục xương sống song song với các đường băng HIA, tạo bản sắc thị giác mạnh và mỗi quận có đặc trưng riêng; concept của SCB lấy 'Doha Gran",high,S12,https://www.oma.com/projects/hia-airport-city,"OMA's masterplan is a series of four circular districts along a spine parallel to the HIA runways, intended to create a strong visual identity and districts wit",
doha,Định vị & quy hoạch,cornerstones,string_list,1,Công nghệ mới nổi (emerging tech); Hàng không và kinh doanh (aviation & business); Sản xuất nhẹ (light manufacturing); Công nghệ thông minh (smart technologies),high,S01,https://qfz.gov.qa/ras-bufontas-4/,"Key areas of focus
Emerging tech
Aviation & business
Light manufacturing
Smart technologies",
doha,Định vị & quy hoạch,subzones,string_list,1,logistics/kho vận và công nghiệp nhẹ; văn phòng; khách sạn; bán lẻ; nhà ở; Canal Zone (Doha Grand Canal); International Trade Center,medium,S13,https://scb.com/project/doha-airport-city-master-plan/,"SCB’s concept accommodates a wide range of development options for logistics and light industrial uses, offices, hotels, retail, and residential development",
doha,Chỉ số quy mô,passengers_million,float,1,54.3,high,S09,https://dohahamadairport.com/press-releases/news/2025-operational-performance,"Serving 54.3 million passengers, the airport delivered smooth, efficient operations that supported the nation’s connectivity, trade, tourism, and international ",
doha,Chỉ số quy mô,cargo_million_tonnes,float,1,2.59,high,S09,https://dohahamadairport.com/press-releases/news/2025-operational-performance,"A total of 2.59 million tonnes of cargo was handled over the year, slightly declining year-on-year amid global market shifts.",
doha,Chỉ số quy mô,air_movements,int,1,282975,high,S09,https://dohahamadairport.com/press-releases/news/2025-operational-performance,"The airport also handled 282,975 aircraft movements, representing a 1% increase compared to the previous year.",
doha,Chỉ số quy mô,destinations,int,1,197,medium,S08,https://dohahamadairport.com/about-us,Hamad International Airport now connects travelers to over 197 destinations worldwide.,
doha,Chỉ số quy mô,airlines,int,1,57,high,S09,https://dohahamadairport.com/press-releases/news/2025-operational-performance,"HIA continued to strengthen its network, working with 57 airline partners across 2025.",
doha,Chỉ số quy mô,transfer_pct,float,1,75.1,low,S09,https://dohahamadairport.com/press-releases/news/2025-operational-performance,"Passengers travelling to and from Doha reached 13.5 million in 2025, reflecting a 5.4% increase in point-to-point passengers compared to the previous year.",
doha,Chỉ số quy mô,airport_area_ha,float,1,3600.0,high,S14,https://en.wikipedia.org/wiki/Hamad_International_Airport,"It is spread over an area of
3,600 hectares (9,000 acres)",
doha,Chỉ số quy mô,employees,int,0,,,,,,Không có tài liệu nào nêu số người đang làm việc thực tế trong khu; con số 200.000 người 'sẽ sống và làm việc' của OMA là quy hoạch tương lai.
doha,Chỉ số quy mô,num_companies_airport,int,0,,,,,,Tài liệu không nêu số doanh nghiệp hoạt động tại sân bay.
doha,Chỉ số quy mô,num_companies_realestate,int,0,,,,,,Tài liệu không nêu số doanh nghiệp thuê bất động sản trong khu.
doha,Chỉ số quy mô,num_office_buildings,int,0,,,,,,"Tài liệu chỉ nhắc 'Office accommodation' và 24 Light Industrial Units, không nêu số toà nhà văn phòng."
doha,Chỉ số quy mô,jobs_created,int,0,,,,,,"Nguồn chỉ có con số quy hoạch '200,000 people will live and work' (dự kiến, gộp cả cư dân), không phải việc làm đã tạo."
doha,Đầu tư & quản trị,total_investment_usd,string,0,,,,,,Không tài liệu nào nêu tổng vốn đầu tư của khu đô thị sân bay.
doha,Đầu tư & quản trị,investor_governance,string,1,"Qatar Free Zones Authority (QFZ) là cơ quan độc lập thành lập năm 2018 theo Law No. (34) of 2005 (sửa đổi bởi Legislative Decree No. (21) of 2017), phát triển và quản lý các khu tự do; do một bộ trưởn",high,S02,https://qfz.gov.qa/authority/,"QFZ is chaired by a government minister who leads an executive team that know their markets, and are committed to connecting companies with the opportunities th",
doha,Đầu tư & quản trị,gov_led_ratio_pct,float,0,,,,,,Tài liệu không nêu tỷ lệ phần trăm vốn/vai trò nhà nước.
doha,Đầu tư & quản trị,private_ratio_pct,float,0,,,,,,Tài liệu không nêu tỷ lệ phần trăm vốn tư nhân.
doha,Đầu tư & quản trị,lead_developer,string,1,Qatar Free Zones Authority (QFZ) — tổ chức chịu trách nhiệm phát triển và quản lý các khu tự do của Qatar (masterplan HIA Airport City do OMA lập cho chủ đầu tư NDIA),medium,S05,https://qfz.gov.qa/resource/faq/,Qatar Free Zones Authority (QFZ) is the organization responsible for the development and regulation of the free zones in Qatar.,
doha,Sản phẩm (CVP 1),cvp_product,string_list,1,Đơn vị công nghiệp nhẹ (Light Industrial Units); Lô đất đã có hạ tầng (serviced land plots) cho thuê; Văn phòng; Nhà kho (warehouses); Cơ sở xây sẵn (pre-built facilities),high,S01,https://qfz.gov.qa/ras-bufontas-4/,"24 Light Industrial Units
2km of serviced land plots
Office accommodation
Perfectly tailored infrastructure and facilities",
doha,Sản phẩm (CVP 1),commercial_re,string_list,1,Văn phòng; Lô đất công nghiệp/đất đã có hạ tầng; Nhà kho (warehouses); Đơn vị công nghiệp nhẹ; Kho có kèm văn phòng,high,S06,https://qfz.gov.qa/aerospace/,"Ras Bufontas Free Zone is strategically  located adjacent to Hamad International Airport and offers investors office space, land plots and warehouses.",
doha,Sản phẩm (CVP 1),economic_zone_name,string,1,Ras Bufontas Free Zone,high,S01,https://qfz.gov.qa/ras-bufontas-4/,"Ras Bufontas covers 4km2 directly adjacent to award-winning Hamad International Airport (HIA), providing unrivalled access to air transportation and efficient c",
doha,Sản phẩm (CVP 1),economic_zone_year,int,1,2018,medium,S02,https://qfz.gov.qa/authority/,"QFZ was established in 2018 to develop and oversee Qatar’s new free zones. The Authority was established by Law No. (34) of 2005, as amended by Legislative Decr",
doha,Sản phẩm (CVP 1),residential_product_desc,string,1,"Khu Ras Bufontas là khu thương mại – công nghiệp (khu thương mại tự do) chỉ chào văn phòng, đất và nhà kho; quy hoạch Airport City của OMA có phân khu dân cư nhưng tài liệu không mô tả sản phẩm nhà ở ",low,S12,https://www.oma.com/projects/hia-airport-city,"HIA Airport City is a new 10km2 development where 200,000 people will live and work, linking the new Hamad International Airport with the city of Doha, Qatar.",
doha,Sản phẩm (CVP 1),residential_highrise_pct,float,0,,,,,,Tài liệu không nêu tỷ lệ căn hộ cao tầng
doha,Sản phẩm (CVP 1),residential_lowrise_pct,float,0,,,,,,Tài liệu không nêu tỷ lệ nhà thấp tầng
doha,Sản phẩm (CVP 1),residential_land_pct,float,0,,,,,,Tài liệu không nêu tỷ lệ đất nền nhà ở
doha,Sản phẩm (CVP 1),basic_amenities,string_list,1,Nhiều không gian xanh với hệ thống tưới tiêu điều khiển thông minh; Đường dạo ven biển (beachfront promenade) và tuyến eco-trail; Bãi đỗ xe được che chắn bằng cây xanh thường xanh; Xe buýt đưa đón (sh,high,S01,https://qfz.gov.qa/ras-bufontas-4/,"many green spaces, featuring a green irrigation control system, a beachfront promenade and eco-trail; front-facing parking areas screened by evergreens to prote",
doha,Sản phẩm (CVP 1),highlight_amenities,string_list,1,Hamad International Airport (HIA) liền kề với ORCHARD – vườn nhiệt đới trong nhà 6.000 m²; Oryx Airport Hotel và Oryx Garden Hotel (mỗi khách sạn 100 phòng); 18 phòng chờ cao cấp (lounge) tại HIA; Vit,medium,S08,https://dohahamadairport.com/about-us,"The Orchard:
A 6,000 m² indoor tropical garden with a 575 m² water feature, over 300 trees, and 25,000 plants.
Hotels:
Oryx Airport Hotel and Oryx Garden Hotel,",
doha,Giá (CVP 2),cvp_price,string,1,"Mô hình cho thuê: kết hợp cơ sở xây sẵn (pre-built) và thuê đất (land lease), với giá đất cạnh tranh trong khu vực; nguồn thu chính từ tiền thuê đất/nhà xưởng cộng ưu đãi thuế (miễn thuế doanh nghiệp ",high,S05,https://qfz.gov.qa/resource/faq/,"Mix of pre-built and land lease options to suit your current and future development plans.
Regionally competitive land pricing.
No restrictions on capital repat",
doha,Giá (CVP 2),office_rent_eur_m2_year,object,0,,,,,,"Tài liệu không có dòng chào giá thuê văn phòng dạng 'Starting at/From' cho khu; ValuStrat chỉ nêu mặt bằng giá thuê văn phòng hạng A toàn Doha (QAR 113,3/m²/tháng), không phải giá chào của khu đô thị sân bay"
doha,Giá (CVP 2),cvp_price_note,string,1,"Khu chỉ cho thuê (thuê đất hoặc thuê cơ sở xây sẵn), không công bố bảng giá cụ thể; nhấn mạnh ""giá đất cạnh tranh trong khu vực"" kèm ưu đãi miễn thuế doanh nghiệp 20 năm có thể gia hạn, 0% thuế hải qu",medium,S05,https://qfz.gov.qa/resource/faq/,"companies operating in Qatar will benefit from 100% foreign ownership, renewable 20-year tax holidays – zero corporate tax, zero customs duty, and of course no ",
doha,Giá (CVP 2),price_vs_reference,string,1,"So với mặt bằng thị trường Doha: giá thuê văn phòng hạng A đạt QAR 113,3/m²/tháng (giảm 2,1%), chỉ số thuê văn phòng 96,3 điểm (giảm 1,1% QoQ, 3,2% YoY); giá đất trong khu tự do được quảng bá là cạnh ",medium,S16,https://valustrat.com/pages/qatar-real-estate-market-q2-2025-review,"Offices: The Office Rental VPI stood at 96.3 points, down 1.1% QoQ and 3.2% YoY. Grade A rents fell 2.1% to QAR 113.3/sqm/month, while Grade B/C stock held stea",
doha,Giá (CVP 2),living_fee_usd_per_m2_month,string,0,,,,,,Tài liệu không nêu mức phí quản lý/duy trì theo USD/m²/tháng
doha,Giá (CVP 2),has_urban_service_fee,bool,0,,,,,,Không có bằng chứng về việc thu phí dịch vụ đô thị trong tài liệu
doha,Giá (CVP 2),sales_scheme,string,1,"B2B, không bán đất: nhà đầu tư thuê lô đất đã có hạ tầng hoặc thuê cơ sở xây sẵn; có thể tự xây, thuê QFZA xây theo đúng yêu cầu, hoặc sử dụng cơ sở xây sẵn; thành lập công ty TNHH hoặc chi nhánh với ",high,S01,https://qfz.gov.qa/ras-bufontas-4/,"companies can either choose to build their own, can hire QFZA to build it for them to exact specifications, or can elect to use pre-built facilities.",
doha,Dịch vụ (CVP 3),cvp_service,string_list,1,"Cổng nhà đầu tư (Investor Portal) để yêu cầu và theo dõi dịch vụ; Dịch vụ một cửa (one-stop shop) cho việc thành lập doanh nghiệp; Đăng ký công ty, cấp phép, thị thực; Hỗ trợ hải quan và cấp phép; Khu",high,S05,https://qfz.gov.qa/resource/faq/,"QFZ also facilitates a streamlined set-up process by providing company registrations, licensing, visas and a range of other services for companies to quickly st",
doha,Dịch vụ (CVP 3),airport_privilege,string,1,Qatar Airways dành các ưu đãi doanh nghiệp và ưu đãi vận chuyển hàng hoá (corporate and cargo privileges) cho các doanh nghiệp thuê trong khu QFZ; đồng thời có hành lang miễn thuế hải quan (customs-fr,high,S07,https://qfz.gov.qa/qfz-and-qatar-airways-sign-collaboration-agreement-to-boost-aviation-and-logistics-ecosystems/,"It also includes a customs-free corridor connecting the free zone to
Hamad International Airport
and
Hamad Port
. Qatar Airways will extend corporate and cargo ",
doha,Dịch vụ (CVP 3),has_airport_privilege,bool,1,True,high,S07,https://qfz.gov.qa/qfz-and-qatar-airways-sign-collaboration-agreement-to-boost-aviation-and-logistics-ecosystems/,"Qatar Airways will extend corporate and cargo privileges to QFZ tenants and invite its partners and suppliers, including international companies in the aviation",
doha,Dịch vụ (CVP 3),smart_city,string,1,"Khu tự do được thiết kế theo hướng thông minh, bền vững, xanh và hướng tới nhà đầu tư; hạ tầng cho phép nhà đầu tư khai thác 5G, Internet of Things (IoT) và dịch vụ dựa trên AI; logistics ứng dụng kho",high,S01,https://qfz.gov.qa/ras-bufontas-4/,"Qatar Free Zones are designed to be smart, sustainable, green and investor-oriented. ... allow investors to take full advantage of the exciting growth of techno",
doha,Dịch vụ (CVP 3),has_smart_city,bool,1,True,high,S01,https://qfz.gov.qa/ras-bufontas-4/,"Smart technologies are playing a growing role in our logistics offerings. Ras Bufontas Free Zone is set up to incorporate autonomous warehouses and drones, as w",
doha,Trải nghiệm (CVP 4),cvp_experience,string_list,1,"Không gian xanh và tuyến eco-trail; Đường dạo ven biển (beachfront promenade); Mạng lưới đi bộ và xe đạp; Trải nghiệm tại HIA: mua sắm, ẩm thực, nghệ thuật, vườn nhiệt đới ORCHARD; Phòng chờ, spa, khá",medium,S01,https://qfz.gov.qa/ras-bufontas-4/,"many green spaces, featuring a green irrigation control system, a beachfront promenade and eco-trail",
doha,Trải nghiệm (CVP 4),experience_desc,string,1,"Trải nghiệm chủ yếu gắn với Hamad International Airport: đầu năm 2025 ra mắt các tác phẩm nghệ thuật sắp đặt tương tác của Gillie and Marc trưng bày trong The ORCHARD, cuối năm có các buổi biểu diễn t",high,S09,https://dohahamadairport.com/press-releases/news/2025-operational-performance,"HIA unveiled a series of interactive art installations by Gillie and Marc, displayed throughout The ORCHARD ... The year concluded with live performances by the",
doha,Thuận tiện (CVP 5),cvp_convenience,string_list,1,Liền kề Hamad International Airport (sân bay cách 6 km); Kết nối trực tiếp bằng tuyến metro đầu tiên của Doha Metro; Cách trung tâm Doha 30 phút; Kết nối đa phương thức tới Hamad Port (cảng nước sâu);,high,S01,https://qfz.gov.qa/ras-bufontas-4/,"Our Free Zones are built on connectivity which is why they are positioned 30 minutes from downtown Doha, and sit adjacent to Hamad Airport and Hamad deep-sea po",
doha,Thuận tiện (CVP 5),connectivity_desc,string,1,"Khu nằm ở giao điểm các thị trường châu Âu, châu Á và châu Phi; hơn 60% dân số thế giới nằm trong 8 giờ bay và 5 ngày đường biển; trong bán kính 3.000 km có 2 tỷ dân và 6 nghìn tỷ USD GDP; Qatar Airwa",high,S04,https://qfz.gov.qa/logistics/,"Within a 3,000km radius exists 2 billion people and 6 trillion USD in combined GDP, including Iraq, Kuwait, Iran, India, and many countries in the Eastern Afric",
doha,Thuận tiện (CVP 5),connection_modes,string_list,1,metro (Doha Metro tuyến Đỏ); đường bộ/cao tốc; xe buýt đưa đón (shuttle bus) và MetroLink Bus; hàng không (Hamad International Airport); đường biển (Hamad Port); đi bộ và xe đạp,high,S01,https://qfz.gov.qa/ras-bufontas-4/,"The first line of the Doha Metro, which opened in May 2019, provides direct access to Ras Bufontas.",
doha,Thuận tiện (CVP 5),metro_lines,int,1,1,high,S01,https://qfz.gov.qa/ras-bufontas-4/,"The first line of the Doha Metro, which opened in May 2019, provides direct access to Ras Bufontas.",
doha,Thuận tiện (CVP 5),rail_connections,string_list,1,"Doha Metro Red Line (Lusail – Hamad International Airport T1 / Al Wakra), có các ga Free Zone và Ras Bu Fontas; Doha Airport APM (tàu nội khu sân bay)",high,S15,https://en.wikipedia.org/wiki/Red_Line_(Doha_Metro),"Hamad International Airport T1
مطار حمد الدولي مبنى 1
10 December 2019
Free Zone
المنطقة الحرة
MetroLink Bus
8 May 2019
Ras Bu Fontas
راس بو فنطاس",
doha,Thương hiệu (CVP 6),cvp_brand,string_list,1,Qatar Free Zones Authority (QFZ); Qatar Airways; Hamad International Airport; Hamad Port; NDIA (chủ đầu tư quy hoạch HIA Airport City),high,S02,https://qfz.gov.qa/authority/,The Qatar Free Zones Authority (QFZ) is an independent authority created in 2018 to oversee and regulate the world-class free zones in Qatar,
doha,Thương hiệu (CVP 6),brand_desc,string,1,"Định vị là khu thương mại tự do đẳng cấp thế giới do một cơ quan độc lập nhà nước (QFZ, do một bộ trưởng làm chủ tịch) phát triển và điều tiết, kết nối nhà đầu tư với cơ hội toàn cầu; thương hiệu dựa ",high,S02,https://qfz.gov.qa/authority/,"Qatar Free Zones Authority (QFZ)
Connecting Investors with Opportunities ... QFZ develops and regulates the Qatar’s free zone, delivering long-term solutions fo",
doha,Thương hiệu (CVP 6),brand_partners,string_list,1,Qatar Airways; Google; Microsoft; Qatar Diamond Exchange (QDE),high,S04,https://qfz.gov.qa/logistics/,QFZ has put in the place the regulatory and digital infrastructure that has brought Google and Microsoft to our zones to take advantage of the growth opportunit,
doha,Tầm nhìn & bền vững,vision_label,string,1,Qatar National Vision (QNV) 2030,high,S07,https://qfz.gov.qa/qfz-and-qatar-airways-sign-collaboration-agreement-to-boost-aviation-and-logistics-ecosystems/,we are supporting the goals of the Qatar National Vision (QNV) 2030 to strengthen Qatar’s role as a global aviation hub and setting new benchmarks for operation,
doha,Tầm nhìn & bền vững,vision_qualities,string_list,1,"Củng cố vai trò của Qatar như một trung tâm hàng không toàn cầu; Đa dạng hoá kinh tế và tăng trưởng dài hạn; Phát triển hạ tầng tiên tiến và nhân tài trong nước; Thông minh, bền vững, xanh và hướng tớ",medium,S07,https://qfz.gov.qa/qfz-and-qatar-airways-sign-collaboration-agreement-to-boost-aviation-and-logistics-ecosystems/,we are supporting the goals of the Qatar National Vision (QNV) 2030 to strengthen Qatar’s role as a global aviation hub and setting new benchmarks for operation,
doha,Tầm nhìn & bền vững,aviation_policy,string,1,"Chiến lược Phát triển Quốc gia Qatar lần thứ ba 2024–2030 (Third Qatar National Development Strategy 2024-2030) và Qatar National Vision (QNV) 2030; khung pháp lý khu tự do theo Law No. (34) of 2005, ",high,S07,https://qfz.gov.qa/qfz-and-qatar-airways-sign-collaboration-agreement-to-boost-aviation-and-logistics-ecosystems/,contributing to economic growth in line with the Third Qatar National Development Strategy 2024-2030.,
doha,Tầm nhìn & bền vững,sustainability,string_list,1,"Chứng nhận LEED Gold cho Central Concourse/ORCHARD của HIA; Thiết kế sử dụng ít hơn 30% năng lượng và 55% lượng nước; Khu tự do được thiết kế thông minh, bền vững, xanh; Giải pháp tiết kiệm nước và gi",high,S11,https://dohahamadairport.com/press-releases/news/hamad-international-airport-receives-leed-gold-certification-orchard,"The Central Concourse, where ORCHARD is located was part of Phase A of Hamad International Airport’s expansion plan and was designed to utilize 30% less energy ",
doha,Khu chức năng chuyên biệt,logistics_park_name,string,1,Ras Bufontas Free Zone,high,S01,https://qfz.gov.qa/ras-bufontas-4/,"The Airport Free Zone at Ras Bufontas
Ras Bufontas covers 4km2 directly adjacent to award-winning Hamad International Airport (HIA)",
doha,Khu chức năng chuyên biệt,logistics_park_ha,float,1,400.0,high,S05,https://qfz.gov.qa/resource/faq/,Ras Bufontas Free Zone is a 400-hectare area adjacent to Hamad International Airport.,
doha,Khu chức năng chuyên biệt,trade_park_name,string,0,,,,,,Tài liệu không nêu một khu thương mại/business park có tên riêng thuộc khu đô thị sân bay (International Trade Center chỉ là công trình điểm nhấn trong concept của SCB).
doha,Khu chức năng chuyên biệt,trade_park_ha,float,0,,,,,,Không có số liệu diện tích khu thương mại riêng trong tài liệu.
dubai_south,Định danh,case_name,string,1,Dubai South,high,S01,https://www.dubaisouth.ae/en,"Dubai South | Free Zone, Logistics, Aviation & Lifestyle Hub in Dubai",
dubai_south,Định danh,aerotropolis,string,1,Dubai South / Dubai World Central (DWC),medium,S12,https://en.wikipedia.org/wiki/Dubai_South,Dubai World Central Logistics City: Focused on enhancing Dubai's capacity as a global logistics hub.,
dubai_south,Định danh,country,string,1,UAE,high,S01,https://www.dubaisouth.ae/en,to further fuel the national economy and sustain the UAE’s global pacesetting position.,
dubai_south,Định danh,is_target,bool,1,False,medium,baseline,,,
dubai_south,Định danh,airport_name,string,1,Al Maktoum International Airport,high,S03,https://www.dubaisouth.ae/en/work/logistics,"This includes the Freight Forwarding Zone, which offers direct access to Al Maktoum International Airport cargo terminals.",
dubai_south,Định danh,reference_city,string,1,Dubai,high,S13,https://en.wikipedia.org/wiki/Al_Maktoum_International_Airport,"Dubai Airports Company
Serves
Dubai
Location
Jebel Ali
, Dubai, United Arab Emirates",
dubai_south,Định danh,official_website,string,1,https://www.dubaisouth.ae,high,S01,https://www.dubaisouth.ae/en,url: https://www.dubaisouth.ae/en,
dubai_south,Vị trí & lịch sử,location_desc,string,1,"Nằm ở phía nam Dubai, vị trí chiến lược giữa khu vực Bắc Dubai và Abu Dhabi (giữa Downtown Dubai và Abu Dhabi), bao quanh Al Maktoum International Airport; tiếp cận dễ dàng qua cao tốc E611 hoặc E311 ",high,S01,https://www.dubaisouth.ae/en,"Directions:
Easily accessible via E611 or E311 highways.
Strategic location between North Dubai and Abu Dhabi.",
dubai_south,Vị trí & lịch sử,distance_to_city_km,float,0,,,,,,Tài liệu chỉ có tiêu đề 'KM AWAY FROM JEBEL ALI PORT' bị thiếu số và mô tả định tính 'between North Dubai and Abu Dhabi'; không nêu khoảng cách km tới trung tâm Dubai.
dubai_south,Vị trí & lịch sử,area_km2,float,1,145.0,high,S02,https://www.dubaisouth.ae/en/work,"AN INTEGRATED ECOSYSTEM OF
145
SQUARE KILOMETERS",
dubai_south,Vị trí & lịch sử,airport_build_period,string,1,2010-2027,medium,S13,https://en.wikipedia.org/wiki/Al_Maktoum_International_Airport,"The project was originally expected to be fully operational by 2017, although the
2008 financial crisis
subsequently postponed the completion of the complex to ",
dubai_south,Vị trí & lịch sử,urban_build_period,string,1,2006-nay,medium,S12,https://en.wikipedia.org/wiki/Dubai_South,"is a city that was under construction in
Dubai
United Arab Emirates
in 2006, planned to be an economic zone to support a number of activities including logistic",
dubai_south,Vị trí & lịch sử,founded_year,int,1,2006,medium,S12,https://en.wikipedia.org/wiki/Dubai_South,"is a city that was under construction in
Dubai
United Arab Emirates
in 2006, planned to be an economic zone",
dubai_south,Vị trí & lịch sử,development_context,string,1,"Hình thành như sự tiếp nối tầm nhìn của H.H. Sheikh Mohammed bin Rashid Al Maktoum cho tương lai của Dubai; gắn với Dubai Strategic Plan và được thiết kế để phù hợp với Dubai Plan 2021, nhằm tăng trưở",high,S09,https://www.dubaisouth.ae/en/our-leadership,"Dubai South was conceived to align with Dubai Plan 2021, contributing towards the emirate’s continuous efforts for sustainable economic growth.",
dubai_south,Định vị & quy hoạch,positioning,string,1,"Đại dự án đô thị (single urban master development) lớn nhất Dubai, định vị là hệ sinh thái hàng không – logistics kết hợp các cộng đồng đa chức năng và dân cư; một aerotropolis với khu thương mại tự d",high,S09,https://www.dubaisouth.ae/en/our-leadership,"Dubai South is Dubai’s largest single urban master development, focusing on an aviation and logistics ecosystem that includes a diverse range of mixed-use and r",
dubai_south,Định vị & quy hoạch,planning_concept,string,1,"Tạo lập một cộng đồng sống và làm việc sôi động dựa trên ba mảng sản phẩm – dịch vụ đặc thù là hàng không (Aviation), logistics và bất động sản (Real-Estate), kết hợp hạ tầng đẳng cấp thế giới và giao",high,S09,https://www.dubaisouth.ae/en/our-leadership,"Creating a vibrant living and working community through leveraging our unique Aviation, Logistics, and Real-Estate products & services, coupled with world-class",
dubai_south,Định vị & quy hoạch,cornerstones,string_list,1,hàng không (Aviation); logistics/kho vận; bất động sản (Real-Estate),high,S09,https://www.dubaisouth.ae/en/our-leadership,"To be a prime catalyst contributing to the economy through excellence in Aviation, Logistics and Real-Estate products & services.",
dubai_south,Định vị & quy hoạch,subzones,string_list,1,"Logistics District (khu logistics, gồm Freight Forwarding Zone, EZDubai, Contract Logistics Zone); Mohammed bin Rashid Aerospace Hub (MBRAH) – hàng không thương gia, MRO, đào tạo, văn phòng & bán lẻ; ",medium,S02,https://www.dubaisouth.ae/en/work,"OVERVIEW
Registration & Licensing
FREE ZONE
LOGISTICS
MBR AEROSPACE HUB
COMMERCIAL PROPERTY",
dubai_south,Chỉ số quy mô,passengers_million,float,0,,,,,,"BASELINE_SAI: 260 triệu là công suất thiết kế/dự kiến khi hoàn thành ('capacity for up to 260 million passengers'), không phải lượng khách thực tế; tài liệu chỉ có 102.000 khách trong Q1/2014."
dubai_south,Chỉ số quy mô,cargo_million_tonnes,float,0,,,,,,"BASELINE_SAI: 12 triệu tấn là 'projected annual capacity' (công suất dự kiến) của sân bay, không phải sản lượng hàng hoá đã ghi nhận."
dubai_south,Chỉ số quy mô,air_movements,int,0,,,,,,Tài liệu không nêu số lượt bay (air traffic movements) thực tế/năm.
dubai_south,Chỉ số quy mô,destinations,int,0,,,,,,Tài liệu chỉ liệt kê bảng hãng bay/điểm đến mà không có con số tổng số điểm đến.
dubai_south,Chỉ số quy mô,airlines,int,0,,,,,,"Tài liệu chỉ mô tả định tính ('only a handful of airlines operated passenger services') và số hãng tại thời điểm khai trương 2010, không có số hãng khai thác hiện tại."
dubai_south,Chỉ số quy mô,transfer_pct,float,0,,,,,,Tài liệu không nêu tỷ lệ hành khách transfer.
dubai_south,Chỉ số quy mô,airport_area_ha,float,1,14400.0,medium,S13,https://en.wikipedia.org/wiki/Al_Maktoum_International_Airport,"It will cover an area of
36,000 acres (14,400
ha)",
dubai_south,Chỉ số quy mô,employees,int,0,,,,,,"Tài liệu chỉ nêu '500,000 job opportunities' là mục tiêu/năng lực của khu, không phải số người đang làm việc thực tế."
dubai_south,Chỉ số quy mô,num_companies_airport,int,1,4200,medium,S11,https://www.dubaisouth.ae/en/newsroom/dubai-south-concludes-a-strong-2025-attracts-653-new-companies,"During the year, Dubai South welcomed 653 new companies, bringing the total number of operational businesses to more than 4,200, while achieving a 90% retention",
dubai_south,Chỉ số quy mô,num_companies_realestate,int,0,,,,,,Tài liệu không tách riêng số doanh nghiệp thuê bất động sản trong khu.
dubai_south,Chỉ số quy mô,num_office_buildings,int,0,,,,,,Tài liệu không nêu số toà nhà văn phòng.
dubai_south,Chỉ số quy mô,jobs_created,int,0,,,,,,"Con số 500.000 là cơ hội việc làm dự kiến ('A DYNAMIC WORK HUB WITH UP TO 500,000 job opportunities'), không phải việc làm đã tạo thực tế."
dubai_south,Đầu tư & quản trị,total_investment_usd,string,1,82 tỷ USD – tổng chi phí sân bay theo ước tính của chính quyền Dubai ('The total cost of the airport has been estimated by the Dubai government to be $82 billion'); riêng nhà ga hành khách mở rộng mới,high,S13,https://en.wikipedia.org/wiki/Al_Maktoum_International_Airport,The total cost of the airport has been estimated by the Dubai government to be $82 billion.,
dubai_south,Đầu tư & quản trị,investor_governance,string,1,"Mô hình do nhà nước Dubai dẫn dắt: cơ quan quản lý – điều tiết là Dubai Aviation City Corporation (DACC), với Chủ tịch là H.H. Sheikh Ahmed bin Saeed Al Maktoum và Chủ tịch điều hành H.E. Khalifa Al Z",high,S05,https://www.dubaisouth.ae/en/work/freezone,"As an important function of the regulatory authority Dubai Aviation City Corporation (DACC), the Free Zone Management fosters ingenuity and ease of business set",
dubai_south,Đầu tư & quản trị,gov_led_ratio_pct,float,0,,,,,,Tài liệu không nêu tỷ lệ vốn/vai trò nhà nước bằng số cụ thể.
dubai_south,Đầu tư & quản trị,private_ratio_pct,float,0,,,,,,"Tài liệu không nêu tỷ lệ vốn tư nhân bằng số cụ thể (100% foreign ownership là ưu đãi sở hữu doanh nghiệp, không phải tỷ lệ vốn dự án)."
dubai_south,Đầu tư & quản trị,lead_developer,string,1,Dubai South (thuộc Dubai Aviation City Corporation – DACC),high,S11,https://www.dubaisouth.ae/en/newsroom/dubai-south-concludes-a-strong-2025-attracts-653-new-companies,"Dubai South, the largest single-urban master development focusing on aviation, logistics and real estate, concluded 2025 with strong performance and notable mil",
dubai_south,Sản phẩm (CVP 1),cvp_product,string_list,1,"kho vận/warehouse; văn phòng; trung tâm doanh nghiệp (business centre); khu công viên doanh nghiệp (business park); lô đất (land plots); bán lẻ; nhà ở (biệt thự, nhà phố, căn hộ); cơ sở built-to-suit;",high,S02,https://www.dubaisouth.ae/en/work,"Explore vibrant business centers, flourishing business parks, and alluring land plots designed to fulfill various companies’ needs and boost productivity",
dubai_south,Sản phẩm (CVP 1),commercial_re,string_list,1,văn phòng; trung tâm doanh nghiệp (business centre); bán lẻ; kho bãi/warehouse; logistics/kho vận; thương mại điện tử (EZDubai); hàng không & MRO; lô đất công nghiệp/hạ tầng sẵn có,high,S06,https://www.dubaisouth.ae/en/work/commercial-property,"Our commercial property provides attractive opportunities for office, business centre and retail businesses.",
dubai_south,Sản phẩm (CVP 1),economic_zone_name,string,1,Dubai South Free Zone,high,S05,https://www.dubaisouth.ae/en/work/freezone,"Dubai South Free Zone | Business Setup, Visas & Licensing Services",
dubai_south,Sản phẩm (CVP 1),economic_zone_year,int,0,,,,,,Tài liệu không nêu năm thành lập khu thương mại tự do (free zone) của Dubai South.
dubai_south,Sản phẩm (CVP 1),residential_product_desc,string,1,"Cộng đồng dân cư gồm các dự án sở hữu vĩnh viễn (freehold) và thuê dài hạn (leasehold): biệt thự và nhà phố The Pulse Villas/Townhouses loại 2–4 phòng ngủ, căn hộ Pulse Apartments, cộng đồng biệt thự ",high,S07,https://www.dubaisouth.ae/en/live,"This dynamic community features a range of freehold and leasehold residential projects, catering to diverse lifestyles.",
dubai_south,Sản phẩm (CVP 1),residential_highrise_pct,float,0,,,,,,Tài liệu không nêu tỷ lệ % sản phẩm nhà ở cao tầng.
dubai_south,Sản phẩm (CVP 1),residential_lowrise_pct,float,0,,,,,,Tài liệu không nêu tỷ lệ % sản phẩm nhà ở thấp tầng.
dubai_south,Sản phẩm (CVP 1),residential_land_pct,float,0,,,,,,Tài liệu không nêu tỷ lệ % sản phẩm đất nền.
dubai_south,Sản phẩm (CVP 1),basic_amenities,string_list,1,không gian xanh; cơ sở thể thao; trường học; dịch vụ y tế; bán lẻ; công viên cây xanh; khu vui chơi trẻ em; bể bơi,high,S01,https://www.dubaisouth.ae/en,"Tradition meets modern living with amenities like green spaces, sports facilities, schools, and medical services.",
dubai_south,Sản phẩm (CVP 1),highlight_amenities,string_list,1,South Bay Mall (200.000 sq. ft.); Sakany Square Mall; Pulse Retail; Business Park Retail; The VIP Terminal (nhà ga phản lực tư nhân); EZDubai (khu thương mại điện tử); Expo City Dubai; bể bơi bãi cát ,medium,S11,https://www.dubaisouth.ae/en/newsroom/dubai-south-concludes-a-strong-2025-attracts-653-new-companies,"Dubai South Properties also announced its first retail and lifestyle destination, South Bay Mall, spanning 200,000 sq. ft.",
dubai_south,Giá (CVP 2),cvp_price,string,1,"Thu tiền qua cho thuê và bán bất động sản thương mại: cho thuê kho, văn phòng, trung tâm doanh nghiệp và lô đất, với nhiều mô hình đầu tư gồm liên doanh (joint venture), sở hữu vĩnh viễn (freehold) và",medium,S02,https://www.dubaisouth.ae/en/work,"Our commercial property landscape is rich with attractive investment prospects, from joint ventures to freehold and leasing options.",
dubai_south,Giá (CVP 2),office_rent_eur_m2_year,object,0,,,,,,Tài liệu không có dòng chào giá thuê văn phòng (Starting at/From) theo EUR/m²/năm.
dubai_south,Giá (CVP 2),cvp_price_note,string,1,"Chi phí thiết lập và mô hình thương mại khác nhau tùy cơ sở, quy mô và thời hạn; khách phải liên hệ đội ngũ Dubai South để biết chi tiết — không công bố biểu giá.",medium,S04,https://www.dubaisouth.ae/en/work/mbrah,"Different commercial models are available depending on the facility, required size, and duration. You can get in touch with our team for further information.",
dubai_south,Giá (CVP 2),price_vs_reference,string,1,"Nguồn chỉ nêu định tính là ""điều khoản thương mại cạnh tranh"" cùng miễn 100% thuế doanh nghiệp và thuế cá nhân, không so sánh mặt bằng giá cụ thể với thành phố tham chiếu.",low,S08,https://www.dubaisouth.ae/en/thrive,COMPETITIVE COMMERCIAL TERMS ... 100% CORPORATE AND PERSONAL TAX EXEMPTION,
dubai_south,Giá (CVP 2),living_fee_usd_per_m2_month,string,0,,,,,,Tài liệu không nêu mức phí quản lý/duy trì theo USD/m²/tháng.
dubai_south,Giá (CVP 2),has_urban_service_fee,bool,0,,,,,,Tài liệu không có bằng chứng về việc thu phí dịch vụ đô thị.
dubai_south,Giá (CVP 2),sales_scheme,string,1,"B2B cho khối thương mại: đăng ký doanh nghiệp và thuê qua Customer Portal, với các lựa chọn liên doanh, sở hữu vĩnh viễn (freehold) hoặc thuê; khối nhà ở bán theo hình thức freehold và leasehold do Du",medium,S02,https://www.dubaisouth.ae/en/work,"Our commercial property landscape is rich with attractive investment prospects, from joint ventures to freehold and leasing options.",
dubai_south,Dịch vụ (CVP 3),cvp_service,string_list,1,"dịch vụ thành lập doanh nghiệp (DWC LLC, chi nhánh, giấy phép freelancer); khu thương mại tự do (free zone) với 100% sở hữu nước ngoài; cấp thị thực (visa); thư NOC, thẻ ra vào, giấy phép lao động; cấ",high,S05,https://www.dubaisouth.ae/en/work/freezone,"providing all types of services such as visas issuance, NOC letters, access cards, and work permits that would assist business owners to set up and run their bu",
dubai_south,Dịch vụ (CVP 3),airport_privilege,string,1,"Không có ưu đãi sân bay cho cư dân; đặc quyền hàng không thuộc về khách/doanh nghiệp hàng không tại The VIP Terminal của MBRAH: 5 FBO phục vụ phản lực tư nhân, kho nhiên liệu riêng có thời gian phản h",medium,S04,https://www.dubaisouth.ae/en/work/mbrah,"At The VIP Terminal, we offer private jet owners a variety of customisable options, from a dedicated fuel farm with a 20-minute response time to dedicated cater",
dubai_south,Dịch vụ (CVP 3),has_airport_privilege,bool,1,True,medium,S04,https://www.dubaisouth.ae/en/work/mbrah,"The VIP Terminal redefines the private jet experience, offering tailored solutions in this one-of-a-kind aviation hub.",
dubai_south,Dịch vụ (CVP 3),smart_city,string,1,"Tài liệu chỉ nêu định hướng chung về đổi mới sáng tạo và công nghệ (""innovation, technology""), cùng các giải pháp smart desk cho văn phòng và Customer Portal số hoá hơn 100 dịch vụ; không mô tả mức độ",low,S08,https://www.dubaisouth.ae/en/thrive,"Dubai South is where success thrives through innovation, technology, opportunities, sustainability, and smart investment.",
dubai_south,Dịch vụ (CVP 3),has_smart_city,bool,0,,,,,,"Tài liệu không nêu chương trình đô thị thông minh (IoT/AI/hạ tầng số) cụ thể, chỉ nói chung về đổi mới và công nghệ — không đủ bằng chứng để kết luận true/false."
dubai_south,Trải nghiệm (CVP 4),cvp_experience,string_list,1,công viên xanh và không gian mở; khu vui chơi trẻ em; bể bơi bãi cát (The Pulse Beachfront); tiện ích chăm sóc sức khoẻ (wellness) và hồ cảnh quan tại South Square; cơ sở thể thao; bán lẻ và ẩm thực (,medium,S07,https://www.dubaisouth.ae/en/live,"The property offers an extraordinary lifestyle through its amenities, green parks, and designated kids play areas.",
dubai_south,Trải nghiệm (CVP 4),experience_desc,string,1,"Đời sống trong khu xoay quanh cộng đồng có cổng, công viên xanh, khu vui chơi trẻ em, bể bơi lớn và tiện ích wellness; South Bay Mall bổ sung tổ hợp bán lẻ, ẩm thực và chăm sóc sức khoẻ. Kế cận là Exp",medium,S18,https://www.expocitydubai.com/en/,"Expo City Dubai is an open city and access to the public areas will not require tickets. Payment and tickets will be required to enter specific attractions, or ",
dubai_south,Thuận tiện (CVP 5),cvp_convenience,string_list,1,"hạ tầng giao thông đa phương thức kết nối đường không, đường bộ và đường biển; hành lang logistics thông quan 200 km² cho phép vận chuyển hàng giữa cảng biển và sân bay chỉ trong 20 phút; Logistics Di",high,S03,https://www.dubaisouth.ae/en/work/logistics,"Linked via a dedicated 200 square-kilometre, customs-bonded logistics corridor that facilitates the movement of cargo between the seaport and airport in as litt",
dubai_south,Thuận tiện (CVP 5),connectivity_desc,string,1,"Dubai South nằm ở vị trí chiến lược nối ba châu lục và cầu nối Đông – Tây, giữa Downtown Dubai và Abu Dhabi; là đại dự án đô thị đơn lẻ lớn nhất Dubai với hạ tầng giao thông đa phương thức kết nối hàn",high,S09,https://www.dubaisouth.ae/en/our-leadership,"It will also house the world’s largest airport upon completion, complemented by a multi-modal transport infrastructure connecting air, land, and sea.",
dubai_south,Thuận tiện (CVP 5),connection_modes,string_list,1,"hàng không (Al Maktoum International Airport); đường biển (cảng Jebel Ali qua hành lang logistics thông quan); đường bộ/cao tốc; metro (Dubai Metro – Route 2020/Red Line, ga Expo 2020)",medium,S09,https://www.dubaisouth.ae/en/our-leadership,"complemented by a multi-modal transport infrastructure connecting air, land, and sea",
dubai_south,Thuận tiện (CVP 5),metro_lines,int,1,1,medium,S15,https://en.wikipedia.org/wiki/Route_2020,"The section from Al Furjan to Expo 2020 was opened on 1 June 2021, allowing the extension to be fully operational, as well as the transfer of the main Red Line ",
dubai_south,Thuận tiện (CVP 5),rail_connections,string_list,1,Dubai Metro Red Line – nhánh Route 2020 tới ga Expo 2020 (dự kiến kéo dài tới Al Maktoum International Airport),medium,S15,https://en.wikipedia.org/wiki/Route_2020,"Eventually it is planned to extend the line beyond Expo 2020 to
Al Maktoum International Airport
, south of the Expo site.",
dubai_south,Thương hiệu (CVP 6),cvp_brand,string_list,1,Dubai South; Dubai Aviation City Corporation (DACC); Dubai South Properties; Mohammed bin Rashid Aerospace Hub (MBRAH); EZDubai; Expo City Dubai,high,S05,https://www.dubaisouth.ae/en/work/freezone,"As an important function of the regulatory authority Dubai Aviation City Corporation (DACC), the Free Zone Management fosters ingenuity and ease of business set",
dubai_south,Thương hiệu (CVP 6),brand_desc,string,1,"Dubai South định vị là ""THE CITY OF YOU"" – đại dự án đô thị đơn lẻ lớn nhất Dubai, hình thành như sự tiếp nối tầm nhìn của H.H. Sheikh Mohammed bin Rashid Al Maktoum, lấy khách hàng và cư dân làm trun",high,S01,https://www.dubaisouth.ae/en,"A hub for innovation with a progressive outlook towards the future, Dubai South was realised as a continuation of the vision of His Highness Sheikh Mohammed bin",
dubai_south,Thương hiệu (CVP 6),brand_partners,string_list,1,DHL; UPS; Expeditors; Ford; Avia Solutions Group; Atherion Aerospace; UUDS; Tariq Al Futtaim; Al Burj Holding; Satys; Tim Aerospace; RH Aero; GE; Majid Al Futtaim; flydubai; General Civil Aviation Aut,high,S11,https://www.dubaisouth.ae/en/newsroom/dubai-south-concludes-a-strong-2025-attracts-653-new-companies,"strategic agreements were signed with global players such as DHL and UPS ... including Avia Solutions Group, the world’s largest ACMI provider, Atherion Aerospa",
dubai_south,Tầm nhìn & bền vững,vision_label,string,1,Dubai Plan 2021,high,S09,https://www.dubaisouth.ae/en/our-leadership,"Dubai South was conceived to align with Dubai Plan 2021, contributing towards the emirate’s continuous efforts for sustainable economic growth.",
dubai_south,Tầm nhìn & bền vững,vision_qualities,string_list,1,"xuất sắc trong hàng không, logistics và bất động sản; cộng đồng sống và làm việc sôi động; hạ tầng đẳng cấp thế giới; đổi mới sáng tạo và khởi nghiệp; hạnh phúc và trao quyền cho con người; tăng trưởn",high,S09,https://www.dubaisouth.ae/en/our-leadership,"OUR VISION
To be a prime catalyst contributing to the economy through excellence in Aviation, Logistics and Real-Estate products & services.",
dubai_south,Tầm nhìn & bền vững,aviation_policy,string,1,"Dubai Strategic Plan / Dubai Plan 2021 của H.H. Sheikh Mohammed bin Rashid Al Maktoum, với Dubai Aviation City Corporation (DACC) là cơ quan quản lý điều tiết Dubai South.",medium,S09,https://www.dubaisouth.ae/en/our-leadership,"When the Dubai Strategic Plan was unveiled by H.H. Sheikh Mohammed bin Rashid Al Maktoum, it sought to impress the importance of happiness upon Dubai’s populati",
dubai_south,Tầm nhìn & bền vững,sustainability,string_list,1,"phát triển cộng đồng bền vững, lành mạnh và hạnh phúc; bền vững là một trong các trụ cột thành công của khu; cam kết tăng trưởng bền vững trong hàng không, logistics và bất động sản; logistics bền vữn",medium,S05,https://www.dubaisouth.ae/en/work/freezone,"Dubai South is creating a vibrant community to invest, live and work within a sustainable, healthy and happy environment.",
dubai_south,Khu chức năng chuyên biệt,logistics_park_name,string,1,Logistics District,high,S03,https://www.dubaisouth.ae/en/work/logistics,The 18-kilometre Logistics District features several zones optimised for efficient distribution.,
dubai_south,Khu chức năng chuyên biệt,logistics_park_ha,float,0,,,,,,"Nguồn chỉ nêu chiều dài 18 km của Logistics District và hành lang logistics thông quan 200 km², không nêu diện tích khu logistics theo ha."
dubai_south,Khu chức năng chuyên biệt,trade_park_name,string,1,Dubai South Free Zone,medium,S05,https://www.dubaisouth.ae/en/work/freezone,"Dubai South Free Zone | Business Setup, Visas & Licensing Services",
dubai_south,Khu chức năng chuyên biệt,trade_park_ha,float,0,,,,,,"Nguồn chỉ nêu diện tích 7 km² freezone của MBRAH (phân khu hàng không), không nêu diện tích khu thương mại tự do Dubai South Free Zone."
edmonton,Định danh,case_name,string,1,Edmonton Airport City,high,S01,https://flyyeg.com/business/real-estate-commercial-development/about-airport-city/,YEG is 1 of only 2 Canadian airports to be labeled an “airport city.”,
edmonton,Định danh,aerotropolis,string,1,Airport City Sustainability Campus (Khu đô thị sân bay bền vững tại Edmonton International Airport),high,S10,https://airportscouncil.org/wp-content/uploads/2025/07/Strategic-Airport-Land-Use_YEG_Slide-Deck.pdf,"AIRPORT CITY SUSTAINABILITY CAMPUS
Focus development
clusters
ELEMENTS OF
AIRPORT CITY
SUSTAINABILITY
CAMPUS",
edmonton,Định danh,country,string,1,Canada,high,S08,https://flyyeg.com/wp-content/uploads/YEG_Annual-Report_Digital_May-1.pdf,"The Airport operates on approximately 2,800 hectares of land in the County of Leduc adjacent to the City of Leduc in the province of Alberta.",
edmonton,Định danh,is_target,bool,1,False,high,S01,https://flyyeg.com/business/real-estate-commercial-development/about-airport-city/,About Airport City - Edmonton International Airport,
edmonton,Định danh,airport_name,string,1,Edmonton International Airport (YEG),high,S05,https://flyyeg.com/corporate/wp-content/uploads/YEG-Master-Plan-2048-Public-Report_FINAL_EN.pdf,"Edmonton International Airport (YEG) is situated
on approximately 2,800 hectares (7,000 acres)",
edmonton,Định danh,reference_city,string,1,Edmonton,high,S13,https://en.wikipedia.org/wiki/Edmonton_International_Airport,"that serves as the primary air passenger and air cargo facility in the
Edmonton Metropolitan Region
of the Canadian province of
Alberta",
edmonton,Định danh,official_website,string,1,https://flyyeg.com/,medium,S01,https://flyyeg.com/business/real-estate-commercial-development/about-airport-city/,url: https://flyyeg.com/business/real-estate-commercial-development/about-airport-city/,
edmonton,Vị trí & lịch sử,location_desc,string,1,"Nằm trên khoảng 2.800 ha đất thuộc Leduc County, kề Thành phố Leduc, tỉnh bang Alberta; là cơ sở hàng không hành khách và hàng hoá chính của Edmonton Metropolitan Region, tiếp cận hai cao tốc lớn (QEI",medium,S08,https://flyyeg.com/wp-content/uploads/YEG_Annual-Report_Digital_May-1.pdf,"The Airport operates on approximately 2,800 hectares of land in the County
of Leduc adjacent to the City of Leduc in the province of Alberta.",
edmonton,Vị trí & lịch sử,distance_to_city_km,float,0,,,,,,"Tài liệu chỉ nêu thời gian đi xe buýt khoảng 24 phút từ Century Park, không nêu số km cụ thể tới trung tâm Edmonton (đoạn Wikipedia bị cắt mất số liệu khoảng cách)."
edmonton,Vị trí & lịch sử,area_km2,float,1,28.0,medium,S05,https://flyyeg.com/corporate/wp-content/uploads/YEG-Master-Plan-2048-Public-Report_FINAL_EN.pdf,"Edmonton International Airport is the largest airport in Canada by land area with approximately 2,800 hectares (7000 acres) available for the airport and other ",
edmonton,Vị trí & lịch sử,airport_build_period,string,1,1955-1960,medium,S05,https://flyyeg.com/corporate/wp-content/uploads/YEG-Master-Plan-2048-Public-Report_FINAL_EN.pdf,"In 1955, the Department of Transport (Government
of Canada) acquired 7,000 acres of land and began
construction of the first international airport in the
Depart",
edmonton,Vị trí & lịch sử,urban_build_period,string,1,2010-nay,medium,S05,https://flyyeg.com/corporate/wp-content/uploads/YEG-Master-Plan-2048-Public-Report_FINAL_EN.pdf,"Since 2010, YEG has added
125 hectares of new development with over $1.5
billion in private investment.",
edmonton,Vị trí & lịch sử,founded_year,int,1,1960,high,S13,https://en.wikipedia.org/wiki/Edmonton_International_Airport,"When the airport opened on November 15, 1960,",
edmonton,Vị trí & lịch sử,development_context,string,1,"Vùng Edmonton Metro Region tăng trưởng mạnh (dân số dự kiến tăng gần gấp đôi từ khoảng 1,2 triệu người năm 2014 lên khoảng 2,2 triệu người năm 2044), kéo theo nhu cầu đi lại hàng không và dịch vụ mới;",medium,S04,https://flyyeg.com/corporate/about-yeg/master-plan/,The Edmonton Metro Region population is expected to nearly double from approximately 1.2 million people in 2014 to approximately 2.2 million people in 2044.,
edmonton,Định vị & quy hoạch,positioning,string,1,"Airport City (khu đô thị sân bay) – Airport City Sustainability Campus: không chỉ là sân bay mà là cộng đồng doanh nghiệp, trung tâm phân phối & logistics, ""Living Lab"" thử nghiệm và thương mại hoá cô",high,S10,https://airportscouncil.org/wp-content/uploads/2025/07/Strategic-Airport-Land-Use_YEG_Slide-Deck.pdf,"NOT JUST AN AIRPORT
AIRPORT CITY SUSTAINABILITY CAMPUS ... • Living Lab for the Testing, Trialing, Incubation &
Commercialization of technologies
• Gateway to t",
edmonton,Định vị & quy hoạch,planning_concept,string,1,"Phát triển đô thị ngay tại/kế cận sân bay: ngoài dịch vụ hàng không truyền thống còn có thương mại, công nghiệp/logistics, bán lẻ, giải trí và lưu trú; định hướng theo các cụm phát triển tập trung (fo",high,S01,https://flyyeg.com/business/real-estate-commercial-development/about-airport-city/,"Airport cities are urban developments at or next to airports. In addition to traditional aviation services, airport cities offer unique commercial, industrial/l",
edmonton,Định vị & quy hoạch,cornerstones,string_list,1,Hàng không (Aviation); Công nghiệp và logistics/kho vận; Bán lẻ; Văn phòng; Giải trí và vui chơi; Lưu trú - khách sạn; Nông nghiệp,high,S01,https://flyyeg.com/business/real-estate-commercial-development/about-airport-city/,"Aviation
Industry and logistics
Retail
Office
Recreation and entertainment
Hospitality
Agriculture",
edmonton,Định vị & quy hoạch,subzones,string_list,1,AirLinks Cargo Park; International Cargo Hub (ICH); Global Logistics Park; Cargo Village; Airport City Solar; Premium Outlet Collection – YEG; Port Alberta FTZ (khu thương mại tự do),medium,S10,https://airportscouncil.org/wp-content/uploads/2025/07/Strategic-Airport-Land-Use_YEG_Slide-Deck.pdf,"Largest Airport by Land 7000+ Acres, Includes Port
Alberta FTZ ... International Cargo Hub Announced
Development of 2000+ acres for Sustainable
Cargo and Logist",
edmonton,Chỉ số quy mô,passengers_million,float,1,8.14,medium,S03,https://flyyeg.com/corporate/media/passenger-stats/,"Annual passenger totals
Year
Total Passengers
Total Passengers
8.14 million",
edmonton,Chỉ số quy mô,cargo_million_tonnes,float,0,,,,,,Tài liệu không nêu sản lượng hàng hoá hàng không thực tế (tấn/năm); chỉ có thông tin dự án mở rộng cargo.
edmonton,Chỉ số quy mô,air_movements,int,0,,,,,,"Chỉ có số dự báo tương lai (khoảng 204.000 lượt/năm đến 2048) và số của Villeneuve (ZVL 68.548 movements), không có số lượt bay thực tế của YEG."
edmonton,Chỉ số quy mô,destinations,int,1,50,medium,S05,https://flyyeg.com/corporate/wp-content/uploads/YEG-Master-Plan-2048-Public-Report_FINAL_EN.pdf,"YEG
currently has over 50 non-stop destinations and serves eight freighter airlines.",
edmonton,Chỉ số quy mô,airlines,int,0,,,,,,"Tài liệu chỉ nêu 8 hãng hàng không chở hàng (freighter airlines), không nêu tổng số hãng bay khai thác tại YEG."
edmonton,Chỉ số quy mô,transfer_pct,float,0,,,,,,Tài liệu không nêu tỷ lệ hành khách transfer.
edmonton,Chỉ số quy mô,airport_area_ha,float,1,2800.0,high,S05,https://flyyeg.com/corporate/wp-content/uploads/YEG-Master-Plan-2048-Public-Report_FINAL_EN.pdf,"Edmonton International Airport (YEG) is situated
on approximately 2,800 hectares (7,000 acres)",
edmonton,Chỉ số quy mô,employees,int,1,12000,high,S07,https://flyyeg.com/business/real-estate-commercial-development/leasing-land-development/,"With over 12,000 employed within Airport City, YEG is the best location for your office.",
edmonton,Chỉ số quy mô,num_companies_airport,int,0,,,,,,Tài liệu không nêu số doanh nghiệp hoạt động tại sân bay.
edmonton,Chỉ số quy mô,num_companies_realestate,int,0,,,,,,Tài liệu không nêu số doanh nghiệp thuê bất động sản trong khu.
edmonton,Chỉ số quy mô,num_office_buildings,int,0,,,,,,Tài liệu không nêu số toà nhà văn phòng.
edmonton,Chỉ số quy mô,jobs_created,int,1,26000,high,S05,https://flyyeg.com/corporate/wp-content/uploads/YEG-Master-Plan-2048-Public-Report_FINAL_EN.pdf,"In 2018, YEG
contributed to $3.2 billion in economic output and
supported 26,000 jobs.",
edmonton,Đầu tư & quản trị,total_investment_usd,string,1,"Hơn 1,5 tỷ CAD vốn đầu tư tư nhân kể từ 2010 (""over $1.5 billion in private investment""); riêng dự án International Cargo Hub trị giá 300 triệu CAD, dự kiến đại diện cho 4–5 tỷ CAD đầu tư khi hoàn thi",medium,S05,https://flyyeg.com/corporate/wp-content/uploads/YEG-Master-Plan-2048-Public-Report_FINAL_EN.pdf,"Since 2010, YEG has added
125 hectares of new development with over $1.5
billion in private investment.",
edmonton,Đầu tư & quản trị,investor_governance,string,1,"Edmonton Regional Airports Authority (Edmonton Airports) – công ty tư nhân, phi lợi nhuận, không phát hành cổ phần, thành lập năm 1990 theo Alberta Regional Airports Authority Act; từ 1992 quản lý đất",high,S05,https://flyyeg.com/corporate/wp-content/uploads/YEG-Master-Plan-2048-Public-Report_FINAL_EN.pdf,"In 1990, the Edmonton Regional Airports Authority (Edmonton Airports)
was established in accordance with the Alberta Regional Airports Authority Act.
Edmonton A",
edmonton,Đầu tư & quản trị,gov_led_ratio_pct,float,0,,,,,,Tài liệu không nêu tỷ lệ vốn/vai trò dẫn dắt của nhà nước bằng con số cụ thể.
edmonton,Đầu tư & quản trị,private_ratio_pct,float,0,,,,,,Tài liệu không nêu tỷ lệ vốn tư nhân bằng con số cụ thể.
edmonton,Đầu tư & quản trị,lead_developer,string,1,Edmonton Airports (Edmonton Regional Airports Authority) – đơn vị vận hành YEG,high,S05,https://flyyeg.com/corporate/wp-content/uploads/YEG-Master-Plan-2048-Public-Report_FINAL_EN.pdf,"Edmonton Airports took over management of the
land and assets of Edmonton International Airport (YEG) on behalf of the Federal
Government.",
edmonton,Sản phẩm (CVP 1),cvp_product,string_list,1,dịch vụ hàng không truyền thống (aviation); công nghiệp & logistics/kho vận; bán lẻ; văn phòng; giải trí – thể thao (recreation & entertainment); khách sạn – lưu trú (hospitality); nông nghiệp; đất ch,high,S01,https://flyyeg.com/business/real-estate-commercial-development/about-airport-city/,"In addition to traditional aviation services, airport cities offer unique commercial, industrial/logistics, retail, entertainment and hospitality opportunities.",
edmonton,Sản phẩm (CVP 1),commercial_re,string_list,1,"văn phòng (trong toà nhà mới, kho, hangar và trong nhà ga); nhà xưởng/kho công nghiệp; hangar và bất động sản airside; bán lẻ (Premium Outlet Collection – YEG, Costco Wholesale); cơ sở cargo & logisti",medium,S07,https://flyyeg.com/business/real-estate-commercial-development/leasing-land-development/,"Unique offices spaces are found through Airport City in both new developments, warehouse, and hangar space or in the terminal.",
edmonton,Sản phẩm (CVP 1),economic_zone_name,string,1,Port Alberta Foreign Trade Zone (FTZ),high,S10,https://airportscouncil.org/wp-content/uploads/2025/07/Strategic-Airport-Land-Use_YEG_Slide-Deck.pdf,"Largest Airport by Land 7000+ Acres, Includes Port
Alberta FTZ, fifth-busiest airport by passenger traffic",
edmonton,Sản phẩm (CVP 1),economic_zone_year,int,0,,,,,,"Tài liệu chỉ nêu sự tồn tại của Port Alberta FTZ và lợi ích Foreign Trade Zone, không nêu năm thành lập."
edmonton,Sản phẩm (CVP 1),residential_product_desc,string,0,,,,,,"Airport City YEG định vị thuần business (aviation, logistics, bán lẻ, văn phòng, giải trí, khách sạn, nông nghiệp); tài liệu chỉ nói đất ở nằm ở vùng lân cận sân bay, không có sản phẩm nhà ở trong khu."
edmonton,Sản phẩm (CVP 1),residential_highrise_pct,float,0,,,,,,Không có số liệu cơ cấu nhà ở trong tài liệu.
edmonton,Sản phẩm (CVP 1),residential_lowrise_pct,float,0,,,,,,Không có số liệu cơ cấu nhà ở trong tài liệu.
edmonton,Sản phẩm (CVP 1),residential_land_pct,float,0,,,,,,Không có số liệu cơ cấu nhà ở trong tài liệu.
edmonton,Sản phẩm (CVP 1),basic_amenities,string_list,1,trung tâm mua sắm outlet; siêu thị Costco; nhà hàng – quán ăn; khách sạn; nhiều lựa chọn giải trí; lực lượng ứng cứu khẩn cấp tại chỗ (cứu hoả và tuần tra cảnh sát); kết nối giao thông công cộng,high,S01,https://flyyeg.com/business/real-estate-commercial-development/about-airport-city/,"A unique cluster of on-site amenities rarely seen in an industrial park — Outlet shopping, Costco and numerous entertainment options improve customer and staff ",
edmonton,Sản phẩm (CVP 1),highlight_amenities,string_list,1,Premium Outlet Collection – YEG; Costco Wholesale; RedTail Landing Golf Club; Century Mile Racetrack and Casino; RAD Torque Raceway; Renaissance Edmonton Airport Hotel (Marriott); Fairfield by Marriot,high,S07,https://flyyeg.com/business/real-estate-commercial-development/leasing-land-development/,"Your business will enjoy the incredible amenities including; Premium Outlet Collection – YEG, Costco Wholesale, RedTail Landing Golf Club, Century Mile Racetrac",
edmonton,Giá (CVP 2),cvp_price,string,1,"Thu tiền chủ yếu qua cho thuê đất và mặt bằng: nhiều cấu trúc thuê cho cả phần airside và groundside, điều khoản thuê linh hoạt; dự án quy mô lớn dùng hợp đồng thuê đất dài hạn để tiết kiệm chi phí; n",high,S07,https://flyyeg.com/business/real-estate-commercial-development/leasing-land-development/,"Large-scale developments are supported by long-term land leases, which allows you to plan for long-term success, take advantage of savings and increase your bot",
edmonton,Giá (CVP 2),office_rent_eur_m2_year,object,0,,,,,,Tài liệu không công bố bất kỳ mức giá chào thuê văn phòng nào (không có dòng Starting at/From).
edmonton,Giá (CVP 2),cvp_price_note,string,1,"Lợi thế giá đến từ chi phí đất thấp và thuế bất động sản thấp, giá thuê cạnh tranh và cơ cấu thuế thấp; Alberta không có thuế bán hàng cấp tỉnh và thuế doanh nghiệp gộp tương đối thấp. Tài liệu không ",medium,S01,https://flyyeg.com/business/real-estate-commercial-development/about-airport-city/,"Lower land costs
Lower real estate taxes",
edmonton,Giá (CVP 2),price_vs_reference,string,1,"Đất công nghiệp tại Edmonton International Airport rẻ hơn so với đất công nghiệp tương đương trong vùng Edmonton, cho phép phát triển logistics/kho vận và cargo quy mô lớn; chi phí sinh hoạt và nhà ở ",high,S06,https://flyyeg.com/business/international-cargo-hub/,"Industrial land at Edmonton International Airport is more affordable than comparable industrial land within the Edmonton region, enabling large-scale logistics ",
edmonton,Giá (CVP 2),living_fee_usd_per_m2_month,string,0,,,,,,Tài liệu không nêu phí quản lý/duy trì theo m²/tháng.
edmonton,Giá (CVP 2),has_urban_service_fee,bool,0,,,,,,Không có bằng chứng về phí dịch vụ đô thị trong khu; tài liệu chỉ nêu ground lease YEG trả cho liên bang theo % doanh thu sân bay.
edmonton,Giá (CVP 2),sales_scheme,string,1,"Mô hình B2B cho thuê, không bán đất: YEG cung cấp nhiều cấu trúc thuê cho phát triển airside và groundside, điều khoản thuê linh hoạt và thuê đất dài hạn cho dự án lớn; giao dịch qua đội leasing của Y",medium,S07,https://flyyeg.com/business/real-estate-commercial-development/leasing-land-development/,"YEG is a dynamic operation with multiple leasing structures available for airside and ground side development.
Your business will enjoy flexible lease terms to ",
edmonton,Dịch vụ (CVP 3),cvp_service,string_list,1,"cấp phép do YEG và Leduc County kiểm soát nên xử lý nhanh; đất đã có quy hoạch phân vùng, hạ tầng và sẵn sàng phát triển ngay; ưu đãi khu thương mại tự do (Foreign Trade Zone); lực lượng ứng cứu khẩn ",high,S01,https://flyyeg.com/business/real-estate-commercial-development/about-airport-city/,Permitting controlled by YEG and Leduc County — enables responsiveness so you’ll be in business faster,
edmonton,Dịch vụ (CVP 3),airport_privilege,string,1,"Chương trình thành viên YEGplus: tích điểm mỗi lần đỗ xe, mua sắm hoặc ăn uống tại YEG để nhận ưu đãi bãi đỗ tốt nhất, giảm giá tại các cửa hàng và nhà hàng của sân bay và tự động tham gia quay thưởng",low,S01,https://flyyeg.com/business/real-estate-commercial-development/about-airport-city/,"Every time you park, shop or dine at YEG, you earn points that bring you closer to exclusive rewards. As a YEGplus member, you’ll enjoy the best parking deals",
edmonton,Dịch vụ (CVP 3),has_airport_privilege,bool,1,True,low,S01,https://flyyeg.com/business/real-estate-commercial-development/about-airport-city/,"As a YEGplus member, you’ll enjoy the best parking deals, discounts across airport shops and restaurants and automatic entry into exciting prize draws.",
edmonton,Dịch vụ (CVP 3),smart_city,string,1,"Không định vị là đô thị thông minh toàn diện; YEG vận hành như một 'Living Lab' (phòng thí nghiệm sống) để thử nghiệm, chạy thử, ươm tạo và thương mại hoá công nghệ tại Airport City Sustainability Cam",medium,S10,https://airportscouncil.org/wp-content/uploads/2025/07/Strategic-Airport-Land-Use_YEG_Slide-Deck.pdf,"• Living Lab for the Testing, Trialing, Incubation &
Commercialization of technologies",
edmonton,Dịch vụ (CVP 3),has_smart_city,bool,1,True,low,S10,https://airportscouncil.org/wp-content/uploads/2025/07/Strategic-Airport-Land-Use_YEG_Slide-Deck.pdf,"• Living Lab for the Testing, Trialing, Incubation &
Commercialization of technologies",
edmonton,Trải nghiệm (CVP 4),cvp_experience,string_list,1,mua sắm tại Premium Outlet Collection – YEG; siêu thị Costco Wholesale; chơi golf tại RedTail Landing Golf Club; đua ngựa và casino tại Century Mile Racetrack and Casino; đường đua RAD Torque Raceway;,high,S07,https://flyyeg.com/business/real-estate-commercial-development/leasing-land-development/,"Visitors can also golf at RedTail Landing Golf Club, visit Century Mile Racetrack and Casino, or spend time at the RAD Torque Raceway.",
edmonton,Trải nghiệm (CVP 4),experience_desc,string,1,"YEG tự định vị 'không chỉ là sân bay mà là một điểm đến': 8,2 triệu lượt khách sân bay mỗi năm có thể mua sắm tại Premium Outlet Collection – YEG và Costco Wholesale, chơi golf ở RedTail Landing, giải",high,S07,https://flyyeg.com/business/real-estate-commercial-development/leasing-land-development/,YEG is more than an airport – it’s a destination. Our 8.2 million airport visitors per year can shop at the Premium Outlet Collection – YEG and Costco Wholesale,
edmonton,Thuận tiện (CVP 5),cvp_convenience,string_list,1,tiếp cận trực tiếp hai trục cao tốc chính Highway 2 và Highway 19; hai cao tốc lớn của Alberta: QEII và Yellowhead TransCanada; gần hai ga liên vận đường sắt Canadian National và Canadian Pacific; nút,high,S07,https://flyyeg.com/business/real-estate-commercial-development/leasing-land-development/,"Access to North American markets via direct access to two primary arterial highways (Highway 2 and Highway 19)
Close proximity to two intermodal facilities (Can",
edmonton,Thuận tiện (CVP 5),connectivity_desc,string,1,"Khu nằm trên trục Highway 2 (QEII) và Highway 19, tiếp cận hai cao tốc lớn của Alberta (QEII và Yellowhead TransCanada), gần hai ga liên vận CN và CP; Edmonton là 'inland port' có đường sắt thông suốt",high,S05,https://flyyeg.com/corporate/wp-content/uploads/YEG-Master-Plan-2048-Public-Report_FINAL_EN.pdf,"Edmonton offers an inland port with uncongested access by rail from Prince Rupert
and Vancouver, and onward by air or truck to many points in Canada and the US.",
edmonton,Thuận tiện (CVP 5),connection_modes,string_list,1,"đường bộ/cao tốc (Highway 2, Highway 19, QEII, Yellowhead TransCanada); xe buýt tốc hành Route 747 của Edmonton Transit Service; kết nối LRT tại Century Park Transit Centre; Leduc Transit Route 10; đư",medium,S12,https://www.edmonton.ca/ets/edmonton-international-airport,"Running 7 days a week, Route 747 is Edmonton Transit’s direct service from Century Park Transit Centre to the Edmonton International Airport.",
edmonton,Thuận tiện (CVP 5),metro_lines,int,0,,,,,,"Không có tuyến metro/LRT chạy trực tiếp vào khu; tài liệu chỉ nêu xe buýt Route 747 nối sân bay với ga LRT Century Park, không nêu số tuyến LRT phục vụ khu."
edmonton,Thuận tiện (CVP 5),rail_connections,string_list,1,ga liên vận Canadian National (CN); ga liên vận Canadian Pacific (CP); kết nối đường sắt tới cảng Prince Rupert và Vancouver (inland port),medium,S07,https://flyyeg.com/business/real-estate-commercial-development/leasing-land-development/,Close proximity to two intermodal facilities (Canadian National and Canadian Pacific),
edmonton,Thương hiệu (CVP 6),cvp_brand,string_list,1,"Edmonton International Airport (YEG); Edmonton Regional Airports Authority / Edmonton Airports (tập đoàn phi lợi nhuận, tự chủ tài chính); Leduc County (đồng kiểm soát cấp phép); Chính phủ Canada – Na",high,S01,https://flyyeg.com/business/real-estate-commercial-development/about-airport-city/,"YEG is a self-funded, not-for-profit corporation driving economic prosperity for the Edmonton Metropolitan Region and beyond.",
edmonton,Thương hiệu (CVP 6),brand_desc,string,1,"Thương hiệu được xây trên vị thế 'không chỉ là sân bay' mà là cộng đồng doanh nghiệp và điểm đến: YEG là 1 trong 2 sân bay Canada được gắn nhãn 'airport city', sân bay lớn nhất Canada về diện tích đất",high,S01,https://flyyeg.com/business/real-estate-commercial-development/about-airport-city/,YEG is 1 of only 2 Canadian airports to be labeled an “airport city.”,
edmonton,Thương hiệu (CVP 6),brand_partners,string_list,1,Premium Outlet Collection – YEG (Ivanhoé Cambridge); Costco Wholesale; RedTail Landing Golf Club; Century Mile Racetrack and Casino; RAD Torque Raceway; Renaissance Edmonton Airport Hotel; Fairfield b,high,S07,https://flyyeg.com/business/real-estate-commercial-development/leasing-land-development/,"Premium Outlet Collection – YEG, Costco Wholesale, RedTail Landing Golf Club, Century Mile Racetrack and Casino, two on-site Marriott hotels (Renaissance Edmont",
edmonton,Tầm nhìn & bền vững,vision_label,string,1,YEG Master Plan 2048,high,S04,https://flyyeg.com/corporate/about-yeg/master-plan/,"YEG Master Plan 2048
Big plans to serve a growing population",
edmonton,Tầm nhìn & bền vững,vision_qualities,string_list,1,"tăng cường kết nối; tạo cơ hội kinh tế; chuẩn bị sân bay cho tương lai; nơi để sống, làm việc và vui chơi (live, work and play); dẫn dắt về dịch vụ hàng hoá hàng không, phát triển đất đai và đổi mới h",high,S01,https://flyyeg.com/business/real-estate-commercial-development/about-airport-city/,"Through YEG Ascent, we’re bringing together five transformational capital programs under a single vision: to strengthen connectivity, create economic opportunit",
edmonton,Tầm nhìn & bền vững,aviation_policy,string,1,Edmonton Regional Airports Authority được thành lập năm 1990 theo Alberta Regional Airports Authority Act; từ 1992 quản lý đất và tài sản của YEG thay mặt chính phủ liên bang theo Transport Canada Gro,high,S05,https://flyyeg.com/corporate/wp-content/uploads/YEG-Master-Plan-2048-Public-Report_FINAL_EN.pdf,"In 1990, the Edmonton Regional Airports Authority (Edmonton Airports)
was established in accordance with the Alberta Regional Airports Authority Act.",
edmonton,Tầm nhìn & bền vững,sustainability,string_list,1,mục tiêu phát thải ròng bằng 0 (net-zero) vào năm 2050 hoặc sớm hơn cho Scope 1&2; thành viên hạng Bronze của Net-Zero Challenge (Chính phủ Canada); đạt chứng nhận Level 3 Airport Carbon Accreditation,high,S09,https://flyyeg.com/corporate/esg/environmental-sustainability/,"We are working towards net-zero emissions by 2050 or earlier, with a primary focus on emissions related to our own operations (Scope 1&2)",
edmonton,Khu chức năng chuyên biệt,logistics_park_name,string,1,International Cargo Hub (ICH),high,S06,https://flyyeg.com/business/international-cargo-hub/,The International Cargo Hub (ICH) at YEG is one of the most compelling air cargo investment opportunities in Canada.,
edmonton,Khu chức năng chuyên biệt,logistics_park_ha,float,1,809.0,high,S05,https://flyyeg.com/corporate/wp-content/uploads/YEG-Master-Plan-2048-Public-Report_FINAL_EN.pdf,"The project plans to develop approximately 809
hectares (2,000 acres) of land into a new global",
edmonton,Khu chức năng chuyên biệt,trade_park_name,string,1,Port Alberta FTZ,medium,S10,https://airportscouncil.org/wp-content/uploads/2025/07/Strategic-Airport-Land-Use_YEG_Slide-Deck.pdf,"Largest Airport by Land 7000+ Acres, Includes Port
Alberta FTZ, fifth-busiest airport by passenger traffic",
edmonton,Khu chức năng chuyên biệt,trade_park_ha,float,0,,,,,,Tài liệu không nêu diện tích của khu thương mại tự do Port Alberta FTZ.
fort_worth_alliance,Định danh,case_name,string,1,AllianceTexas,high,S02,https://www.alliancetexas.com/Portals/0/Images/AllianceTexas/resources/facts/ATX%20Fact%20Sheet.pdf?ver=UUpoghr_xlxvOxHxB7-nuA%3D%3D,ALLIANCETEXAS: FACT SHEET,
fort_worth_alliance,Định danh,aerotropolis,string,1,AllianceTexas (Perot Field Fort Worth Alliance Airport),high,S06,https://www.hillwood.com/newsroom/press-releases/alliancetexas-drives-142-9-billion-in-economic-impact-for-north-texas/,"AllianceTexas, Hillwood’s 27,000-acre master-planned, mixed-use development in north Fort Worth",
fort_worth_alliance,Định danh,country,string,1,Hoa Kỳ,high,S08,https://comptroller.texas.gov/economy/economic-data/ports/2024/alliance.php,AllianceTexas is the primary port of entry for the southwestern United States,
fort_worth_alliance,Định danh,is_target,bool,1,False,medium,baseline,,,
fort_worth_alliance,Định danh,airport_name,string,1,Perot Field Fort Worth Alliance Airport (AFW),high,S01,https://www.alliancetexas.com/OverviewMaps/DevelopmentAreas.aspx,"Perot
Field Fort Worth Alliance Airport (AFW)
offers unmatched cargo, corporate, and
government aviation services",
fort_worth_alliance,Định danh,reference_city,string,1,Fort Worth,high,S16,https://en.wikipedia.org/wiki/Perot_Field_Fort_Worth_Alliance_Airport,"is a public
airport
14 miles (23
km)
north of the
central business district",
fort_worth_alliance,Định danh,official_website,string,1,https://www.alliancetexas.com,medium,S01,https://www.alliancetexas.com/OverviewMaps/DevelopmentAreas.aspx,url: https://www.alliancetexas.com/OverviewMaps/DevelopmentAreas.aspx,
fort_worth_alliance,Vị trí & lịch sử,location_desc,string,1,"Nằm ở phía bắc thành phố Fort Worth, bang Texas; trải rộng trên hai hạt (Tarrant và Denton), chín đô thị (Fort Worth, Haslet, Roanoke, Westlake, Northlake, Denton, Corral City, Justin, Argyle) và năm ",high,S02,https://www.alliancetexas.com/Portals/0/Images/AllianceTexas/resources/facts/ATX%20Fact%20Sheet.pdf?ver=UUpoghr_xlxvOxHxB7-nuA%3D%3D,"AllianceTexas geographically spans two counties (Tarrant and Denton),
nine municipalities (Fort Worth, Haslet, Roanoke, Westlake, Northlake,
Denton, Corral City",
fort_worth_alliance,Vị trí & lịch sử,distance_to_city_km,float,1,23.0,high,S16,https://en.wikipedia.org/wiki/Perot_Field_Fort_Worth_Alliance_Airport,"is a public
airport
14 miles (23
km)
north of the
central business district",
fort_worth_alliance,Vị trí & lịch sử,area_km2,float,1,109.27,high,S02,https://www.alliancetexas.com/Portals/0/Images/AllianceTexas/resources/facts/ATX%20Fact%20Sheet.pdf?ver=UUpoghr_xlxvOxHxB7-nuA%3D%3D,"AllianceTexas (27,000 acres) is nearly double the size of Manhattan
(14,478 acres)",
fort_worth_alliance,Vị trí & lịch sử,airport_build_period,string,1,1988-1989,medium,S16,https://en.wikipedia.org/wiki/Perot_Field_Fort_Worth_Alliance_Airport,"The official groundbreaking ceremonies were held in July 1988, and the airport officially opened on
December 14,
1989",
fort_worth_alliance,Vị trí & lịch sử,urban_build_period,string,1,1989-nay,medium,S06,https://www.hillwood.com/newsroom/press-releases/alliancetexas-drives-142-9-billion-in-economic-impact-for-north-texas/,"Since 1989, 64.7 million square feet of office, retail, and industrial space have been developed.",
fort_worth_alliance,Vị trí & lịch sử,founded_year,int,1,1989,high,S08,https://comptroller.texas.gov/economy/economic-data/ports/2024/alliance.php,"In 1989, Hillwood partnered with the Federal Aviation Administration and the city of Fort Worth to open Alliance Airport, now Perot Field, as the world’s first ",
fort_worth_alliance,Vị trí & lịch sử,development_context,string,1,"Năm 1989, Hillwood hợp tác cùng Cục Hàng không Liên bang (FAA) và chính quyền thành phố Fort Worth mở Alliance Airport – sân bay công nghiệp đầu tiên thế giới; khu đô thị đa chức năng 27.000 acres phá",high,S08,https://comptroller.texas.gov/economy/economic-data/ports/2024/alliance.php,"In 1989, Hillwood partnered with the Federal Aviation Administration and the city of Fort Worth to open Alliance Airport... the AllianceTexas development has gr",
fort_worth_alliance,Định vị & quy hoạch,positioning,string,1,"Cảng nội địa (inland port) chủ lực của vùng tây nam Hoa Kỳ và trung tâm logistics toàn cầu kết nối hàng không – đường bộ – đường sắt, gắn với sân bay công nghiệp đầu tiên thế giới",high,S08,https://comptroller.texas.gov/economy/economic-data/ports/2024/alliance.php,"AllianceTexas’ global logistics hub is one of the nation’s largest inland ports, connecting air (Perot Field Fort Worth Alliance Airport), road (I-35/SH-170) an",
fort_worth_alliance,Định vị & quy hoạch,planning_concept,string,1,"Khu đô thị đa chức năng quy hoạch tổng thể (master-planned, mixed-use) quy mô 27.000 acres, tích hợp hạ tầng đẳng cấp thế giới, kết nối đa phương thức và bất động sản công nghiệp – văn phòng – bán lẻ ",high,S01,https://www.alliancetexas.com/OverviewMaps/DevelopmentAreas.aspx,"AllianceTexas is a 27,000-acre mixed-use development and ecosystem where world-class infrastructure, unmatched connectivity, and premier real estate opportuniti",
fort_worth_alliance,Định vị & quy hoạch,cornerstones,string_list,1,trụ sở doanh nghiệp/văn phòng; y tế; giáo dục đại học; bán lẻ và giải trí; khu dân cư quy hoạch; logistics/kho vận và công nghiệp,medium,S06,https://www.hillwood.com/newsroom/press-releases/alliancetexas-drives-142-9-billion-in-economic-impact-for-north-texas/,"The AllianceTexas development features corporate headquarters, healthcare providers, higher education centers, shopping and entertainment destinations and thoug",
fort_worth_alliance,Định vị & quy hoạch,subzones,string_list,1,Alliance Gateway; Alliance Center; Alliance Center North; Alliance Commerce Center; Alliance Northport; Alliance Westport; Alliance Town Center; Circle T Ranch; Mobility Innovation Zone (MIZ); Allianc,medium,S02,https://www.alliancetexas.com/Portals/0/Images/AllianceTexas/resources/facts/ATX%20Fact%20Sheet.pdf?ver=UUpoghr_xlxvOxHxB7-nuA%3D%3D,"Business parks, including: Alliance Gateway, Alliance Center, Alliance Center
North, Alliance Commerce Center, Alliance Northport and Alliance Westport",
fort_worth_alliance,Chỉ số quy mô,passengers_million,float,0,,,,,,"Sân bay không khai thác dịch vụ hành khách thương mại (S16: 'It provides no major commercial passenger airline service'), tài liệu không có số hành khách/năm."
fort_worth_alliance,Chỉ số quy mô,cargo_million_tonnes,float,1,0.285,medium,S08,https://comptroller.texas.gov/economy/economic-data/ports/2024/alliance.php,Perot Field saw over 628 million pounds of cargo arriving and departing AllianceTexas,
fort_worth_alliance,Chỉ số quy mô,air_movements,int,1,109652,high,S16,https://en.wikipedia.org/wiki/Perot_Field_Fort_Worth_Alliance_Airport,"the airport had 109,652 aircraft operations, averaging 300 per day: 61%
general aviation
, 18%
air carrier
, 10%
military
, and 11%
air taxi",
fort_worth_alliance,Chỉ số quy mô,destinations,int,0,,,,,,"Tài liệu chỉ liệt kê một số điểm đến hàng hoá (Tulsa, Midland, Atlanta, Chicago–O'Hare, Oakland, El Paso, Greensboro) trên bản đồ, không nêu tổng số điểm đến trực tiếp."
fort_worth_alliance,Chỉ số quy mô,airlines,int,0,,,,,,"Tài liệu chỉ nêu vài hãng khai thác (Amazon Air, FedEx Feeder do Empire Airlines vận hành), không có con số tổng số hãng bay."
fort_worth_alliance,Chỉ số quy mô,transfer_pct,float,0,,,,,,Không có dữ liệu về tỷ lệ hành khách transfer trong tài liệu (sân bay không phục vụ hành khách thương mại).
fort_worth_alliance,Chỉ số quy mô,airport_area_ha,float,1,485.0,high,S16,https://en.wikipedia.org/wiki/Perot_Field_Fort_Worth_Alliance_Airport,"Fort Worth Alliance Airport covers an area of
1,198 acres (485
ha)",
fort_worth_alliance,Chỉ số quy mô,employees,int,1,73134,high,S02,https://www.alliancetexas.com/Portals/0/Images/AllianceTexas/resources/facts/ATX%20Fact%20Sheet.pdf?ver=UUpoghr_xlxvOxHxB7-nuA%3D%3D,"602 companies at AllianceTexas
73,134 direct jobs generated",
fort_worth_alliance,Chỉ số quy mô,num_companies_airport,int,0,,,,,,"Tài liệu chỉ có tổng số doanh nghiệp trong toàn khu AllianceTexas (602), không tách riêng số doanh nghiệp hoạt động tại sân bay."
fort_worth_alliance,Chỉ số quy mô,num_companies_realestate,int,1,602,medium,S06,https://www.hillwood.com/newsroom/press-releases/alliancetexas-drives-142-9-billion-in-economic-impact-for-north-texas/,"AllianceTexas is now home to 602 companies and directly supports 73,134 jobs.",
fort_worth_alliance,Chỉ số quy mô,num_office_buildings,int,0,,,,,,"Tài liệu không nêu số toà nhà văn phòng; chỉ có tổng diện tích sàn 64,7 triệu sq ft cho cả văn phòng, bán lẻ và công nghiệp."
fort_worth_alliance,Chỉ số quy mô,jobs_created,int,1,73134,high,S06,https://www.hillwood.com/newsroom/press-releases/alliancetexas-drives-142-9-billion-in-economic-impact-for-north-texas/,"AllianceTexas is now home to 602 companies and directly supports 73,134 jobs.",
fort_worth_alliance,Đầu tư & quản trị,total_investment_usd,string,1,"18,3 tỷ USD tổng vốn đầu tư tính đến 2025 ($18.3 billion), gồm 16,7 tỷ USD tư nhân và 1,6 tỷ USD công",high,S06,https://www.hillwood.com/newsroom/press-releases/alliancetexas-drives-142-9-billion-in-economic-impact-for-north-texas/,"Total investment in AllianceTexas reached $18.3 billion in 2025, including $16.7 billion from the private sector and $1.6 billion in public investment",
fort_worth_alliance,Đầu tư & quản trị,investor_governance,string,1,Mô hình hợp tác công–tư (public-private partnership): Hillwood (a Perot Company) là nhà phát triển chủ đạo; sân bay thuộc sở hữu thành phố Fort Worth và do Alliance Air Services – công ty con của Hill,high,S16,https://en.wikipedia.org/wiki/Perot_Field_Fort_Worth_Alliance_Airport,"The airport is owned by the City of Fort Worth and managed by Alliance Air Services, a subsidiary of Hillwood Development",
fort_worth_alliance,Đầu tư & quản trị,gov_led_ratio_pct,float,1,8.75,high,S02,https://www.alliancetexas.com/Portals/0/Images/AllianceTexas/resources/facts/ATX%20Fact%20Sheet.pdf?ver=UUpoghr_xlxvOxHxB7-nuA%3D%3D,"$1.60 billion / 8.75% total public investment (1990-2025) - includes
roads, infrastructure and schools",
fort_worth_alliance,Đầu tư & quản trị,private_ratio_pct,float,1,91.25,high,S02,https://www.alliancetexas.com/Portals/0/Images/AllianceTexas/resources/facts/ATX%20Fact%20Sheet.pdf?ver=UUpoghr_xlxvOxHxB7-nuA%3D%3D,$16.71 billion / 91.25% total private investment (1990-2025),
fort_worth_alliance,Đầu tư & quản trị,lead_developer,string,1,Hillwood (a Perot Company),high,S06,https://www.hillwood.com/newsroom/press-releases/alliancetexas-drives-142-9-billion-in-economic-impact-for-north-texas/,"AllianceTexas, Hillwood’s 27,000-acre master-planned, mixed-use development in north Fort Worth",
fort_worth_alliance,Sản phẩm (CVP 1),cvp_product,string_list,1,Nhà xưởng/cơ sở công nghiệp (industrial facilities); Toà nhà văn phòng (Class A office); Điểm đến bán lẻ (retail); Tổ hợp giải trí (entertainment complexes); Cơ sở đường sắt liên phương thức (intermod,high,S02,https://www.alliancetexas.com/Portals/0/Images/AllianceTexas/resources/facts/ATX%20Fact%20Sheet.pdf?ver=UUpoghr_xlxvOxHxB7-nuA%3D%3D,"Industrial Facilities
Office Buildings
Retail Destinations
Entertainment Complexes
Intermodal Rail Facilities
Inland Port",
fort_worth_alliance,Sản phẩm (CVP 1),commercial_re,string_list,1,công nghiệp/kho vận; văn phòng; bán lẻ; khách sạn; văn phòng y tế (medical office); trung tâm dữ liệu,high,S01,https://www.alliancetexas.com/OverviewMaps/DevelopmentAreas.aspx,Commercial Real Estate | Industrial | Office | Retail | AllianceTexas,
fort_worth_alliance,Sản phẩm (CVP 1),economic_zone_name,string,1,Foreign-Trade Zone #196 (FTZ #196),high,S04,https://www.alliancetexas.com/strategic-economic-advantages,Foreign-Trade Zone #196 + Triple Freeport Inventory Tax Exemption:,
fort_worth_alliance,Sản phẩm (CVP 1),economic_zone_year,int,1,1993,low,S10,https://ofis.trade.gov/Zones/Details/135,"mục đích: Dữ liệu chính thức về khu thương mại tự do FTZ 196: năm phê duyệt 1993, grantee Alliance Corridor Inc.",
fort_worth_alliance,Sản phẩm (CVP 1),residential_product_desc,string,1,Sản phẩm nhà ở gồm các cộng đồng nhà đơn lập (single-family) trong những khu master-planned đoạt giải của Hillwood Communities — có cả nhà bán mới và nhà cho thuê — cùng tám khu căn hộ garden cao cấp ,medium,S14,https://www.alliancetexas.com/why-alliancetexas/housing,Explore new construction homes currently selling and homes for lease in the newest award-winning master-planned neighborhoods from Hillwood Communities,
fort_worth_alliance,Sản phẩm (CVP 1),residential_highrise_pct,float,0,,,,,,Tài liệu không nêu tỷ lệ sản phẩm nhà cao tầng.
fort_worth_alliance,Sản phẩm (CVP 1),residential_lowrise_pct,float,0,,,,,,Tài liệu không nêu tỷ lệ sản phẩm nhà thấp tầng.
fort_worth_alliance,Sản phẩm (CVP 1),residential_land_pct,float,0,,,,,,Tài liệu không nêu tỷ lệ sản phẩm đất nền.
fort_worth_alliance,Sản phẩm (CVP 1),basic_amenities,string_list,1,"Trường học công lập đoạt giải và trường charter (Northwest ISD, Keller ISD, Denton ISD, Eagle Mountain-Saginaw ISD, Argyle ISD); Cơ sở y tế toàn diện (Texas Health Resources-Alliance, Cook Children's,",high,S01,https://www.alliancetexas.com/OverviewMaps/DevelopmentAreas.aspx,"With award-winning schools, top-tier medical facilities, and abundant parks, trails, and green spaces, the region supports the daily rhythm of life for employee",
fort_worth_alliance,Sản phẩm (CVP 1),highlight_amenities,string_list,1,"Alliance Town Center – tổ hợp 900 acres mua sắm, ẩm thực, giải trí, văn phòng, khách sạn, y tế và nhà ở đô thị; Front 44 tại Circle T Ranch (bán lẻ – ẩm thực – khách sạn); Bluestem Park (14 acres thảo",high,S02,https://www.alliancetexas.com/Portals/0/Images/AllianceTexas/resources/facts/ATX%20Fact%20Sheet.pdf?ver=UUpoghr_xlxvOxHxB7-nuA%3D%3D,"900 acres of integrated shopping, dining, entertainment, office, hotel, medical and
urban living, located between North Tarrant Parkway and Golden Triangle Boul",
fort_worth_alliance,Giá (CVP 2),cvp_price,string,1,"Nguồn thu đến từ phát triển, cho thuê và bán bất động sản (công nghiệp, văn phòng, bán lẻ, nhà ở) do Hillwood đầu tư – quản lý; lợi thế chi phí cho khách thuê đến từ ưu đãi thuế của khu thương mại tự ",medium,S04,https://www.alliancetexas.com/strategic-economic-advantages,"Foreign-Trade Zone #196 delivers duty and tax benefits and consultation services* that are not available through any other mechanism, reducing costs and streaml",
fort_worth_alliance,Giá (CVP 2),office_rent_eur_m2_year,object,0,,,,,,Tài liệu không có bất kỳ dòng chào giá thuê văn phòng (Starting at/From) nào.
fort_worth_alliance,Giá (CVP 2),cvp_price_note,string,0,,,,,,Tài liệu không nêu chú thích về đơn vị hay điều kiện giá thuê/bán.
fort_worth_alliance,Giá (CVP 2),price_vs_reference,string,1,Giá nhà tại Dallas-Fort Worth vẫn thuộc nhóm phải chăng nhất nước Mỹ theo nghiên cứu của Urban Land Institute; tại Bắc Texas mỗi đô la mua được nhiều diện tích nhà hơn.,high,S14,https://www.alliancetexas.com/why-alliancetexas/housing,"Home prices in Dallas-Fort Worth are still among the most affordable in the country, according to research from the Urban Land Institute.",
fort_worth_alliance,Giá (CVP 2),living_fee_usd_per_m2_month,string,0,,,,,,Tài liệu không nêu mức phí quản lý/duy trì theo USD/m²/tháng.
fort_worth_alliance,Giá (CVP 2),has_urban_service_fee,bool,1,True,medium,S02,https://www.alliancetexas.com/Portals/0/Images/AllianceTexas/resources/facts/ATX%20Fact%20Sheet.pdf?ver=UUpoghr_xlxvOxHxB7-nuA%3D%3D,Park Glen: First master-planned residential community within AllianceTexas and the City of Fort Worth’s first Public Improvement District (PID),
fort_worth_alliance,Giá (CVP 2),sales_scheme,string,1,"Mô hình kép: B2B với doanh nghiệp (thuê/mua đất và nhà xưởng, văn phòng do Hillwood phát triển, quản lý và cho thuê dài hạn) và bán lẻ nhà ở thông qua nhiều nhà xây dựng – ví dụ Pecan Square có hơn 3.",medium,S02,https://www.alliancetexas.com/Portals/0/Images/AllianceTexas/resources/facts/ATX%20Fact%20Sheet.pdf?ver=UUpoghr_xlxvOxHxB7-nuA%3D%3D,"More than 3,000 homes
planned, ranging from $300s to $600s from ten different builders.",
fort_worth_alliance,Dịch vụ (CVP 3),cvp_service,string_list,1,"Quản lý và khai thác sân bay (Airport Management – Alliance Aviation Services); Phát triển nguồn nhân lực, giáo dục và đào tạo (Workforce Development); Quản lý bất động sản (Hillwood Property Manageme",high,S02,https://www.alliancetexas.com/Portals/0/Images/AllianceTexas/resources/facts/ATX%20Fact%20Sheet.pdf?ver=UUpoghr_xlxvOxHxB7-nuA%3D%3D,"BUSINESS SERVICES
Airport Management
Workforce Development/
Education  and Training",
fort_worth_alliance,Dịch vụ (CVP 3),airport_privilege,string,1,"Doanh nghiệp trong khu được hưởng quy chế khu thương mại tự do FTZ #196 phủ toàn bộ cảng ngay tại Perot Field Fort Worth Alliance Airport: miễn/hoãn thuế nhập khẩu và thông quan hải quan nhanh, kèm tư",medium,S04,https://www.alliancetexas.com/strategic-economic-advantages,"Foreign-Trade Zone #196 delivers duty and tax benefits and consultation services* that are not available through any other mechanism, reducing costs and streaml",
fort_worth_alliance,Dịch vụ (CVP 3),has_airport_privilege,bool,1,True,medium,S08,https://comptroller.texas.gov/economy/economic-data/ports/2024/alliance.php,General-purpose Foreign Trade Zone (FTZ #196) covering the entire port.,
fort_worth_alliance,Dịch vụ (CVP 3),smart_city,string,1,Mức độ tích hợp số rất cao nhưng hướng về logistics thông minh hơn là đô thị: AllianceTexas Smart Port và Mobility Innovation Zone (MIZ) có hành lang kết nối thông minh 15 dặm với công nghệ V2X cho xe,high,S11,https://www.alliancetexasmiz.com/infrastructure/,Advanced AV technology supports various forms of vehicle-to-everything (V2X) communication along a 15-mile corridor within AllianceTexas.,
fort_worth_alliance,Dịch vụ (CVP 3),has_smart_city,bool,1,True,high,S11,https://www.alliancetexasmiz.com/infrastructure/,"we’re using the power of innovation to create a more productive, sustainable logistics hub called a Smart Port",
fort_worth_alliance,Trải nghiệm (CVP 4),cvp_experience,string_list,1,"Mua sắm, ẩm thực và giải trí tại Alliance Town Center; Gần 30 acres công viên, trail và không gian xanh trong Alliance Town Center; Hơn 50 dặm đường trail thuộc Arcadia Regional Trail System; Bluestem",high,S12,https://www.alliancetexas.com/alliance-town-center,"Beautifully designed and seamlessly integrated, Alliance Town Center offers connected office, retail, and entertainment options and nearly 30 acres of parks, tr",
fort_worth_alliance,Trải nghiệm (CVP 4),experience_desc,string,1,"Đời sống trong khu xoay quanh Alliance Town Center với mua sắm, ẩm thực, giải trí và chương trình hoạt động cho gia đình mọi lứa tuổi; cộng đồng Harvest theo mô hình nông nghiệp đô thị có ngôi nhà nôn",high,S02,https://www.alliancetexas.com/Portals/0/Images/AllianceTexas/resources/facts/ATX%20Fact%20Sheet.pdf?ver=UUpoghr_xlxvOxHxB7-nuA%3D%3D,"Harvest: Urban agrarian community with 3,200 homes, featuring a 140-year-old
original farmhouse-turned-coffeehouse, community farm, a stocked 11-acre lake
and, ",
fort_worth_alliance,Thuận tiện (CVP 5),cvp_convenience,string_list,1,"Trung tâm liên phương thức hiếm hoi kết hợp cả hàng không, đường bộ và đường sắt; 162 dặm đường bộ gồm I-35W (nối Mexico – Canada), SH-114, SH-170 và FM-156; Hai tuyến đường sắt Class I: BNSF Railway ",high,S02,https://www.alliancetexas.com/Portals/0/Images/AllianceTexas/resources/facts/ATX%20Fact%20Sheet.pdf?ver=UUpoghr_xlxvOxHxB7-nuA%3D%3D,"162 miles of roadway including Interstate Highway 35W from Mexico to Canada,
Texas State Highways 114 and 170, and FM-156",
fort_worth_alliance,Thuận tiện (CVP 5),connectivity_desc,string,1,"AllianceTexas là trung tâm logistics toàn cầu và một trong những cảng nội địa lớn nhất nước Mỹ, kết nối đồng thời hàng không (Perot Field Fort Worth Alliance Airport), đường bộ (I-35/SH-170) và đường ",high,S08,https://comptroller.texas.gov/economy/economic-data/ports/2024/alliance.php,"AllianceTexas’ global logistics hub is one of the nation’s largest inland ports, connecting air (Perot Field Fort Worth Alliance Airport), road (I-35/SH-170) an",
fort_worth_alliance,Thuận tiện (CVP 5),connection_modes,string_list,1,"hàng không (Perot Field Fort Worth Alliance Airport); đường sắt hàng hoá Class I (BNSF Railway, Union Pacific); đường sắt liên phương thức (BNSF Alliance Intermodal Facility); cao tốc/đường bộ (I-35W,",high,S04,https://www.alliancetexas.com/strategic-economic-advantages,"Two Class I rail lines (BNSF and Union Pacific)
162 miles of roadways: I-35W, SH-114, SH-170, FM-156",
fort_worth_alliance,Thuận tiện (CVP 5),metro_lines,int,0,,,,,,"Tài liệu chỉ nêu đường sắt hàng hoá Class I (BNSF, Union Pacific) và ga liên phương thức, không nêu tuyến metro/đường sắt đô thị nào phục vụ khu."
fort_worth_alliance,Thuận tiện (CVP 5),rail_connections,string_list,1,BNSF Railway (Class I); Union Pacific (Class I); BNSF Alliance Intermodal Facility,high,S08,https://comptroller.texas.gov/economy/economic-data/ports/2024/alliance.php,"Direct access to BNSF and Union Pacific, both Class-I rail lines.",
fort_worth_alliance,Thương hiệu (CVP 6),cvp_brand,string_list,1,"Hillwood, a Perot Company (chủ đầu tư phát triển); Thành phố Fort Worth; Federal Aviation Administration (FAA); Alliance Air Services / Alliance Aviation Services (đơn vị vận hành sân bay); BNSF Railw",high,S08,https://comptroller.texas.gov/economy/economic-data/ports/2024/alliance.php,"In 1989, Hillwood partnered with the Federal Aviation Administration and the city of Fort Worth to open Alliance Airport, now Perot Field, as the world’s first ",
fort_worth_alliance,Thương hiệu (CVP 6),brand_desc,string,1,"Thương hiệu được xây dựng quanh hình ảnh 'động cơ kinh tế' của Bắc Texas và là một trong những mô hình phát triển kinh tế hợp tác công – tư thành công nhất nước Mỹ, với các nhãn định vị: sân bay công ",high,S06,https://www.hillwood.com/newsroom/press-releases/alliancetexas-drives-142-9-billion-in-economic-impact-for-north-texas/,"stands as one of the most successful public-private economic development models in the nation, driving transformative growth and industry diversification at an ",
fort_worth_alliance,Thương hiệu (CVP 6),brand_partners,string_list,1,Hillwood; BNSF Railway; Union Pacific; FedEx Express (Southwest Regional Sort Hub); Amazon Air (Regional Air Hub); UPS Ground Sort Hub; Wistron; MP Materials; Embraer; Gulfstream Aerospace; SGS Studio,high,S06,https://www.hillwood.com/newsroom/press-releases/alliancetexas-drives-142-9-billion-in-economic-impact-for-north-texas/,"The momentum we’re seeing with industry leaders like Wistron, MP Materials, Embraer, and even SGS Studios reflects the power of strong collaboration and a share",
fort_worth_alliance,Tầm nhìn & bền vững,vision_label,string,0,,,,,,"Tài liệu chỉ có khẩu hiệu marketing như 'The Future of Business Starts Here' và mục 'District Impact and Vision', không có nhãn tầm nhìn chính thức kiểu Vision 20xx."
fort_worth_alliance,Tầm nhìn & bền vững,vision_qualities,string_list,1,Hạ tầng đẳng cấp thế giới; Kết nối vượt trội (đa phương thức air – road – rail); Đổi mới sáng tạo và công nghệ vận tải mới; Giá trị dài hạn cho khách hàng và đối tác; Hợp tác công – tư; Chất lượng sốn,medium,S01,https://www.alliancetexas.com/OverviewMaps/DevelopmentAreas.aspx,"AllianceTexas is a 27,000-acre mixed-use development and ecosystem where world-class infrastructure, unmatched connectivity, and premier real estate opportuniti",
fort_worth_alliance,Tầm nhìn & bền vững,aviation_policy,string,1,"Phát triển sân bay chịu chi phối bởi DFW Concurrent Bond Ordinance năm 1968 do Dallas và Fort Worth ký, cấm hai thành phố cung cấp dịch vụ sân bay đô thị 'có khả năng cạnh tranh' với DFW — vì vậy Pero",medium,S16,https://en.wikipedia.org/wiki/Perot_Field_Fort_Worth_Alliance_Airport,"The bond agreement prohibited both cities from offering municipal airport services that are ""potentially competitive"" with DFW.",
fort_worth_alliance,Tầm nhìn & bền vững,sustainability,string_list,1,Chứng nhận LEED for Neighborhood Development (USGBC) cho Alliance Town Center – một trong hai dự án tại Texas đạt được; Được EPA công nhận Green Power Partner; thuộc nhóm mua năng lượng tái tạo lớn nh,high,S15,https://www.alliancetexas.com/why-alliancetexas/sustainability,"Alliance Town Center, the 900-acre mixed-use, retail center at AllianceTexas, was recognized by the U.S. Green Building Council (USGBC) with its LEED for Neighb",
fort_worth_alliance,Khu chức năng chuyên biệt,logistics_park_name,string,1,Alliance Logistics District,high,S07,https://www.hillwood.com/newsroom/press-releases/hillwood-bnsf-railway-and-city-of-fort-worth-launch-the-alliance-logistics-district-to-advance-innovation-and-efficiency-in-inland-freight-movement/,"Hillwood, BNSF Railway and City of Fort Worth Launch the Alliance Logistics District to Advance Innovation and Efficiency in Inland Freight Movement",
fort_worth_alliance,Khu chức năng chuyên biệt,logistics_park_ha,float,1,566.56,high,S06,https://www.hillwood.com/newsroom/press-releases/alliancetexas-drives-142-9-billion-in-economic-impact-for-north-texas/,"The 1,400-acre Alliance Logistics District is a first-of-its-kind mobility hub within the Smart Port at AllianceTexas.",
fort_worth_alliance,Khu chức năng chuyên biệt,trade_park_name,string,1,Foreign-Trade Zone #196,high,S04,https://www.alliancetexas.com/strategic-economic-advantages,"Foreign-Trade Zone (FTZ) No. 196 consists of over 9,600 acres, and is currently ranked among the top U.S. general purpose FTZs for value of foreign merchandise ",
fort_worth_alliance,Khu chức năng chuyên biệt,trade_park_ha,float,1,3884.98,medium,S04,https://www.alliancetexas.com/strategic-economic-advantages,"Foreign-Trade Zone (FTZ) No. 196 consists of over 9,600 acres",
frankfurt,Định danh,case_name,string,1,Frankfurt Airport City,medium,baseline,,,
frankfurt,Định danh,aerotropolis,string,1,Frankfurt Airport City / Gateway Gardens,medium,baseline,,,
frankfurt,Định danh,country,string,1,Đức,high,S13,https://en.wikipedia.org/wiki/Fraport,German transport company which operates Frankfurt Airport,
frankfurt,Định danh,is_target,bool,1,False,medium,baseline,,,
frankfurt,Định danh,airport_name,string,1,Frankfurt Airport,high,S01,https://www.fraport.com/en/newsroom/press-releases/2026/traffic-figures/fraport-traffic-figures-2025.html,Frankfurt Airport (FRA) welcomed approximately 63.2 million passengers in 2025.,
frankfurt,Định danh,reference_city,string,1,Frankfurt Rhine-Main,medium,S14,https://en.wikipedia.org/wiki/Frankfurt_Rhine-Main,"The Frankfurt Rhine-Main area is officially designated as a European Metropolitan region by the German Federal Ministry of Transport, Building and Urban Affairs",
frankfurt,Định danh,official_website,string,1,https://www.fraport.com,high,S13,https://en.wikipedia.org/wiki/Fraport,www.fraport.com,
frankfurt,Vị trí & lịch sử,location_desc,string,1,"Gateway Gardens nằm trong quận Flughafen (""Sân bay"") của Frankfurt, ngay phía tây bắc nút giao Frankfurter Kreuz, được bao quanh bởi các đường cao tốc liên bang A 3, A 5 và B 43; khu vực là cựu khu nh",medium,S06,https://www.skylineatlas.com/gateway-gardens/,"is not a city district of its own, but officially belongs to the district Flughafen (German for “Airport”). The area is located directly northwest of the freewa",
frankfurt,Vị trí & lịch sử,distance_to_city_km,float,0,,,,,,Tài liệu không nêu khoảng cách từ khu đô thị/sân bay tới trung tâm Frankfurt.
frankfurt,Vị trí & lịch sử,area_km2,float,1,0.35,medium,S06,https://www.skylineatlas.com/gateway-gardens/,The area is located directly northwest of the freeway intersection and has a surface area of around 35 hectares.,
frankfurt,Vị trí & lịch sử,airport_build_period,string,0,,,,,,Tài liệu không nêu giai đoạn xây dựng sân bay dưới dạng YYYY-YYYY.
frankfurt,Vị trí & lịch sử,urban_build_period,string,1,2005-nay,medium,S08,https://en.wikipedia.org/wiki/Frankfurt_Airport,"Like the air base, the housing area was closed in 2005. Since then the area is being developed into a business location for airport-related companies.",
frankfurt,Vị trí & lịch sử,founded_year,int,1,1924,medium,S13,https://en.wikipedia.org/wiki/Fraport,"Founded
1924
(as
Südwestdeutsche Luftverkehrs AG",
frankfurt,Vị trí & lịch sử,development_context,string,1,"Khu Gateway Gardens vốn là khu nhà ở của quân nhân Không quân Mỹ tại Rhein-Main Air Base, ""cửa ngõ vào châu Âu"" giai đoạn 1945–2004; sau khi căn cứ và khu nhà ở đóng cửa năm 2005, khu đất được chuyển ",medium,S08,https://en.wikipedia.org/wiki/Frankfurt_Airport,"Gateway Gardens is a former housing area for the US Air Force personnel based at the Rhein-Main Air Base, close to Terminal 2. Like the air base, the housing ar",
frankfurt,Định vị & quy hoạch,positioning,string,1,Airport City – khu đô thị/địa điểm kinh doanh gắn với sân bay dành cho các doanh nghiệp liên quan hàng không,medium,S08,https://en.wikipedia.org/wiki/Frankfurt_Airport,Since then the area is being developed into a business location for airport-related companies.,
frankfurt,Định vị & quy hoạch,planning_concept,string,1,"Khu đô thị mới phát triển theo mô hình campus mở, không xây căn hộ ở do tiếng ồn máy bay; kết hợp hạ tầng kết nối tốt với môi trường xanh (công viên 2,4 ha), văn phòng, khách sạn, nhà trẻ, dịch vụ tiệ",medium,S06,https://www.skylineatlas.com/gateway-gardens/,"No apartments will be built in due to the noise pollution caused by the airport. ... already has numerous office and conference buildings, hotels, restaurants a",
frankfurt,Định vị & quy hoạch,cornerstones,string_list,1,văn phòng; bán lẻ; logistics/kho vận (Cargo Hub); bất động sản & năng lượng; hội họp & sự kiện (MICE); vận hành sân bay và dịch vụ mặt đất,medium,S03,https://b2b.frankfurt-airport.com/en/real-estate-it-services/fraport-real-estate-energy.html,Airlines ... Cargo Hub ... Retail ... Meetings & Events ... Fraport Real Estate & Energy offers more than 60 years of experience in real estate management at Fr,
frankfurt,Định vị & quy hoạch,subzones,string_list,1,Gateway Gardens; The Squaire; CargoCity Süd; Mönchhof Logistics Parks; Terminal 3,medium,S08,https://en.wikipedia.org/wiki/Frankfurt_Airport,The 98-hectare CargoCity Süd (South) is home to a cargo centre for dispatch service providers and freight forwarding businesses.,
frankfurt,Chỉ số quy mô,passengers_million,float,1,63.2,high,S01,https://www.fraport.com/en/newsroom/press-releases/2026/traffic-figures/fraport-traffic-figures-2025.html,Frankfurt Airport (FRA) welcomed approximately 63.2 million passengers in 2025.,
frankfurt,Chỉ số quy mô,cargo_million_tonnes,float,1,2.1,high,S01,https://www.fraport.com/en/newsroom/press-releases/2026/traffic-figures/fraport-traffic-figures-2025.html,Cargo volumes in Frankfurt (comprising airfreight and airmail) increased by 1.1 percent in 2025 to around 2.1 million metric tons.,
frankfurt,Chỉ số quy mô,air_movements,int,1,460272,high,S01,https://www.fraport.com/en/newsroom/press-releases/2026/traffic-figures/fraport-traffic-figures-2025.html,"The number of aircraft movements climbed by 4.4 per cent, to 460,272 takeoffs and landings.",
frankfurt,Chỉ số quy mô,destinations,int,1,301,high,S01,https://www.fraport.com/en/newsroom/press-releases/2026/traffic-figures/fraport-traffic-figures-2025.html,"Over the full year, flights operated by a total of 94 airlines served 301 destinations in 96 countries.",
frankfurt,Chỉ số quy mô,airlines,int,1,94,high,S01,https://www.fraport.com/en/newsroom/press-releases/2026/traffic-figures/fraport-traffic-figures-2025.html,"Over the full year, flights operated by a total of 94 airlines served 301 destinations in 96 countries.",
frankfurt,Chỉ số quy mô,transfer_pct,float,0,,,,,,Tài liệu không nêu tỷ lệ hành khách transfer.
frankfurt,Chỉ số quy mô,airport_area_ha,float,1,2300.0,high,S08,https://en.wikipedia.org/wiki/Frankfurt_Airport,"It covers an area of
2,300 hectares (5,683 acres)
of land",
frankfurt,Chỉ số quy mô,employees,int,0,,,,,,Chỉ có số nhân viên của Fraport AG (20.591 năm 2024) chứ không phải tổng số người làm việc trong khu đô thị sân bay.
frankfurt,Chỉ số quy mô,num_companies_airport,int,0,,,,,,Tài liệu không nêu số doanh nghiệp hoạt động tại sân bay.
frankfurt,Chỉ số quy mô,num_companies_realestate,int,0,,,,,,Tài liệu không nêu số doanh nghiệp thuê bất động sản trong khu.
frankfurt,Chỉ số quy mô,num_office_buildings,int,0,,,,,,"Tài liệu chỉ nói ""numerous office and conference buildings"" và liệt kê một số dự án, không nêu con số tổng cụ thể."
frankfurt,Chỉ số quy mô,jobs_created,int,0,,,,,,"Chỉ có ước tính 3.400–4.000 việc làm mới từ nghiên cứu khả thi của dự án Airrail Centre (dự báo, không phải số thực tế) và không phải cho toàn khu."
frankfurt,Đầu tư & quản trị,total_investment_usd,string,1,"1,7 tỷ euro (tổng vốn đầu tư cho Gateway Gardens; nguồn không quy đổi ra USD)",medium,S06,https://www.skylineatlas.com/gateway-gardens/,"will be developed by a project development company in which the
City of Frankfurt
holds a 50 percent stake and three partners a further 50 percent. The investme",
frankfurt,Đầu tư & quản trị,investor_governance,string,1,"Gateway Gardens là dự án hợp tác giữa Thành phố Frankfurt và công ty bất động sản Gateway Gardens GmbH, trong đó Fraport AG, Groß & Partner Grundstücksentwicklungsgesellschaft mbH và OFB Projektentwic",high,S03,https://b2b.frankfurt-airport.com/en/real-estate-it-services/fraport-real-estate-energy.html,"Gateway Gardens is a joint project of the City of Frankfurt and the Gateway Gardens GmbH real estate company, in which Fraport AG, Groß & Partner Grundstücksent",
frankfurt,Đầu tư & quản trị,gov_led_ratio_pct,float,1,50.0,medium,S06,https://www.skylineatlas.com/gateway-gardens/,"will be developed by a project development company in which the
City of Frankfurt
holds a 50 percent stake and three partners a further 50 percent.",
frankfurt,Đầu tư & quản trị,private_ratio_pct,float,1,50.0,medium,S06,https://www.skylineatlas.com/gateway-gardens/,"will be developed by a project development company in which the
City of Frankfurt
holds a 50 percent stake and three partners a further 50 percent.",
frankfurt,Đầu tư & quản trị,lead_developer,string,1,"Grundstücksgesellschaft Gateway Gardens GmbH (với Fraport AG, Groß & Partner và OFB Projektentwicklung)",medium,S06,https://www.skylineatlas.com/gateway-gardens/,"The development of
is in the responsibility of the
Grundstücksgesellschaft Gateway Gardens GmbH
, a joint venture between
Groß & Partner",
frankfurt,Sản phẩm (CVP 1),cvp_product,string_list,1,văn phòng; kho vận (warehouse); không gian hangar; phòng chờ (lounge); bất động sản logistics; khách sạn; bán lẻ,high,S03,https://b2b.frankfurt-airport.com/en/real-estate-it-services/fraport-real-estate-energy.html,"we are experts in complex and special real estate, support national and international customers in all operational and strategic issues and offer an extensive p",
frankfurt,Sản phẩm (CVP 1),commercial_re,string_list,1,văn phòng; khách sạn; trung tâm hội nghị; bán lẻ/mua sắm; kho vận và logistics; bãi đỗ xe,high,S08,https://en.wikipedia.org/wiki/Frankfurt_Airport,"The airport ground and the surrounding area of Frankfurt Airport offer a large variety of on-airport businesses as well as airport-related businesses, including",
frankfurt,Sản phẩm (CVP 1),economic_zone_name,string,0,,,,,,Tài liệu không nhắc tới tên khu kinh tế đặc biệt/FTZ gắn với khu đô thị sân bay Frankfurt.
frankfurt,Sản phẩm (CVP 1),economic_zone_year,int,0,,,,,,Không có thông tin về đặc khu kinh tế nên không có năm thành lập.
frankfurt,Sản phẩm (CVP 1),residential_product_desc,string,0,,,,,,"Nguồn nêu rõ Gateway Gardens không xây căn hộ (""No apartments will be built""), khu định hướng thương mại - văn phòng nên không có sản phẩm nhà ở."
frankfurt,Sản phẩm (CVP 1),residential_highrise_pct,float,0,,,,,,Tài liệu không nêu tỷ lệ nhà ở cao tầng.
frankfurt,Sản phẩm (CVP 1),residential_lowrise_pct,float,0,,,,,,Tài liệu không nêu tỷ lệ nhà ở thấp tầng.
frankfurt,Sản phẩm (CVP 1),residential_land_pct,float,0,,,,,,Tài liệu không nêu tỷ lệ đất ở.
frankfurt,Sản phẩm (CVP 1),basic_amenities,string_list,1,"quán cà phê & nhà hàng; siêu thị; nhà trẻ song ngữ; công viên (2,4 ha); phòng tập thể hình/fitness; khách sạn; phòng hội nghị; bãi đỗ xe",high,S05,https://www.gateway-gardens.de/en/,"From cafés, restaurants and a supermarket to a bilingual day-care center for children.",
frankfurt,Sản phẩm (CVP 1),highlight_amenities,string_list,1,"The Squaire; Airport City Mall; Frankfurt Airport Centre (FAC 1, FAC 2); Sheraton Hotel & Conference Centre; b'mine Hotel Frankfurt Airport; Alpha Rotex",medium,S08,https://en.wikipedia.org/wiki/Frankfurt_Airport,"The Airport City Mall is located on the landside of Terminal 1, departure hall B. It offers national and international retailers and label stores, a supermarket",
frankfurt,Giá (CVP 2),cvp_price,string,1,"Thu tiền chủ yếu qua cho thuê bất động sản (văn phòng, kho, hangar, lounge) và bán đất/quyền phát triển: Grundstücksgesellschaft Gateway Gardens GmbH chịu trách nhiệm phát triển hạ tầng và bán đất tro",medium,S03,https://b2b.frankfurt-airport.com/en/real-estate-it-services/fraport-real-estate-energy.html,The real estate company is responsible for the direct development of the site and the sale of the land.,
frankfurt,Giá (CVP 2),office_rent_eur_m2_year,object,0,,,,,,Tài liệu không có dòng chào giá thuê văn phòng (Starting at/From) theo EUR/m²/năm.
frankfurt,Giá (CVP 2),cvp_price_note,string,0,,,,,,Không có bằng chứng về đơn vị/điều kiện giá trong tài liệu.
frankfurt,Giá (CVP 2),price_vs_reference,string,0,,,,,,Tài liệu không so sánh mặt bằng giá của khu với thành phố tham chiếu.
frankfurt,Giá (CVP 2),living_fee_usd_per_m2_month,string,0,,,,,,Tài liệu không nêu phí quản lý/duy trì.
frankfurt,Giá (CVP 2),has_urban_service_fee,bool,0,,,,,,Không có bằng chứng về phí dịch vụ đô thị trong tài liệu.
frankfurt,Giá (CVP 2),sales_scheme,string,1,"Mô hình B2B: công ty phát triển dự án (Gateway Gardens GmbH - liên doanh Fraport AG, Groß & Partner, OFB, cùng City of Frankfurt) trực tiếp phát triển hạ tầng rồi bán đất cho nhà đầu tư/doanh nghiệp; ",medium,S03,https://b2b.frankfurt-airport.com/en/real-estate-it-services/fraport-real-estate-energy.html,"Gateway Gardens is a joint project of the City of Frankfurt and the Gateway Gardens GmbH real estate company, in which Fraport AG, Groß & Partner Grundstücksent",
frankfurt,Dịch vụ (CVP 3),cvp_service,string_list,1,tư vấn và hỗ trợ toàn diện về cho thuê (leasing); quản lý tài sản & quản lý bất động sản (asset & property management); quản lý năng lượng (energy management); phát triển dự án & đầu tư; phát triển bấ,high,S03,https://b2b.frankfurt-airport.com/en/real-estate-it-services/fraport-real-estate-energy.html,"You can rely on our comprehensive advice and support in all leasing matters... At Frankfurt Airport, we develop customized third-party office and logistics prop",
frankfurt,Dịch vụ (CVP 3),airport_privilege,string,1,"Có chương trình ưu đãi dành riêng cho cộng đồng sân bay: ""Discounts Airport City Card"" (thẻ giảm giá Airport City) và các ưu đãi cho nhân viên làm việc tại sân bay.",low,S03,https://b2b.frankfurt-airport.com/en/real-estate-it-services/fraport-real-estate-energy.html,"Jobs at Frankfurt Airport
Discounts Airport City Card",
frankfurt,Dịch vụ (CVP 3),has_airport_privilege,bool,1,True,low,S03,https://b2b.frankfurt-airport.com/en/real-estate-it-services/fraport-real-estate-energy.html,Discounts Airport City Card,
frankfurt,Dịch vụ (CVP 3),smart_city,string,1,"Không có mô tả về đô thị thông minh cấp khu; chỉ có chiến lược số hóa của Fraport cho vận hành sân bay: số hóa, Digital Factory, ứng dụng trí tuệ nhân tạo (AI@Fraport), chiến lược robotics và Airport ",medium,S02,https://www.fraport.com/en/investors/traffic-figures.html,"Digitalization at Fraport: for greater efficiency, innovativeness, and a more secure future... Innovative technologies such as artificial intelligence are being",
frankfurt,Dịch vụ (CVP 3),has_smart_city,bool,0,,,,,,"Tài liệu chỉ nói về số hóa vận hành sân bay của Fraport, không có bằng chứng về tích hợp hạ tầng số/IoT ở cấp khu đô thị."
frankfurt,Trải nghiệm (CVP 4),cvp_experience,string_list,1,"nhà hàng, quán cà phê và bar; mua sắm/bán lẻ; công viên xanh rộng 2,4 ha; phòng tập thể hình; khách sạn; hội nghị & sự kiện; tour tham quan 360 độ khu (360-degree panorama)",medium,S05,https://www.gateway-gardens.de/en/,"Get an overview of the new North Portal, the S-Bahn station and the spacious park. Imagine what it would be like to work here.",
frankfurt,Trải nghiệm (CVP 4),experience_desc,string,1,"Gateway Gardens định vị là khu làm việc kiểu campus mở, nhiều không gian xanh và kiến trúc hiện đại, đặt con người và nhu cầu của họ làm trung tâm; đầy đủ tiện ích cho đời sống hằng ngày (cà phê, nhà ",medium,S05,https://www.gateway-gardens.de/en/,"The spacious areas in the greenery, the open campus character of the quarter and the extraordinary, modern architectural environment are inspiring.",
frankfurt,Thuận tiện (CVP 5),cvp_convenience,string_list,1,"ga S-Bahn ngầm Gateway Gardens (tuyến S8, S9, khai trương 2019), cách ga vùng sân bay khoảng 1 km; ga đường dài Frankfurt Airport long-distance station với 210 chuyến tàu đường dài/ngày, trong đó 185 ",high,S09,https://en.wikipedia.org/wiki/The_Squaire,"The building provides direct access to the train station below with 210 daily long-distance train connections, of which 185 are ICE trains.",
frankfurt,Thuận tiện (CVP 5),connectivity_desc,string,1,"Khu nằm ngay cạnh sân bay lớn nhất nước Đức, sát nút giao Frankfurter Kreuz - một trong những nút giao Autobahn bận rộn nhất châu Âu (khoảng 320.000 xe/ngày), có ga đường sắt cao tốc riêng phục vụ tuy",high,S08,https://en.wikipedia.org/wiki/Frankfurt_Airport,Frankfurt Airport is the second-largest multimodal transport airport in Europe and has several logistics facilities.,
frankfurt,Thuận tiện (CVP 5),connection_modes,string_list,1,"đường sắt cao tốc ICE (long-distance station); đường sắt vùng (regional station); S-Bahn (ga Gateway Gardens, tuyến S8/S9); xe buýt (X17, 77); đường cao tốc Autobahn A3/A5 qua Frankfurter Kreuz; người",high,S11,https://en.wikipedia.org/wiki/Gateway_Gardens_station,is an underground railway station 1 kilometre (1 mi) east of Frankfurt Airport regional station on lines of the Rhine-Main S-Bahn commuter network.,
frankfurt,Thuận tiện (CVP 5),metro_lines,int,0,,,,,,"Tài liệu nêu ga Gateway Gardens thuộc mạng S-Bahn Rhein-Main và nhắc tới S9, nhưng không nêu rõ tổng số tuyến S-Bahn/metro phục vụ khu."
frankfurt,Thuận tiện (CVP 5),rail_connections,string_list,1,Cologne–Frankfurt high-speed line (tuyến cao tốc Köln–Frankfurt); Mannheim–Frankfurt railway; Frankfurt Airport loop (Rhine-Main S-Bahn); Main Railway (tuyến Mainz–Kelsterbach–Frankfurt); Các dịch vụ ,medium,S10,https://en.wikipedia.org/wiki/Frankfurt_Airport_long-distance_station,"It is served by long-distance trains, mostly ICE services running on the ... Trains scheduled to use platform tracks 6 and 7 run toward Mainz Cologne, while pla",
frankfurt,Thương hiệu (CVP 6),cvp_brand,string_list,1,Fraport AG; City of Frankfurt; Groß & Partner Grundstücksentwicklungsgesellschaft mbH; OFB Projektentwicklung GmbH; Grundstücksgesellschaft Gateway Gardens GmbH,high,S03,https://b2b.frankfurt-airport.com/en/real-estate-it-services/fraport-real-estate-energy.html,"Gateway Gardens is a joint project of the City of Frankfurt and the Gateway Gardens GmbH real estate company, in which Fraport AG, Groß & Partner Grundstücksent",
frankfurt,Thương hiệu (CVP 6),brand_desc,string,1,"Thương hiệu dựa trên uy tín của Fraport - hơn 60 năm kinh nghiệm quản lý bất động sản tại Frankfurt Airport, địa điểm sân bay lớn nhất châu Âu, chuyên về bất động sản phức hợp và đặc thù. Gateway Gard",high,S05,https://www.gateway-gardens.de/en/,"Gateway Gardens, a location steeped in history, reinvented. Part of the US airbase and the “Gateway to Europe” from 1945 to 2004, it is now an innovative quarte",
frankfurt,Thương hiệu (CVP 6),brand_partners,string_list,1,LSG Sky Chefs; Condor; SunExpress; DB Schenker; KION; KPMG; Lufthansa; Hilton Frankfurt Airport; Hilton Garden Inn Frankfurt Airport; Sheraton; Steigenberger Group; b'mine Frankfurt; Staycity Aparthot,high,S06,https://www.skylineatlas.com/gateway-gardens/,"The first new building ( LSG Sky Chefs ) went into operation in May 2008. In May 2012, Condor moved its headquarters from neighbouring Kelsterbach here. The Ger",
frankfurt,Tầm nhìn & bền vững,vision_label,string,0,,,,,,"Tài liệu không nêu nhãn tầm nhìn kiểu 'Vision 20xx' cho khu đô thị sân bay Frankfurt (chỉ có tên chiến lược tập đoàn Fraport.2023, không phải tầm nhìn khu đô thị)."
frankfurt,Tầm nhìn & bền vững,vision_qualities,string_list,0,,,,,,Không có bằng chứng về bộ trụ giá trị tầm nhìn của khu đô thị sân bay trong tài liệu.
frankfurt,Tầm nhìn & bền vững,aviation_policy,string,0,,,,,,Tài liệu không nêu văn bản chính sách hàng không/quy hoạch chi phối sự phát triển của khu.
frankfurt,Tầm nhìn & bền vững,sustainability,string_list,1,"quản lý môi trường toàn tập đoàn và cải thiện liên tục hiệu quả môi trường, sử dụng bền vững tài nguyên thiên nhiên; tích hợp yếu tố sinh thái, kinh tế và xã hội vào mọi quyết định kinh doanh; dự án G",high,S12,https://www.fraport.com/en/sustainability.html,"With the GREENVOLT project, Fraport is advancing sustainable infrastructure at Frankfurt Airport. Supported by EU funding, innovative ground power units and cha",
frankfurt,Khu chức năng chuyên biệt,logistics_park_name,string,1,Mönchhof Logistics Parks,high,S03,https://b2b.frankfurt-airport.com/en/real-estate-it-services/fraport-real-estate-energy.html,"Mönchhof Logistics Parks
Attractive business park in close proximity to the airport
The Mönchhof area was once an old refinery site that was converted into a bu",
frankfurt,Khu chức năng chuyên biệt,logistics_park_ha,float,1,100.0,high,S04,https://www.fraport.com/en/business-areas/services/real-estate0/our-track-record.html,The Mönchhof Development Area used to be an old refinery site. We converted it into a commercial site comprising some 100 hectares of gross space.,
frankfurt,Khu chức năng chuyên biệt,trade_park_name,string,1,CargoCity Süd,medium,S08,https://en.wikipedia.org/wiki/Frankfurt_Airport,"The 98-hectare CargoCity Süd (
South
) is home to a cargo centre for dispatch service providers and freight forwarding businesses.",
frankfurt,Khu chức năng chuyên biệt,trade_park_ha,float,1,98.0,high,S08,https://en.wikipedia.org/wiki/Frankfurt_Airport,"The 98-hectare CargoCity Süd (
South
) is home to a cargo centre for dispatch service providers and freight forwarding businesses.",
guangzhou_baiyun,Định danh,case_name,string,1,Guangzhou Airport Economic Zone,high,S05,https://investinchina.chinadaily.com.cn/s/201812/17/WS5c7cde39498e27e3380397b1/guangzhou-airport-economic-zone-guangzhou-baiyun-international-airport-comprehensive-bonded-zone.html,Guangzhou Airport Economic Zone/Guangzhou Baiyun International Airport Comprehensive Bonded Zone,
guangzhou_baiyun,Định danh,aerotropolis,string,1,Guangzhou Airport Economic Zone / Guangzhou Baiyun International Airport Comprehensive Bonded Zone (广州空港经济区),high,S05,https://investinchina.chinadaily.com.cn/s/201812/17/WS5c7cde39498e27e3380397b1/guangzhou-airport-economic-zone-guangzhou-baiyun-international-airport-comprehensive-bonded-zone.html,Guangzhou Airport Economic Zone/Guangzhou Baiyun International Airport Comprehensive Bonded Zone,
guangzhou_baiyun,Định danh,country,string,1,Trung Quốc,high,S05,https://investinchina.chinadaily.com.cn/s/201812/17/WS5c7cde39498e27e3380397b1/guangzhou-airport-economic-zone-guangzhou-baiyun-international-airport-comprehensive-bonded-zone.html,"The Guangzhou Airport Economic Zone, located in the north of Guangzhou city, Guangdong province, is the core carrier of Guangzhou's international aviation hub c",
guangzhou_baiyun,Định danh,is_target,bool,1,False,high,S05,https://investinchina.chinadaily.com.cn/s/201812/17/WS5c7cde39498e27e3380397b1/guangzhou-airport-economic-zone-guangzhou-baiyun-international-airport-comprehensive-bonded-zone.html,Guangzhou Airport Economic Zone/Guangzhou Baiyun International Airport Comprehensive Bonded Zone,
guangzhou_baiyun,Định danh,airport_name,string,1,Guangzhou Baiyun International Airport,high,S15,https://en.wikipedia.org/wiki/Guangzhou_Baiyun_International_Airport,Guangzhou Baiyun International Airport Co. Ltd.,
guangzhou_baiyun,Định danh,reference_city,string,1,Quảng Châu (Guangzhou),high,S05,https://investinchina.chinadaily.com.cn/s/201812/17/WS5c7cde39498e27e3380397b1/guangzhou-airport-economic-zone-guangzhou-baiyun-international-airport-comprehensive-bonded-zone.html,"located in the north of Guangzhou city, Guangdong province",
guangzhou_baiyun,Định danh,official_website,string,1,https://kgw.gz.gov.cn/,high,S04,https://kgw.gz.gov.cn/,广州空港经济区管理委员会网站,
guangzhou_baiyun,Vị trí & lịch sử,location_desc,string,1,"Nằm ở phía bắc thành phố Quảng Châu, tỉnh Quảng Đông; là hạt nhân (core carrier) của công cuộc xây dựng trung tâm hàng không quốc tế Quảng Châu, trải trên quận Baiyun (56 km²) và quận Huadu (60 km²), ",high,S05,https://investinchina.chinadaily.com.cn/s/201812/17/WS5c7cde39498e27e3380397b1/guangzhou-airport-economic-zone-guangzhou-baiyun-international-airport-comprehensive-bonded-zone.html,"It covers an area of 116 square kilometers, including 56 sq km of Baiyun district and 60 sq km of Huadu district, involving 6 sub-districts (towns), 49 administ",
guangzhou_baiyun,Vị trí & lịch sử,distance_to_city_km,float,0,,,,,,"Tài liệu chỉ nói khu nằm ở phía bắc thành phố Quảng Châu, không nêu khoảng cách cụ thể tới trung tâm đô thị."
guangzhou_baiyun,Vị trí & lịch sử,area_km2,float,1,116.0,high,S05,https://investinchina.chinadaily.com.cn/s/201812/17/WS5c7cde39498e27e3380397b1/guangzhou-airport-economic-zone-guangzhou-baiyun-international-airport-comprehensive-bonded-zone.html,"It covers an area of 116 square kilometers, including 56 sq km of Baiyun district and 60 sq km of Huadu district",
guangzhou_baiyun,Vị trí & lịch sử,airport_build_period,string,1,2004-2025,medium,S15,https://en.wikipedia.org/wiki/Guangzhou_Baiyun_International_Airport,"On 5 August 2004, the new Baiyun Airport opened and the old airport was closed.",
guangzhou_baiyun,Vị trí & lịch sử,urban_build_period,string,1,2010-nay,medium,S05,https://investinchina.chinadaily.com.cn/s/201812/17/WS5c7cde39498e27e3380397b1/guangzhou-airport-economic-zone-guangzhou-baiyun-international-airport-comprehensive-bonded-zone.html,"The establishment of Guangzhou Baiyun International Airport Comprehensive Bonded Zone, the largest airport comprehensive bonded zone in China, was approved on J",
guangzhou_baiyun,Vị trí & lịch sử,founded_year,int,1,2004,high,S15,https://en.wikipedia.org/wiki/Guangzhou_Baiyun_International_Airport,"The current airport is located in the outskirts of Guangzhou's
Baiyun District
and
Huadu District
and opened on 5 August 2004 as a replacement for the 72-year-o",
guangzhou_baiyun,Vị trí & lịch sử,development_context,string,1,Là hạt nhân xây dựng trung tâm trung chuyển hàng không quốc tế của Quảng Châu; đồng thời là một trong 12 khu thí điểm phát triển ngành kinh tế sân bay của Trung Quốc; Khu bảo thuế tổng hợp được Quốc v,high,S05,https://investinchina.chinadaily.com.cn/s/201812/17/WS5c7cde39498e27e3380397b1/guangzhou-airport-economic-zone-guangzhou-baiyun-international-airport-comprehensive-bonded-zone.html,"As one of China's 12 pilot zones for the airport industry, the Guangzhou Airport Economic Zone has so far established five high-end airport industrial clusters",
guangzhou_baiyun,Định vị & quy hoạch,positioning,string,1,"Khu kinh tế sân bay (Airport Economic Zone) giữ vai trò hạt nhân của trung tâm hàng không quốc tế Quảng Châu, gắn với khu bảo thuế tổng hợp sân bay lớn nhất Trung Quốc",medium,S05,https://investinchina.chinadaily.com.cn/s/201812/17/WS5c7cde39498e27e3380397b1/guangzhou-airport-economic-zone-guangzhou-baiyun-international-airport-comprehensive-bonded-zone.html,The Guangzhou Airport Economic Zone ... is the core carrier of Guangzhou's international aviation hub construction.,
guangzhou_baiyun,Định vị & quy hoạch,planning_concept,string,1,"Khu bảo thuế tổng hợp trong lòng Khu kinh tế sân bay được bố trí theo ba khu vực chức năng: khu bắc, khu trung tâm và khu nam, tích hợp trực tiếp với khu khai thác cảng hàng không",medium,S05,https://investinchina.chinadaily.com.cn/s/201812/17/WS5c7cde39498e27e3380397b1/guangzhou-airport-economic-zone-guangzhou-baiyun-international-airport-comprehensive-bonded-zone.html,"the bonded area covers nearly 740 hectares and consists of three main parts: the north area, the central area and the south area.",
guangzhou_baiyun,Định vị & quy hoạch,cornerstones,string_list,1,bảo dưỡng máy bay (MRO); hoán cải máy bay chở khách thành máy bay chở hàng (passenger-to-cargo conversion); logistics/kho vận hàng không; trụ sở doanh nghiệp hàng không (aviation headquarters); thương,high,S05,https://investinchina.chinadaily.com.cn/s/201812/17/WS5c7cde39498e27e3380397b1/guangzhou-airport-economic-zone-guangzhou-baiyun-international-airport-comprehensive-bonded-zone.html,the Guangzhou Airport Economic Zone has so far established five high-end airport industrial clusters for aircraft maintenance and passenger aircraft to cargo co,
guangzhou_baiyun,Định vị & quy hoạch,subzones,string_list,1,"Khu trung tâm (central area) – logistics bảo thuế, bảo dưỡng máy bay, cho thuê máy bay, thương mại bảo thuế hàng cao cấp, văn hoá – sáng tạo; Khu bắc (north area, quận Huadu) – thương mại điện tử xuyê",medium,S05,https://investinchina.chinadaily.com.cn/s/201812/17/WS5c7cde39498e27e3380397b1/guangzhou-airport-economic-zone-guangzhou-baiyun-international-airport-comprehensive-bonded-zone.html,"Located at the northern end of Baiyun Airport, the central area focuses on the development of bonded logistics, aviation maintenance, aircraft leasing, high-end",
guangzhou_baiyun,Chỉ số quy mô,passengers_million,float,1,83.582952,high,S15,https://en.wikipedia.org/wiki/Guangzhou_Baiyun_International_Airport,"Statistics (2025)
Passenger volume
83,582,952",
guangzhou_baiyun,Chỉ số quy mô,cargo_million_tonnes,float,1,2.4392475,high,S15,https://en.wikipedia.org/wiki/Guangzhou_Baiyun_International_Airport,"Cargo (metric tonnes)
2,439,247.5",
guangzhou_baiyun,Chỉ số quy mô,air_movements,int,1,550512,high,S15,https://en.wikipedia.org/wiki/Guangzhou_Baiyun_International_Airport,"Aircraft movements
550,512",
guangzhou_baiyun,Chỉ số quy mô,destinations,int,0,,,,,,"Nguồn chỉ nêu con số ước lượng dạng marketing 'over 100 international and regional destinations', không có số điểm đến trực tiếp chính xác."
guangzhou_baiyun,Chỉ số quy mô,airlines,int,0,,,,,,"Tài liệu chỉ liệt kê một số hãng bay khai thác, không nêu tổng số hãng bay."
guangzhou_baiyun,Chỉ số quy mô,transfer_pct,float,0,,,,,,Không có số liệu về tỷ lệ hành khách trung chuyển trong tài liệu.
guangzhou_baiyun,Chỉ số quy mô,airport_area_ha,float,1,1440.0,medium,S15,https://en.wikipedia.org/wiki/Guangzhou_Baiyun_International_Airport,"Airport area: 3,558 acres (14.4km",
guangzhou_baiyun,Chỉ số quy mô,employees,int,0,,,,,,"Chỉ có số nhân sự riêng của trung tâm FedEx lúc bắt đầu vận hành (hơn 800 người), không phải tổng số lao động toàn khu."
guangzhou_baiyun,Chỉ số quy mô,num_companies_airport,int,0,,,,,,Tài liệu không nêu số doanh nghiệp hoạt động tại sân bay.
guangzhou_baiyun,Chỉ số quy mô,num_companies_realestate,int,0,,,,,,Tài liệu không nêu số doanh nghiệp thuê bất động sản trong khu.
guangzhou_baiyun,Chỉ số quy mô,num_office_buildings,int,0,,,,,,Tài liệu không nêu số toà nhà văn phòng.
guangzhou_baiyun,Chỉ số quy mô,jobs_created,int,0,,,,,,Tài liệu không nêu số việc làm được tạo ra của khu đô thị sân bay.
guangzhou_baiyun,Đầu tư & quản trị,total_investment_usd,string,1,"Hơn 70 tỷ nhân dân tệ (10,08 tỷ USD) — tổng vốn của 43 dự án ký kết và khởi công trong năm 2017",medium,S05,https://investinchina.chinadaily.com.cn/s/201812/17/WS5c7cde39498e27e3380397b1/guangzhou-airport-economic-zone-guangzhou-baiyun-international-airport-comprehensive-bonded-zone.html,"A total of 43 projects were signed and started construction in 2017, with an aggregate investment of more than 70 billion yuan ($10.08 billion).",
guangzhou_baiyun,Đầu tư & quản trị,investor_governance,string,1,"Mô hình do nhà nước dẫn dắt: Ủy ban Quản lý Khu kinh tế sân bay Quảng Châu (广州空港经济区管理委员会) là cơ quan quản trị khu, với các bộ phận chức năng, cơ cấu tổ chức, công khai thông tin và xúc tiến đầu tư; Kh",medium,S04,https://kgw.gz.gov.cn/,广州空港经济区管理委员会网站,
guangzhou_baiyun,Đầu tư & quản trị,gov_led_ratio_pct,float,0,,,,,,Tài liệu không nêu tỷ lệ vốn/vai trò nhà nước bằng con số cụ thể.
guangzhou_baiyun,Đầu tư & quản trị,private_ratio_pct,float,0,,,,,,Tài liệu không nêu tỷ lệ vốn tư nhân bằng con số cụ thể.
guangzhou_baiyun,Đầu tư & quản trị,lead_developer,string,1,Ủy ban Quản lý Khu kinh tế sân bay Quảng Châu (广州空港经济区管理委员会),medium,S04,https://kgw.gz.gov.cn/,广州空港经济区管理委员会网站,
guangzhou_baiyun,Sản phẩm (CVP 1),cvp_product,string_list,1,logistics hàng không; bảo dưỡng máy bay và hoán cải máy bay chở khách thành máy bay chở hàng; trụ sở doanh nghiệp hàng không (aviation headquarters); thương mại điện tử xuyên biên giới sân bay; cho th,medium,S05,https://investinchina.chinadaily.com.cn/s/201812/17/WS5c7cde39498e27e3380397b1/guangzhou-airport-economic-zone-guangzhou-baiyun-international-airport-comprehensive-bonded-zone.html,the Guangzhou Airport Economic Zone has so far established five high-end airport industrial clusters for aircraft maintenance and passenger aircraft to cargo co,
guangzhou_baiyun,Sản phẩm (CVP 1),commercial_re,string_list,1,trung tâm hội nghị – triển lãm (会展中心) trong Khu trung tâm thương mại (CBD) của Khu kinh tế sân bay,medium,S12,http://ghzyj.gz.gov.cn/ywpd/cxgh/ghzdhxg/xjxxxghnew/content/post_8911967.html,广州空港经济区中央商务区会展中心项目 广州市规划和自然资源局网站,
guangzhou_baiyun,Sản phẩm (CVP 1),economic_zone_name,string,1,Guangzhou Airport Economic Zone,high,S05,https://investinchina.chinadaily.com.cn/s/201812/17/WS5c7cde39498e27e3380397b1/guangzhou-airport-economic-zone-guangzhou-baiyun-international-airport-comprehensive-bonded-zone.html,"The Guangzhou Airport Economic Zone, located in the north of Guangzhou city, Guangdong province, is the core carrier of Guangzhou's international aviation hub c",
guangzhou_baiyun,Sản phẩm (CVP 1),economic_zone_year,int,1,2010,low,S05,https://investinchina.chinadaily.com.cn/s/201812/17/WS5c7cde39498e27e3380397b1/guangzhou-airport-economic-zone-guangzhou-baiyun-international-airport-comprehensive-bonded-zone.html,"The establishment of Guangzhou Baiyun International Airport Comprehensive Bonded Zone, the largest airport comprehensive bonded zone in China, was approved on J",
guangzhou_baiyun,Sản phẩm (CVP 1),residential_product_desc,string,0,,,,,,"Tài liệu chỉ mô tả các cụm ngành hàng không, logistics và khu bảo thuế; không có mô tả sản phẩm nhà ở nào."
guangzhou_baiyun,Sản phẩm (CVP 1),residential_highrise_pct,float,0,,,,,,Không có bất kỳ số liệu cơ cấu sản phẩm nhà ở nào trong tài liệu.
guangzhou_baiyun,Sản phẩm (CVP 1),residential_lowrise_pct,float,0,,,,,,Không có bất kỳ số liệu cơ cấu sản phẩm nhà ở nào trong tài liệu.
guangzhou_baiyun,Sản phẩm (CVP 1),residential_land_pct,float,0,,,,,,Không có bất kỳ số liệu cơ cấu sản phẩm nhà ở nào trong tài liệu.
guangzhou_baiyun,Sản phẩm (CVP 1),basic_amenities,string_list,0,,,,,,"Tài liệu không nêu trường học, y tế, công viên hay TMDV thuộc khu đô thị sân bay (danh sách trường trong S16 là của quận Bạch Vân nói chung, không thuộc khu)."
guangzhou_baiyun,Sản phẩm (CVP 1),highlight_amenities,string_list,1,Trung tâm hội nghị – triển lãm CBD Khu kinh tế sân bay (空港经济区中央商务区会展中心),low,S12,http://ghzyj.gz.gov.cn/ywpd/cxgh/ghzdhxg/xjxxxghnew/content/post_8911967.html,广州空港经济区中央商务区会展中心项目 广州市规划和自然资源局网站,
guangzhou_baiyun,Giá (CVP 2),cvp_price,string,0,,,,,,"Tài liệu không nêu cơ chế thu tiền (giá thuê, nhượng quyền, phí dịch vụ) của khu."
guangzhou_baiyun,Giá (CVP 2),office_rent_eur_m2_year,object,0,,,,,,Không có dòng chào giá thuê văn phòng nào trong tài liệu.
guangzhou_baiyun,Giá (CVP 2),cvp_price_note,string,0,,,,,,Không có thông tin về đơn vị/điều kiện giá.
guangzhou_baiyun,Giá (CVP 2),price_vs_reference,string,0,,,,,,Tài liệu không so sánh mặt bằng giá với thành phố tham chiếu.
guangzhou_baiyun,Giá (CVP 2),living_fee_usd_per_m2_month,string,0,,,,,,Tài liệu không nêu phí quản lý/duy trì.
guangzhou_baiyun,Giá (CVP 2),has_urban_service_fee,bool,0,,,,,,Không có bằng chứng về phí dịch vụ đô thị trong tài liệu.
guangzhou_baiyun,Giá (CVP 2),sales_scheme,string,0,,,,,,Tài liệu không mô tả cơ chế bán/cho thuê/đấu giá đất.
guangzhou_baiyun,Dịch vụ (CVP 3),cvp_service,string_list,1,gia công bảo thuế (bonded processing); logistics/kho vận bảo thuế; dịch vụ bảo thuế (bonded services); vận hành tích hợp với khu cảng hàng không,high,S05,https://investinchina.chinadaily.com.cn/s/201812/17/WS5c7cde39498e27e3380397b1/guangzhou-airport-economic-zone-guangzhou-baiyun-international-airport-comprehensive-bonded-zone.html,"It has the functions of bonded processing, bonded logistics, bonded services, and more.",
guangzhou_baiyun,Dịch vụ (CVP 3),airport_privilege,string,1,"Chính sách quá cảnh miễn thị thực 240 giờ (240-Hour Visa-Free Transit Policy) áp dụng tại sân bay Bạch Vân: hơn 22.000 khách nước ngoài đủ điều kiện đã hưởng lợi sau một năm, tăng 125% so với cơ chế q",high,S14,https://www.newsgd.com/node_d36b0ef83f/fd78681cc2.shtml,"over 22,000 eligible foreign nationals have benefited from the 240-hour visa-free transit option at the airport, a 125% rise compared to the previous 72/144-hou",
guangzhou_baiyun,Dịch vụ (CVP 3),has_airport_privilege,bool,1,True,high,S14,https://www.newsgd.com/node_d36b0ef83f/fd78681cc2.shtml,"Guangzhou's Baiyun International Airport has marked the one-year anniversary of China's 240-hour visa-free transit policy, with statistics showing a significant",
guangzhou_baiyun,Dịch vụ (CVP 3),smart_city,string,0,,,,,,Tài liệu không đề cập mức độ tích hợp IoT/AI/hạ tầng số của khu đô thị.
guangzhou_baiyun,Dịch vụ (CVP 3),has_smart_city,bool,0,,,,,,Không có bằng chứng về hạ tầng đô thị thông minh trong tài liệu.
guangzhou_baiyun,Trải nghiệm (CVP 4),cvp_experience,string_list,1,"dịch vụ hỗ trợ chuyên biệt phục vụ các triển lãm lớn như Canton Fair; gói ""air-travel"" kết hợp hàng không – du lịch văn hoá; sự kiện thể thao và triển lãm quy mô lớn",medium,S08,https://en.by.gov.cn/2025-12/23/c_1149922.htm,"the airport provided dedicated support services and attracted high-end business travelers by serving major exhibitions, such as the Canton Fair. In collaboratio",
guangzhou_baiyun,Trải nghiệm (CVP 4),experience_desc,string,1,"Trải nghiệm gắn với các sự kiện thể thao lớn, triển lãm quy mô lớn (tiêu biểu là Canton Fair) và kinh tế du lịch văn hoá; sân bay phối hợp cơ quan văn hoá – du lịch tung các gói ""air-travel"" để thu hú",medium,S08,https://en.by.gov.cn/2025-12/23/c_1149922.htm,"Growth has been driven by the synergistic effects of major sporting events, large-scale exhibitions, and the cultural tourism economy, along with continuous opt",
guangzhou_baiyun,Thuận tiện (CVP 5),cvp_convenience,string_list,1,metro; đường sắt liên thành (intercity railway); xe buýt và taxi tại trung tâm giao thông GTC; cao tốc sân bay S41 Guangzhou Airport Expressway; xe buýt trung chuyển miễn phí giữa T1 – T2 – T3,high,S15,https://en.wikipedia.org/wiki/Guangzhou_Baiyun_International_Airport,"The new transport centre (GTC) is on the south side of terminal 2, where passengers are able to go to Guangzhou downtown by taking metro, rail, bus or taxi.",
guangzhou_baiyun,Thuận tiện (CVP 5),connectivity_desc,string,1,"Sân bay Bạch Vân hiện kết nối tới hơn 100 điểm đến quốc tế và khu vực; từ đầu năm đã mở mới, tăng tần suất hoặc khôi phục gần 40 đường bay khách quốc tế, củng cố khả năng vươn ra toàn cầu.",high,S08,https://en.by.gov.cn/2025-12/23/c_1149922.htm,"Currently, Baiyun Airport offers connectivity to over 100 international and regional destinations. Since the beginning of this year, nearly 40 international pas",
guangzhou_baiyun,Thuận tiện (CVP 5),connection_modes,string_list,1,"metro; đường sắt liên thành (intercity railway); xe buýt (Airport Express Bus, xe buýt liên tỉnh); taxi; cao tốc (S41 Guangzhou Airport Expressway); xe buýt trung chuyển giữa các nhà ga",high,S15,https://en.wikipedia.org/wiki/Guangzhou_Baiyun_International_Airport,"The new transport centre (GTC) is on the south side of terminal 2, where passengers are able to go to Guangzhou downtown by taking metro, rail, bus or taxi.",
guangzhou_baiyun,Thuận tiện (CVP 5),metro_lines,int,1,1,medium,S15,https://en.wikipedia.org/wiki/Guangzhou_Baiyun_International_Airport,Airport South station on Line 3 of Guangzhou Metro,
guangzhou_baiyun,Thuận tiện (CVP 5),rail_connections,string_list,1,Guangzhou–Foshan circular intercity railway; Guangzhou East Ring intercity railway; Baiyun Airport North railway station; Baiyun Airport South railway station; Baiyun Airport East railway station,high,S15,https://en.wikipedia.org/wiki/Guangzhou_Baiyun_International_Airport,"Guangzhou–Foshan circular intercity railway
serve
Baiyun Airport North railway station
(for Terminal 2),
Baiyun Airport South railway station
(for Terminal 1) a",
guangzhou_baiyun,Thương hiệu (CVP 6),cvp_brand,string_list,1,Guangzhou Baiyun International Airport Co. Ltd.; Guangdong Airport Authority,high,S15,https://en.wikipedia.org/wiki/Guangzhou_Baiyun_International_Airport,"Guangzhou Baiyun International Airport Co. Ltd.
Operator
Guangdong Airport Authority",
guangzhou_baiyun,Thương hiệu (CVP 6),brand_desc,string,1,"Khu được định vị là ""hạt nhân"" (core carrier) của công cuộc xây dựng đầu mối hàng không quốc tế của Quảng Châu, đồng thời là một trong 12 khu thí điểm ngành hàng không của Trung Quốc, do 广州空港经济区管理委员会 ",medium,S05,https://investinchina.chinadaily.com.cn/s/201812/17/WS5c7cde39498e27e3380397b1/guangzhou-airport-economic-zone-guangzhou-baiyun-international-airport-comprehensive-bonded-zone.html,"The Guangzhou Airport Economic Zone, located in the north of Guangzhou city, Guangdong province, is the core carrier of Guangzhou's international aviation hub c",
guangzhou_baiyun,Thương hiệu (CVP 6),brand_partners,string_list,1,Boeing; Airbus; FedEx; DHL; SF,high,S05,https://investinchina.chinadaily.com.cn/s/201812/17/WS5c7cde39498e27e3380397b1/guangzhou-airport-economic-zone-guangzhou-baiyun-international-airport-comprehensive-bonded-zone.html,"Boeing and Airbus, the top two aircraft makers, both settled their passenger-to-cargo aircraft projects in the zone, making it the country's largest maintenance",
guangzhou_baiyun,Tầm nhìn & bền vững,vision_label,string,0,,,,,,Tài liệu không nêu nhãn tầm nhìn (kiểu Vision 20xx) cho khu.
guangzhou_baiyun,Tầm nhìn & bền vững,vision_qualities,string_list,0,,,,,,"Tài liệu không nêu các trụ giá trị/tầm nhìn của khu, chỉ liệt kê các cụm ngành."
guangzhou_baiyun,Tầm nhìn & bền vững,aviation_policy,string,1,Khu là một trong 12 khu thí điểm ngành kinh tế sân bay (pilot zones for the airport industry) của Trung Quốc; Khu bảo thuế tổng hợp sân bay Bạch Vân được Quốc vụ viện phê duyệt thành lập ngày 3/7/2010,medium,S05,https://investinchina.chinadaily.com.cn/s/201812/17/WS5c7cde39498e27e3380397b1/guangzhou-airport-economic-zone-guangzhou-baiyun-international-airport-comprehensive-bonded-zone.html,"As one of China's 12 pilot zones for the airport industry, the Guangzhou Airport Economic Zone has so far established five high-end airport industrial clusters",
guangzhou_baiyun,Tầm nhìn & bền vững,sustainability,string_list,0,,,,,,Tài liệu không nêu cam kết hay chứng chỉ môi trường nào của khu.
guangzhou_baiyun,Khu chức năng chuyên biệt,logistics_park_name,string,1,FedEx Asia-Pacific Hub,medium,S15,https://en.wikipedia.org/wiki/Guangzhou_Baiyun_International_Airport,"The new Asia-Pacific hub covers an area of approximate
63 hectares (160 acres)
, with a total floor space of
82,000 square metres",
guangzhou_baiyun,Khu chức năng chuyên biệt,logistics_park_ha,float,1,63.0,medium,S15,https://en.wikipedia.org/wiki/Guangzhou_Baiyun_International_Airport,"The new Asia-Pacific hub covers an area of approximate
63 hectares (160 acres)",
guangzhou_baiyun,Khu chức năng chuyên biệt,trade_park_name,string,1,Guangzhou Baiyun International Airport Comprehensive Bonded Zone,high,S05,https://investinchina.chinadaily.com.cn/s/201812/17/WS5c7cde39498e27e3380397b1/guangzhou-airport-economic-zone-guangzhou-baiyun-international-airport-comprehensive-bonded-zone.html,"The establishment of Guangzhou Baiyun International Airport Comprehensive Bonded Zone, the largest airport comprehensive bonded zone in China, was approved on J",
guangzhou_baiyun,Khu chức năng chuyên biệt,trade_park_ha,float,1,740.0,medium,S05,https://investinchina.chinadaily.com.cn/s/201812/17/WS5c7cde39498e27e3380397b1/guangzhou-airport-economic-zone-guangzhou-baiyun-international-airport-comprehensive-bonded-zone.html,"the bonded area covers nearly 740 hectares and consists of three main parts: the north area, the central area and the south area.",
hong_kong,Định danh,case_name,string,1,Hong Kong Airport City / SKYCITY,high,S04,https://www.hongkongairport.com/en/media-centre/press-release/2024/pr_1754,"The Airport City at Hong Kong International Airport (HKIA) is developing into a new, world-leading landmark, the largest in the region",
hong_kong,Định danh,aerotropolis,string,1,Hong Kong Airport City / SKYCITY,high,S05,https://www.asiaworld-expo.com/en-us/visiting/around-awe/skycity/,SKYCITY is Hong Kong’s most highly anticipated landmark. It occupies approximately 25 hectares of land and will be one of the largest integrated commercial deve,
hong_kong,Định danh,country,string,1,Hong Kong,high,S02,https://www.hongkongairport.com/en/airport-authority/vision-mission/index.page,The Airport Authority Hong Kong (AA) is a statutory body wholly owned by the Hong Kong SAR Government.,
hong_kong,Định danh,is_target,bool,1,False,medium,baseline,,,
hong_kong,Định danh,airport_name,string,1,Hong Kong International Airport,high,S01,https://www.hongkongairport.com/en/the-airport/hkia-at-a-glance/fact-figures.page,"Facts and Figures, HKIA at a Glance - Hong Kong International Airport",
hong_kong,Định danh,reference_city,string,1,Hong Kong,high,S02,https://www.hongkongairport.com/en/airport-authority/vision-mission/index.page,To strengthen HKIA as the leading international aviation hub and a key engine for the economic growth of Hong Kong.,
hong_kong,Định danh,official_website,string,1,https://www.hongkongairport.com,high,S01,https://www.hongkongairport.com/en/the-airport/hkia-at-a-glance/fact-figures.page,url: https://www.hongkongairport.com/en/the-airport/hkia-at-a-glance/fact-figures.page,
hong_kong,Vị trí & lịch sử,location_desc,string,1,"Nằm trên đảo sân bay Chek Lap Kok (Islands District, Lantau); SKYCITY/AsiaWorld-Expo nằm sát nhà ga sân bay, có ga AsiaWorld-Expo trên tuyến Airport Express; kết nối tới Tung Chung, Hong Kong Port Isl",medium,S08,https://en.wikipedia.org/wiki/AsiaWorld-Expo,"AsiaWorld–Expo is next to the airport; visitors can walk to the venue in a short distance. The venue is next to the AsiaWorld–Expo station, on the Airport Expre",
hong_kong,Vị trí & lịch sử,distance_to_city_km,float,0,,,,,,Tài liệu không nêu khoảng cách từ khu đô thị sân bay tới trung tâm Hong Kong
hong_kong,Vị trí & lịch sử,area_km2,float,1,0.25,medium,S05,https://www.asiaworld-expo.com/en-us/visiting/around-awe/skycity/,SKYCITY is Hong Kong’s most highly anticipated landmark. It occupies approximately 25 hectares of land,
hong_kong,Vị trí & lịch sử,airport_build_period,string,1,1992-1998,medium,S06,https://en.wikipedia.org/wiki/Hong_Kong_International_Airport,"The actual operation of the airport commenced on 6 July 1998, concluding the six-year construction that cost 60 billion US dollars.",
hong_kong,Vị trí & lịch sử,urban_build_period,string,1,2019-nay,medium,S04,https://www.hongkongairport.com/en/media-centre/press-release/2024/pr_1754,"First unveiled in 2019, the Airport City blueprint combines the airport’s core functions with related business segments to create strong synergy",
hong_kong,Vị trí & lịch sử,founded_year,int,1,1998,high,S01,https://www.hongkongairport.com/en/the-airport/hkia-at-a-glance/fact-figures.page,"July
1998
first opened",
hong_kong,Vị trí & lịch sử,development_context,string,1,Di dời sân bay từ Kai Tak (đã quá tải công suất thiết kế) ra Chek Lap Kok trong khuôn khổ Hong Kong Airport Core Programme; sau đó AAHK công bố blueprint Airport City năm 2019 nhằm khai thác vị trí đị,medium,S04,https://www.hongkongairport.com/en/media-centre/press-release/2024/pr_1754,"First unveiled in 2019, the Airport City blueprint combines the airport’s core functions with related business segments to create strong synergy, fully leveragi",
hong_kong,Định vị & quy hoạch,positioning,string,1,"Airport City / SKYCITY – điểm nhấn (landmark) mới hàng đầu thế giới, lớn nhất khu vực, tích hợp thương mại, văn hoá đại chúng, giao dịch nghệ thuật, giải trí và nghỉ dưỡng",high,S04,https://www.hongkongairport.com/en/media-centre/press-release/2024/pr_1754,"The Airport City at Hong Kong International Airport (HKIA) is developing into a new, world-leading landmark, the largest in the region, that integrates commerci",
hong_kong,Định vị & quy hoạch,planning_concept,string,1,"Kết hợp các chức năng lõi của sân bay với các mảng kinh doanh liên quan để tạo cộng hưởng mạnh, tận dụng tối đa vị trí địa lý độc đáo của sân bay và các hạ tầng mới; tạo cộng hưởng giữa AsiaWorld-Expo",medium,S05,https://www.asiaworld-expo.com/en-us/visiting/around-awe/skycity/,"Creating strong synergy between AsiaWorld-Expo, 11 SKIES and other components of SKYCITY, the development offers a total travel, leisure, business and event hub",
hong_kong,Định vị & quy hoạch,cornerstones,string_list,1,hoạt động thương mại; văn hoá đại chúng; giao dịch nghệ thuật (art trading); giải trí; nghỉ dưỡng/leisure,high,S04,https://www.hongkongairport.com/en/media-centre/press-release/2024/pr_1754,"that integrates commercial activities, popular culture, art trading, entertainment and leisure under an expanded development blueprint spearheaded by Airport Au",
hong_kong,Định vị & quy hoạch,subzones,string_list,1,SKYCITY; AsiaWorld-Expo; 11 SKIES; Hong Kong Port Island; SkyPier; Tung Chung,medium,S04,https://www.hongkongairport.com/en/media-centre/press-release/2024/pr_1754,"including a new hotel and three Grade-A office towers, both opened for business already, as well as 11 SKIES ... AAHK is also making plans for a brand-new sport",
hong_kong,Chỉ số quy mô,passengers_million,float,1,60.992,high,S06,https://en.wikipedia.org/wiki/Hong_Kong_International_Airport,"Statistics (2025)
Passengers
60,992,000",
hong_kong,Chỉ số quy mô,cargo_million_tonnes,float,1,5.07,high,S06,https://en.wikipedia.org/wiki/Hong_Kong_International_Airport,"Cargo (metric tonnes)
5,070,000",
hong_kong,Chỉ số quy mô,air_movements,int,1,394730,high,S06,https://en.wikipedia.org/wiki/Hong_Kong_International_Airport,"Aircraft movements
394,730",
hong_kong,Chỉ số quy mô,destinations,int,1,180,medium,S06,https://en.wikipedia.org/wiki/Hong_Kong_International_Airport,More than 100 airlines operate flights from the airport to over 180 cities across the globe.,
hong_kong,Chỉ số quy mô,airlines,int,1,100,medium,S06,https://en.wikipedia.org/wiki/Hong_Kong_International_Airport,More than 100 airlines operate flights from the airport to over 180 cities across the globe.,
hong_kong,Chỉ số quy mô,transfer_pct,float,0,,,,,,Tài liệu không nêu tỷ lệ hành khách trung chuyển
hong_kong,Chỉ số quy mô,airport_area_ha,float,1,1905.0,high,S06,https://en.wikipedia.org/wiki/Hong_Kong_International_Airport,"Hong Kong International Airport covers an area of 4,707 acres or
1,905 hectares (7.36",
hong_kong,Chỉ số quy mô,employees,int,1,68000,high,S01,https://www.hongkongairport.com/en/the-airport/hkia-at-a-glance/fact-figures.page,"Around
68,000
staff",
hong_kong,Chỉ số quy mô,num_companies_airport,int,0,,,,,,Tài liệu không nêu số doanh nghiệp hoạt động tại sân bay
hong_kong,Chỉ số quy mô,num_companies_realestate,int,0,,,,,,Tài liệu không nêu số doanh nghiệp thuê bất động sản trong khu
hong_kong,Chỉ số quy mô,num_office_buildings,int,1,3,medium,S04,https://www.hongkongairport.com/en/media-centre/press-release/2024/pr_1754,"including a new hotel and three Grade-A office towers, both opened for business already",
hong_kong,Chỉ số quy mô,jobs_created,int,0,,,,,,Tài liệu không nêu số việc làm dự kiến/đã tạo riêng cho khu đô thị sân bay
hong_kong,Đầu tư & quản trị,total_investment_usd,string,1,HK$141.5 billion (dự án mở rộng ba đường băng); AAHK phê duyệt gói mở rộng HKD 140 tỷ (khoảng 18 tỷ USD),medium,S06,https://en.wikipedia.org/wiki/Hong_Kong_International_Airport,The airport opened its third runway in July 2022 as part of a HK$141.5 billion expansion project that would increase its land footprint by 50%.,
hong_kong,Đầu tư & quản trị,investor_governance,string,1,"Airport Authority Hong Kong (AA) là cơ quan theo luật định (statutory body) do Chính quyền Đặc khu Hành chính Hong Kong sở hữu toàn bộ, thành lập năm 1995, chịu trách nhiệm vận hành và phát triển HKIA",high,S02,https://www.hongkongairport.com/en/airport-authority/vision-mission/index.page,"The Airport Authority Hong Kong (AA) is a statutory body wholly owned by the Hong Kong SAR Government. Established in 1995, the AA is responsible for the operat",
hong_kong,Đầu tư & quản trị,gov_led_ratio_pct,float,0,,,,,,Tài liệu không nêu tỷ lệ vốn/vai trò nhà nước bằng con số cụ thể cho khu đô thị sân bay
hong_kong,Đầu tư & quản trị,private_ratio_pct,float,0,,,,,,Tài liệu không nêu tỷ lệ vốn tư nhân bằng con số cụ thể
hong_kong,Đầu tư & quản trị,lead_developer,string,1,Airport Authority Hong Kong (AAHK),high,S04,https://www.hongkongairport.com/en/media-centre/press-release/2024/pr_1754,under an expanded development blueprint spearheaded by Airport Authority Hong Kong (AAHK),
hong_kong,Sản phẩm (CVP 1),cvp_product,string_list,1,bán lẻ; ẩm thực; văn phòng hạng A (Grade-A office); khách sạn; giải trí; triển lãm – hội nghị (MICE); hàng hoá hàng không (air cargo); bến du thuyền (marina); hệ sinh thái nghệ thuật (art ecosystem),high,S04,https://www.hongkongairport.com/en/media-centre/press-release/2024/pr_1754,"AAHK has since proactively taken forward various projects, including a new hotel and three Grade-A office towers, both opened for business already, as well as 1",
hong_kong,Sản phẩm (CVP 1),commercial_re,string_list,1,bán lẻ; ẩm thực; khách sạn; văn phòng; giải trí; trung tâm triển lãm – hội nghị (MICE); hàng hoá hàng không/logistics; kho lưu trữ tác phẩm nghệ thuật chuyên dụng,high,S05,https://www.asiaworld-expo.com/en-us/visiting/around-awe/skycity/,"one of the largest integrated commercial developments in Hong Kong providing AsiaWorld-Expo guests and organisers with an eclectic selection of retail chains, d",
hong_kong,Sản phẩm (CVP 1),economic_zone_name,string,0,,,,,,Tài liệu không nêu bất kỳ đặc khu kinh tế/khu thương mại tự do nào gắn với Airport City HKIA (chỉ nhắc Greater Bay Area và Northern Metropolis là bối cảnh vùng).
hong_kong,Sản phẩm (CVP 1),economic_zone_year,int,0,,,,,,Không có tên đặc khu kinh tế nên không có năm thành lập trong tài liệu.
hong_kong,Sản phẩm (CVP 1),residential_product_desc,string,1,"Airport City tại HKIA không chào bán sản phẩm nhà ở (chỉ có khách sạn, văn phòng, thương mại); nhà ở nằm ở đô thị hậu phương Tung Chung – chủ yếu là chung cư cao tầng tư nhân (Coastal Skyline, The Vis",medium,S09,https://en.wikipedia.org/wiki/Tung_Chung,"Currently, Tung Chung is primarily residential, but an office block and hotel have already been completed.",
hong_kong,Sản phẩm (CVP 1),residential_highrise_pct,float,0,,,,,,Tài liệu không nêu tỷ lệ % sản phẩm nhà ở cao tầng.
hong_kong,Sản phẩm (CVP 1),residential_lowrise_pct,float,0,,,,,,Tài liệu không nêu tỷ lệ % sản phẩm nhà ở thấp tầng.
hong_kong,Sản phẩm (CVP 1),residential_land_pct,float,0,,,,,,Tài liệu không nêu tỷ lệ % đất nền/nhà liền thổ.
hong_kong,Sản phẩm (CVP 1),basic_amenities,string_list,1,bán lẻ; ẩm thực; khách sạn; trung tâm mua sắm; chợ thực phẩm tươi (Jet Fresh Market); không gian công cộng và đường dạo ven biển (promenade),high,S05,https://www.asiaworld-expo.com/en-us/visiting/around-awe/skycity/,"Retail, dining and entertainment facilities with the gross floor area of 350,000 sqm",
hong_kong,Sản phẩm (CVP 1),highlight_amenities,string_list,1,SKYCITY; AsiaWorld-Expo (và giai đoạn 2); 11 SKIES; nhà thi đấu trong nhà đa năng lớn nhất Hong Kong trên 20.000 chỗ; bến du thuyền lớn nhất Hong Kong khoảng 600 chỗ neo; tổ hợp sportainment trên Hong,high,S04,https://www.hongkongairport.com/en/media-centre/press-release/2024/pr_1754,"AAHK is taking forward the Phase 2 development of AsiaWorld-Expo, which will include Hong Kong’s largest multi-purpose indoor arena with a seating capacity of o",
hong_kong,Giá (CVP 2),cvp_price,string,1,AAHK (chủ sở hữu đất sân bay) không bán đất mà khai thác qua hợp tác thương mại: giao dự án cho nhà phát triển tư nhân (11 SKIES do New World Development đầu tư) và cho thuê mặt bằng (Space for Lease),low,S05,https://www.asiaworld-expo.com/en-us/visiting/around-awe/skycity/,Major highlights include the “11 SKIES” developed by New World Development – the first destination to combine wellness and wealth management with entertainment ,
hong_kong,Giá (CVP 2),office_rent_eur_m2_year,object,0,,,,,,Tài liệu không có dòng chào giá thuê văn phòng (Starting at/From) hay bất kỳ mức giá EUR/m²/năm nào.
hong_kong,Giá (CVP 2),cvp_price_note,string,0,,,,,,Không có bảng giá hay chú thích điều kiện giá trong tài liệu.
hong_kong,Giá (CVP 2),price_vs_reference,string,1,"Tại Tung Chung (đô thị hậu phương của sân bay), giá hàng hoá tiêu dùng hằng ngày nhìn chung cao hơn các khu vực nội đô do ít cạnh tranh bán lẻ",medium,S09,https://en.wikipedia.org/wiki/Tung_Chung,"In Tung Chung, the prices of everyday items are generally higher than the urban areas because of the low competition of shops in Tung Chung.",
hong_kong,Giá (CVP 2),living_fee_usd_per_m2_month,string,0,,,,,,Tài liệu không nêu phí quản lý/duy trì theo USD/m²/tháng.
hong_kong,Giá (CVP 2),has_urban_service_fee,bool,0,,,,,,Không có bằng chứng về phí dịch vụ đô thị trong tài liệu.
hong_kong,Giá (CVP 2),sales_scheme,string,1,Mô hình B2B/hợp tác công – tư: AAHK giữ đất và triển khai cùng đối tác (AsiaWorld-Expo được xây theo hình thức public–private partnership giữa Chính quyền Hong Kong và chủ đất; 11 SKIES do New World D,medium,S08,https://en.wikipedia.org/wiki/AsiaWorld-Expo,"The complex was built under a public–private partnership involving the Hong Kong government, landowner",
hong_kong,Dịch vụ (CVP 3),cvp_service,string_list,1,dịch vụ logistics hàng không (Aviation Logistics Services); dịch vụ hàng hoá hàng không (Air Cargo); đào tạo nhân lực hàng không (Aviation Academy); dịch vụ hàng không thương gia tại Hong Kong Busines,medium,S06,https://en.wikipedia.org/wiki/Hong_Kong_International_Airport,"It provides services for executive aircraft and passengers, including a passenger lounge, private rooms and showers, business centre facilities, ground handling",
hong_kong,Dịch vụ (CVP 3),airport_privilege,string,1,"Hành khách trung chuyển qua SkyPier được miễn thủ tục xuất nhập cảnh và hải quan tại HKIA, rút ngắn thời gian di chuyển; ngoài ra có dịch vụ upstream check-in tại Macao Checkpoint của Hong Kong–Zhuhai",medium,S11,https://en.wikipedia.org/wiki/SkyPier,"opened in December 2009, enabling travellers using the Skypier to avoid immigration and customs formalities at HKIA, cutting travel times.",
hong_kong,Dịch vụ (CVP 3),has_airport_privilege,bool,1,True,medium,S11,https://en.wikipedia.org/wiki/SkyPier,"enabling travellers using the Skypier to avoid immigration and customs formalities at HKIA, cutting travel times.",
hong_kong,Dịch vụ (CVP 3),smart_city,string,1,"Chưa có công bố chiến lược đô thị thông minh tổng thể cho toàn khu; mới có các cấu phần số hoá/tự động hoá: hạng mục “Smart Venue” của AsiaWorld-Expo, thiết bị khử khuẩn thông minh (đèn UV), hệ thống ",low,S05,https://www.asiaworld-expo.com/en-us/visiting/around-awe/skycity/,"Venue Highlights
Awards
Affiliations & Associations
Smart Venue",
hong_kong,Dịch vụ (CVP 3),has_smart_city,bool,1,True,medium,S08,https://en.wikipedia.org/wiki/AsiaWorld-Expo,the first phase of the facility will have upgraded facilities and smart sanitizing equipment such as UV lights costing HK$600 million,
hong_kong,Trải nghiệm (CVP 4),cvp_experience,string_list,1,bán lẻ; ẩm thực; giải trí trong nhà quy mô lớn (11 SKIES); triển lãm – hội nghị và concert tại AsiaWorld-Expo; du thuyền và thể thao dưới nước tại marina; tổ hợp sportainment; hệ sinh thái nghệ thuật ,high,S04,https://www.hongkongairport.com/en/media-centre/press-release/2024/pr_1754,"New projects include an ecosystem for the art industry, AsiaWorld-Expo Phase 2 development, a marina with ancillary facilities, a fresh food market, and more.",
hong_kong,Trải nghiệm (CVP 4),experience_desc,string,1,"Airport City tổ chức đời sống trải nghiệm quanh AsiaWorld-Expo – nơi diễn ra concert quốc tế (Oasis, Green Day, Le Sserafim), lễ trao giải Mnet Asian Music Awards từ 2013 và các triển lãm như ITU Tele",medium,S04,https://www.hongkongairport.com/en/media-centre/press-release/2024/pr_1754,Public spaces will be interconnected for various kinds of festive celebrations that draw visitors.,
hong_kong,Thuận tiện (CVP 5),cvp_convenience,string_list,1,"Airport Express và Tung Chung line (MTR) chạy thẳng vào trung tâm; Tung Chung line đi qua 8 ga trong 31 phút; AsiaWorld-Expo nằm sát nhà ga sân bay, có thể đi bộ; SkyPier – phà xuyên biên giới tới các",high,S06,https://en.wikipedia.org/wiki/Hong_Kong_International_Airport,The 36 bays at the new Coach Station allow cross-border coaches to make 320 trips a day carrying passengers between the airport and 90 cities and towns in the P,
hong_kong,Thuận tiện (CVP 5),connectivity_desc,string,1,"HKIA kết nối trên 200 điểm đến toàn cầu với khoảng 140 hãng hàng không; Airport City nằm ngay cạnh sân bay và được nối vào mạng lưới đa phương thức: đường sắt Airport Express/Tung Chung line, phà SkyP",medium,S01,https://www.hongkongairport.com/en/the-airport/hkia-at-a-glance/fact-figures.page,"over
200
destinations worldwide by around 140 airlines",
hong_kong,Thuận tiện (CVP 5),connection_modes,string_list,1,đường sắt đô thị MTR (Tung Chung line); đường sắt sân bay tốc hành (Airport Express); xe buýt và xe khách xuyên biên giới (coach); cầu vượt biển/cao tốc (Hong Kong–Zhuhai–Macau Bridge); phà (SkyPier);,high,S11,https://en.wikipedia.org/wiki/SkyPier,"The pier is linked to the airport terminal by an extension of the
Hong Kong International Airport Automated People Mover",
hong_kong,Thuận tiện (CVP 5),metro_lines,int,1,2,high,S10,https://en.wikipedia.org/wiki/Tung_Chung_line,"The Lantau Airport rail link consists of two train lines, the Tung Chung line and the
Airport Express",
hong_kong,Thuận tiện (CVP 5),rail_connections,string_list,1,"Airport Express – phục vụ ga Airport và ga AsiaWorld-Expo, nối tới Kowloon và Hong Kong Station; Tung Chung line – 8 ga, hành trình 31 phút, cùng lộ trình với Airport Express nhưng giá rẻ hơn; Chuyển ",high,S10,https://en.wikipedia.org/wiki/Tung_Chung_line,The line currently travels through eight stations in 31 minutes along its route.,
hong_kong,Thương hiệu (CVP 6),cvp_brand,string_list,1,Airport Authority Hong Kong (AAHK); Chính quyền Đặc khu hành chính Hong Kong (chủ sở hữu 100% AAHK); AsiaWorld-Expo Management Limited; HKIA Services Holdings Ltd (HKIA SHL); New World Development; Ca,high,S04,https://www.hongkongairport.com/en/media-centre/press-release/2024/pr_1754,"under an expanded development blueprint spearheaded by Airport Authority Hong Kong (AAHK), with the aim of driving further economic development of Hong Kong and",
hong_kong,Thương hiệu (CVP 6),brand_desc,string,1,"AAHK định vị Airport City là địa danh (landmark) mới tầm thế giới và lớn nhất khu vực, tích hợp thương mại, văn hoá đại chúng, giao dịch nghệ thuật, giải trí và nghỉ dưỡng; blueprint công bố lần đầu n",high,S04,https://www.hongkongairport.com/en/media-centre/press-release/2024/pr_1754,"The Airport City at Hong Kong International Airport (HKIA) is developing into a new, world-leading landmark, the largest in the region,",
hong_kong,Thương hiệu (CVP 6),brand_partners,string_list,1,New World Development; Regala Skycity Hotel; Hong Kong SkyCity Marriott Hotel; AsiaWorld-Expo; Cathay Pacific; HKExpress; Hong Kong Business Aviation Centre,medium,S05,https://www.asiaworld-expo.com/en-us/visiting/around-awe/skycity/,"Major highlights include the “11 SKIES” developed by New World Development ... the newly opened Regala Skycity Hotel provides around 1,200 rooms",
hong_kong,Tầm nhìn & bền vững,vision_label,string,1,HKIA Master Plan 2030 (MP 2030),medium,S07,https://en.wikipedia.org/wiki/Hong_Kong_International_Airport_Master_Plan_2030,"the Airport Authority Hong Kong (""AAHK"") proposed the expansion of HKIA into a three-runway system (""3RS"") ... through the introduction of Master Plan 2030 (""MP",
hong_kong,Tầm nhìn & bền vững,vision_qualities,string_list,1,trung tâm hàng không quốc tế hàng đầu; động lực then chốt cho tăng trưởng kinh tế Hong Kong; vận hành hiệu quả và quan tâm tới môi trường; vượt trên kỳ vọng của khách hàng; áp dụng nguyên tắc thương m,high,S02,https://www.hongkongairport.com/en/airport-authority/vision-mission/index.page,To strengthen HKIA as the leading international aviation hub and a key engine for the economic growth of Hong Kong.,
hong_kong,Tầm nhìn & bền vững,aviation_policy,string,1,"Airport Authority Ordinance (Chương 483, Luật Hong Kong) – văn bản pháp lý điều chỉnh Airport Authority Hong Kong, cơ quan pháp định thuộc sở hữu hoàn toàn của Chính quyền HKSAR, chịu trách nhiệm vận ",high,S02,https://www.hongkongairport.com/en/airport-authority/vision-mission/index.page,"The AA is governed by the Airport Authority Ordinance (
Chapter 483, The Laws of Hong Kong",
hong_kong,Tầm nhìn & bền vững,sustainability,string_list,1,chương trình phát triển bền vững và Sustainability Report 2024/25 công bố thường niên; chuyên mục Greenest Airport Updates; tài chính bền vững (Sustainable Finance); xếp hạng và ghi nhận ESG (ESG Rati,medium,S03,https://threerunwaysystem.hongkongairport.com/en/three-runway-system/project-overview/,Reclaiming approximately 650 hectares of land north of the existing airport island ... using non-dredge methods including deep cement mixing,
hong_kong,Khu chức năng chuyên biệt,logistics_park_name,string,0,,,,,,Tài liệu không nêu tên riêng của khu logistics trong khu đô thị sân bay
hong_kong,Khu chức năng chuyên biệt,logistics_park_ha,float,0,,,,,,Tài liệu không nêu diện tích khu logistics
hong_kong,Khu chức năng chuyên biệt,trade_park_name,string,0,,,,,,Tài liệu không nêu tên riêng của khu thương mại tự do/khu mậu dịch
hong_kong,Khu chức năng chuyên biệt,trade_park_ha,float,0,,,,,,Tài liệu không nêu diện tích khu thương mại
huntsville,Định danh,case_name,string,1,Port of Huntsville,high,S01,https://portofhuntsville.com/about/,"The Port of Huntsville manages and directs Huntsville International Airport (HSV), the International Intermodal Center, Jetplex Industrial Park, and Spaceport.",
huntsville,Định danh,aerotropolis,string,1,Port of Huntsville (Huntsville International Airport – International Intermodal Center – Jetplex Industrial Park – Spaceport at HSV),medium,S01,https://portofhuntsville.com/about/,The Port of Huntsville Directs Four Operating Entities,
huntsville,Định danh,country,string,1,Hoa Kỳ,high,S02,https://portofhuntsville.com/jetplex-industrial-park/,"The Jetplex Industrial Park is located in Huntsville, Alabama, one of the fastest-growing high-tech and advanced manufacturing communities in the United States.",
huntsville,Định danh,is_target,bool,1,False,medium,baseline,,,
huntsville,Định danh,airport_name,string,1,Huntsville International Airport (HSV),high,S01,https://portofhuntsville.com/about/,"Named the Best Small Airport in the U.S. by Newsweek in a 2024 online reader poll, HSV served 1.57 million customers in 2024",
huntsville,Định danh,reference_city,string,1,"Huntsville, Alabama",high,S02,https://portofhuntsville.com/jetplex-industrial-park/,"The Jetplex Industrial Park is located in Huntsville, Alabama",
huntsville,Định danh,official_website,string,1,https://portofhuntsville.com,high,S01,https://portofhuntsville.com/about/,url: https://portofhuntsville.com/about/,
huntsville,Vị trí & lịch sử,location_desc,string,1,"Nằm tại Huntsville, bang Alabama (Hoa Kỳ). Jetplex Industrial Park nằm ngay trên cùng khuôn viên với Huntsville International Airport, liền kề International Intermodal Center, có lối ra riêng từ cao t",high,S06,https://portofhuntsville.com/jetplex-industrial-park/transportation-infrastructure/,Jetplex Industrial Park is located directly off an interstate and is adjacent to the International Intermodal Center at Port of Huntsville. ... Located on the s,
huntsville,Vị trí & lịch sử,distance_to_city_km,float,0,,,,,,"Nội dung các trang được cung cấp không nêu khoảng cách cụ thể từ khu tới trung tâm Huntsville (chỉ có ghi chú mục đích crawl, không phải trích dẫn nguyên văn của trang)."
huntsville,Vị trí & lịch sử,area_km2,float,0,,,,,,Tài liệu chỉ nêu diện tích sân bay (6.000 acre) và diện tích Jetplex Industrial Park (hơn 4.000 acre) — các con số này thuộc airport_area_ha và logistics_park_ha; không có số tổng quy mô toàn khu đô thị sân bay.
huntsville,Vị trí & lịch sử,airport_build_period,string,1,1967-nay,medium,S16,https://en.wikipedia.org/wiki/Huntsville_International_Airport,"Opened in October 1967 as the Huntsville Jetport, it was the third airport for Huntsville.",
huntsville,Vị trí & lịch sử,urban_build_period,string,0,,,,,,"Tài liệu không nêu mốc thời gian bắt đầu phát triển phần đô thị/khu công nghiệp (Jetplex, Intermodal Center)."
huntsville,Vị trí & lịch sử,founded_year,int,1,1967,high,S16,https://en.wikipedia.org/wiki/Huntsville_International_Airport,"Carl T. Jones Field opened in 1967, west of the city along Highway 20 and County Line Road.",
huntsville,Vị trí & lịch sử,development_context,string,1,"Được thúc đẩy bởi sứ mệnh cung cấp dịch vụ vận tải đa phương thức chất lượng cho vùng khách hàng khu vực và kích thích tăng trưởng, phát triển kinh tế vùng Tennessee Valley; gắn với vị thế Huntsville ",medium,S01,https://portofhuntsville.com/about/,The mission of the Port of Huntsville is to provide quality multi-modal transportation services to a diverse regional customer base and to stimulate the economi,
huntsville,Định vị & quy hoạch,positioning,string,1,"Cảng nội địa (inland port) đa phương thức của Bắc Alabama: hội tụ dịch vụ hành khách thương mại, khai thác hàng hoá hàng không – đường sắt – đường bộ và doanh nghiệp công nghiệp, cùng vai trò spacepor",high,S01,https://portofhuntsville.com/about/,"The convergence of commercial passenger service, cargo operations, and business enterprises sets the Port of Huntsville apart as unique among airports and cargo",
huntsville,Định vị & quy hoạch,planning_concept,string,1,"Bốn thực thể vận hành nằm chung một khuôn viên đất: sân bay quốc tế, trung tâm liên vận quốc tế, khu công nghiệp Jetplex và spaceport — kết nối trực tiếp hàng không, đường sắt và cao tốc, với lối ra r",medium,S06,https://portofhuntsville.com/jetplex-industrial-park/transportation-infrastructure/,Jetplex Industrial Park is located directly off an interstate and is adjacent to the International Intermodal Center at Port of Huntsville.,
huntsville,Định vị & quy hoạch,cornerstones,string_list,1,Huntsville International Airport (HSV); International Intermodal Center; Jetplex Industrial Park; Spaceport at HSV,high,S01,https://portofhuntsville.com/about/,"The Port of Huntsville manages and directs Huntsville International Airport (HSV), the International Intermodal Center, Jetplex Industrial Park, and Spaceport.",
huntsville,Định vị & quy hoạch,subzones,string_list,1,Huntsville International Airport (HSV); International Intermodal Center; Jetplex Industrial Park; Spaceport at HSV; Foreign Trade Zone No. 83,medium,S01,https://portofhuntsville.com/about/,"The Port of Huntsville manages and directs Huntsville International Airport (HSV), the International Intermodal Center, Jetplex Industrial Park, and Spaceport.",
huntsville,Chỉ số quy mô,passengers_million,float,1,1.722857,high,S03,https://portofhuntsville.com/about/passenger-activity-data/,"2025
858,786
864,071
1,722,857
+5.3%",
huntsville,Chỉ số quy mô,cargo_million_tonnes,float,1,0.0293,medium,S04,https://portofhuntsville.com/about/cargo-data-trends/,"2025
35,623,568
28,942,711
64,566,279
-14.3% YTD",
huntsville,Chỉ số quy mô,air_movements,int,0,,,,,,Trang Wikipedia có mục 'Aircraft operations (2024)' nhưng con số không xuất hiện trong nội dung được trích; không nguồn nào nêu số lượt bay/năm.
huntsville,Chỉ số quy mô,destinations,int,1,18,high,S12,https://portofhuntsville.com/airport/airlines-destinations/,"Huntsville International offers non-stop flights to 18 cities, connecting travelers to hundreds of domestic and international locations through our airline part",
huntsville,Chỉ số quy mô,airlines,int,1,4,high,S07,https://annualreport.portofhuntsville.com,"Our four carriers—American Airlines, Breeze Airways, Delta Air Lines, and United Airlines—significantly expanded their service to our market this year",
huntsville,Chỉ số quy mô,transfer_pct,float,0,,,,,,Không nguồn nào nêu tỷ lệ hành khách trung chuyển (transfer).
huntsville,Chỉ số quy mô,airport_area_ha,float,1,2428.0,high,S16,https://en.wikipedia.org/wiki/Huntsville_International_Airport,"The airport covers 6,000 acres (2,428",
huntsville,Chỉ số quy mô,employees,int,0,,,,,,"Tài liệu chỉ nêu tỷ lệ 38% việc làm hàng không của bang và tác động kinh tế 1,8 tỷ USD, không có số lao động làm việc trong khu."
huntsville,Chỉ số quy mô,num_companies_airport,int,1,70,medium,S01,https://portofhuntsville.com/about/,Over 70 companies representing 11 different countries are located at the Park.,
huntsville,Chỉ số quy mô,num_companies_realestate,int,1,70,medium,S05,https://portofhuntsville.com/intermodal-cargo/,serving as home to Jetplex Industrial Park and more than 70 tenant companies,
huntsville,Chỉ số quy mô,num_office_buildings,int,0,,,,,,Không nguồn nào nêu số toà nhà văn phòng trong khu.
huntsville,Chỉ số quy mô,jobs_created,int,0,,,,,,"Tài liệu chỉ nêu tỷ lệ phần trăm việc làm hàng không của bang (38%), không có số việc làm tuyệt đối đã tạo."
huntsville,Đầu tư & quản trị,total_investment_usd,string,1,$2 BILLION Total Capital Investments to Date (khoảng 2 tỷ USD tổng vốn đầu tư luỹ kế),high,S01,https://portofhuntsville.com/about/,"$2 BILLION
Total Capital Investments to Date",
huntsville,Đầu tư & quản trị,investor_governance,string,1,Cơ quan công: Huntsville Madison County Airport Authority (HMCAA) chịu trách nhiệm định hướng chiến lược và giám sát tài chính; Hội đồng quản trị họp hàng tháng tại trụ sở HMCAA trên tầng 2 nhà ga sân,high,S09,https://portofhuntsville.com/about/leadership/,The Huntsville Madison County Airport Authority (HMCAA) is responsible for the strategic direction and financial oversight of the organization. The board meets ,
huntsville,Đầu tư & quản trị,gov_led_ratio_pct,float,0,,,,,,Không nguồn nào nêu tỷ lệ vốn/đầu tư do nhà nước dẫn dắt.
huntsville,Đầu tư & quản trị,private_ratio_pct,float,0,,,,,,Không nguồn nào nêu tỷ lệ vốn tư nhân.
huntsville,Đầu tư & quản trị,lead_developer,string,1,Port of Huntsville (thuộc Huntsville Madison County Airport Authority – HMCAA),high,S01,https://portofhuntsville.com/about/,"The Port of Huntsville manages and directs Huntsville International Airport (HSV), the International Intermodal Center, Jetplex Industrial Park, and Spaceport.",
huntsville,Sản phẩm (CVP 1),cvp_product,string_list,1,đất công nghiệp/lô đất phát triển (từ 4 acre đến khoảng 375 acre); nhà kho và cơ sở phân phối sẵn sàng sử dụng (move-in ready); không gian công nghiệp và thương mại trong Jetplex Industrial Park; dịch,medium,S02,https://portofhuntsville.com/jetplex-industrial-park/,"With over 2,800 acres available for development as well as existing available buildings, Jetplex Industrial Park is an ideal choice for logistics, technical, ma",
huntsville,Sản phẩm (CVP 1),commercial_re,string_list,1,công viên công nghiệp và thương mại (industrial and commercial park); nhà kho và cơ sở phân phối (warehouse & distribution); kho hàng hoá hàng không (air cargo warehouse); bán lẻ và ẩm thực trong nhà ,medium,S02,https://portofhuntsville.com/jetplex-industrial-park/,"Jetplex Industrial Park is a premier industrial and commercial park offering unparalleled access to air, rail, and highway transportation.",
huntsville,Sản phẩm (CVP 1),economic_zone_name,string,1,Foreign Trade Zone No. 83,high,S10,https://portofhuntsville.com/intermodal-cargo/foreign-trade-zone-no-83/,"This advantage, along with other tax benefits, positions Foreign Trade Zone No. 83 as a valuable resource for companies looking to optimize their supply chain i",
huntsville,Sản phẩm (CVP 1),economic_zone_year,int,0,,,,,,Tài liệu chỉ nêu tên Foreign Trade Zone No. 83 mà không nêu năm thành lập.
huntsville,Sản phẩm (CVP 1),residential_product_desc,string,0,,,,,,Tài liệu không mô tả sản phẩm nhà ở trong khu; Port of Huntsville/Jetplex là khu thiên về công nghiệp - logistics - thương mại.
huntsville,Sản phẩm (CVP 1),residential_highrise_pct,float,0,,,,,,Không có số liệu về tỷ lệ nhà ở cao tầng trong tài liệu.
huntsville,Sản phẩm (CVP 1),residential_lowrise_pct,float,0,,,,,,Không có số liệu về tỷ lệ nhà ở thấp tầng trong tài liệu.
huntsville,Sản phẩm (CVP 1),residential_land_pct,float,0,,,,,,Không có số liệu về tỷ lệ đất ở trong tài liệu.
huntsville,Sản phẩm (CVP 1),basic_amenities,string_list,1,"nhà vệ sinh, cửa hàng, nhà hàng trong nhà ga; khách sạn 3 sao trong khuôn viên; bãi đỗ xe (parking garage); sân golf liền kề nhà ga",medium,S16,https://en.wikipedia.org/wiki/Huntsville_International_Airport,"The airport has 12 gates with restrooms, shops, restaurants, phones and murals depicting aviation and space exploration scenes. The airport also has a 3-star ho",
huntsville,Sản phẩm (CVP 1),highlight_amenities,string_list,1,Spaceport at HSV (cảng vũ trụ thương mại được FAA cấp phép); International Intermodal Center (cảng cạn với 1 triệu sq ft sân đỗ hàng hoá); Jetplex Industrial Park; nhà ga hành khách với kế hoạch ẩm th,medium,S11,https://portofhuntsville.com/spaceport/,"Huntsville International Airport (HSV) made history in 2022 as the first commercial airport in the U.S. licensed by the FAA to land a commercial space vehicle, ",
huntsville,Giá (CVP 2),cvp_price,string,1,"Thu tiền qua cho thuê/bán đất và nhà xưởng trong Jetplex Industrial Park cùng phí dịch vụ cảng cạn (lưu kho, nâng hạ container, dịch vụ hàng hoá); kết hợp môi trường thuế thấp và các gói ưu đãi giúp g",medium,S05,https://portofhuntsville.com/intermodal-cargo/,"Container yard and depot with 10 free days
Parking for 1,000 wheeled units
Port Credit Incentive Program",
huntsville,Giá (CVP 2),office_rent_eur_m2_year,object,0,,,,,,Tài liệu không nêu bất kỳ mức giá chào thuê văn phòng nào.
huntsville,Giá (CVP 2),cvp_price_note,string,1,"Tài liệu nhấn mạnh Huntsville có một trong những chi phí kinh doanh thấp nhất nước Mỹ, thuế thấp và điện giá rẻ từ TVA, nhưng không công bố đơn giá cụ thể.",medium,S02,https://portofhuntsville.com/jetplex-industrial-park/,"One of the lowest costs of doing business in the country, with a range of competitive incentives through multiple partners.",
huntsville,Giá (CVP 2),price_vs_reference,string,1,"Được giới thiệu là một trong những nơi có chi phí kinh doanh thấp nhất cả nước, với điện do TVA cung cấp có mức giá công nghiệp thuộc nhóm thấp nhất so với các đơn vị cùng ngành.",medium,S06,https://portofhuntsville.com/jetplex-industrial-park/transportation-infrastructure/,"Electricity is generated by TVA, the nation's largest public power provider which offers among the lowest industrial rates of peer utilities and 99.999% power r",
huntsville,Giá (CVP 2),living_fee_usd_per_m2_month,string,0,,,,,,Tài liệu không nêu phí quản lý/duy trì theo m²/tháng.
huntsville,Giá (CVP 2),has_urban_service_fee,bool,0,,,,,,Không có bằng chứng về phí dịch vụ đô thị trong tài liệu.
huntsville,Giá (CVP 2),sales_scheme,string,1,"Mô hình B2B: chào thuê/bán lô đất và nhà xưởng sẵn có trong Jetplex Industrial Park cho doanh nghiệp, với đội ngũ hỗ trợ tìm mặt bằng, tra cứu bất động sản sẵn có và đặt lịch tham quan khu.",medium,S02,https://portofhuntsville.com/jetplex-industrial-park/,Our team is ready to assist you in exploring available properties and extensive resources available at Jetplex Industrial Park. Schedule a visit or call for mor,
huntsville,Dịch vụ (CVP 3),cvp_service,string_list,1,Hải quan Mỹ (U.S. Customs & Border Protection) tại chỗ 24/7; Foreign Trade Zone #83 với xử lý miễn/hoãn thuế; hỗ trợ USDA; tuyển dụng và đào tạo lao động theo yêu cầu doanh nghiệp; hỗ trợ cấp phép/giấ,high,S06,https://portofhuntsville.com/jetplex-industrial-park/transportation-infrastructure/,"U.S. Customs & Border Patrol on-site 24/7
Foreign Trade Zone #83
USDA Support",
huntsville,Dịch vụ (CVP 3),airport_privilege,string,0,,,,,,"Tài liệu không nêu bất kỳ đặc quyền sân bay (fast track, ưu đãi vé, priority) dành riêng cho cư dân/doanh nghiệp trong khu."
huntsville,Dịch vụ (CVP 3),has_airport_privilege,bool,0,,,,,,Không có bằng chứng trong tài liệu về đặc quyền sân bay dành cho cư dân/doanh nghiệp trong khu.
huntsville,Dịch vụ (CVP 3),smart_city,string,0,,,,,,"Tài liệu không đề cập tích hợp IoT/AI/hạ tầng số kiểu đô thị thông minh; chỉ nhắc tới xử lý hàng hoá công nghệ cao và độ tin cậy điện 99,999%."
huntsville,Dịch vụ (CVP 3),has_smart_city,bool,0,,,,,,Không có bằng chứng về chương trình đô thị thông minh trong tài liệu.
huntsville,Trải nghiệm (CVP 4),cvp_experience,string_list,1,"ẩm thực, đồ uống và bán lẻ mới tại nhà ga do Tailwind Hospitality vận hành (có Starbucks); du lịch vũ trụ và giáo dục STEM gắn với Spaceport; tranh tường mô tả cảnh hàng không và khám phá vũ trụ trong",medium,S07,https://annualreport.portofhuntsville.com,"Starbucks has landed at HSV! Huntsville International kicks off a terminal transformation with new dining, local flavors, and upgraded retail by Tailwind Hospit",
huntsville,Trải nghiệm (CVP 4),experience_desc,string,1,"Trải nghiệm gắn với bản sắc ""Rocket City"": Spaceport tại HSV củng cố vị thế trung tâm du lịch vũ trụ và giáo dục STEM, truyền cảm hứng cho thế hệ đổi mới tiếp theo; nhà ga được nâng cấp ẩm thực - bán ",medium,S11,https://portofhuntsville.com/spaceport/,"The designation reinforces Huntsville's status as a hub for space tourism and STEM education, inspiring the next generation of innovators.",
huntsville,Thuận tiện (CVP 5),cvp_convenience,string_list,1,"lối ra riêng (dedicated exit) từ I-565; cách vài phút tới I-65 và US 72; nằm cùng khuôn viên với Huntsville International Airport, hai đường băng 12.600 ft và 10.000 ft; kết nối đường sắt trực tiếp No",high,S06,https://portofhuntsville.com/jetplex-industrial-park/transportation-infrastructure/,"Dedicated exit off I-565 running East-West
Minutes from I-65 running North-South
Minutes from US 72 running East-West",
huntsville,Thuận tiện (CVP 5),connectivity_desc,string,1,"Khu nằm ngay cạnh cao tốc liên bang và liền kề International Intermodal Center của Port of Huntsville, cung cấp dịch vụ hàng hoá tổng hợp bằng đường hàng không, đường sắt và đường bộ; là cảng cạn của ",high,S05,https://portofhuntsville.com/intermodal-cargo/,"The Port of Huntsville supports business success as North Alabama's inland port providing comprehensive air, rail, and highway cargo services",
huntsville,Thuận tiện (CVP 5),connection_modes,string_list,1,"đường hàng không; đường sắt; đường cao tốc liên bang (I-565, I-65, US 72); đường bộ/xe tải",high,S05,https://portofhuntsville.com/intermodal-cargo/,"Move goods domestically and internationally with the air, rail, and highway cargo facilities and services at Port of Huntsville.",
huntsville,Thuận tiện (CVP 5),metro_lines,int,0,,,,,,Tài liệu không nêu tuyến metro/đường sắt đô thị nào phục vụ khu.
huntsville,Thuận tiện (CVP 5),rail_connections,string_list,1,Norfolk Southern (dịch vụ quốc tế trực tiếp tới/từ cảng Charleston và Savannah ở bờ Đông); Union Pacific (UP) qua NS Memphis tới/từ các cảng lớn bờ Tây; Burlington Northern Santa Fe (BNSF) - chỉ chiều,high,S06,https://portofhuntsville.com/jetplex-industrial-park/transportation-infrastructure/,"Direct Norfolk Southern international service to and from the East Coast ports of Charleston and Savanna
Connecting international and domestic service, with Uni",
huntsville,Thương hiệu (CVP 6),cvp_brand,string_list,1,Port of Huntsville; Huntsville-Madison County Airport Authority (HMCAA); Huntsville/Madison County Chamber of Commerce,high,S09,https://portofhuntsville.com/about/leadership/,The Huntsville Madison County Airport Authority (HMCAA) is responsible for the strategic direction and financial oversight of the organization.,
huntsville,Thương hiệu (CVP 6),brand_desc,string,1,"Port of Huntsville định vị là cảng đa phương thức độc đáo của nước Mỹ nhờ hội tụ dịch vụ hành khách thương mại, khai thác hàng hoá và doanh nghiệp trên cùng một khuôn viên; thương hiệu được củng cố bằ",medium,S01,https://portofhuntsville.com/about/,"The convergence of commercial passenger service, cargo operations, and business enterprises sets the Port of Huntsville apart as unique among airports and cargo",
huntsville,Thương hiệu (CVP 6),brand_partners,string_list,1,Sierra Space; Teledyne Brown Engineering; RS&H; The University of Alabama in Huntsville; American Airlines; Breeze Airways; Delta Air Lines; United Airlines; Qatar Airways Cargo; Tailwind Hospitality;,medium,S11,https://portofhuntsville.com/spaceport/,"a consortium of public and private partners including Huntsville International Airport, Teledyne Brown Engineering, Sierra Space, RS&H, the Huntsville/Madison C",
huntsville,Tầm nhìn & bền vững,vision_label,string,1,Huntsville International Airport Master Plan (2020),medium,S08,https://portofhuntsville.com/about/master-plan-reports/,"In 2020, Huntsville International Airport completed its updated Master Plan, approved by the Federal Aviation Administration (FAA). This document serves as the ",
huntsville,Tầm nhìn & bền vững,vision_qualities,string_list,1,phát triển sân bay hiệu quả và sử dụng nguồn lực hợp lý; đáp ứng nhu cầu hàng không theo hướng khả thi tài chính; lịch trình và kế hoạch tài chính thực tế cho triển khai phát triển; kiểm chứng quy hoạ,high,S08,https://portofhuntsville.com/about/master-plan-reports/,The Master Plan establishes guidelines for efficient airport development and resource use while addressing aviation demand in a financially feasible manner.,
huntsville,Tầm nhìn & bền vững,aviation_policy,string,1,"Huntsville International Airport Master Plan hoàn thành năm 2020 và được Cục Hàng không Liên bang (FAA) phê duyệt, đóng vai trò bản quy hoạch phát triển dài hạn của sân bay; bên cạnh đó là các kế hoạc",high,S08,https://portofhuntsville.com/about/master-plan-reports/,"In 2020, Huntsville International Airport completed its updated Master Plan, approved by the Federal Aviation Administration (FAA).",
huntsville,Tầm nhìn & bền vững,sustainability,string_list,1,"Port of Huntsville Sustainability Management Plan (Kế hoạch quản lý bền vững); FAR Part 150 Noise Exposure Report và bản đồ tiếng ồn; đầu tư 61 triệu USD trong FY25 nhằm thúc đẩy an toàn, tính bền vữn",medium,S08,https://portofhuntsville.com/about/master-plan-reports/,"Operational Plans
Airport Extended Tarmac Delay Contingency Plan 2022
Port of Huntsville Sustainability Management Plan",
huntsville,Khu chức năng chuyên biệt,logistics_park_name,string,1,Jetplex Industrial Park,high,S02,https://portofhuntsville.com/jetplex-industrial-park/,"With over 2,800 acres available for development as well as existing available buildings, Jetplex Industrial Park is an ideal choice for logistics, technical, ma",
huntsville,Khu chức năng chuyên biệt,logistics_park_ha,float,1,1618.74,medium,S01,https://portofhuntsville.com/about/,"Encompassing over 4,000 acres, the park is designed to meet diverse business requirements",
huntsville,Khu chức năng chuyên biệt,trade_park_name,string,1,Foreign Trade Zone No. 83,high,S10,https://portofhuntsville.com/intermodal-cargo/foreign-trade-zone-no-83/,"This advantage, along with other tax benefits, positions Foreign Trade Zone No. 83 as a valuable resource for companies looking to optimize their supply chain i",
huntsville,Khu chức năng chuyên biệt,trade_park_ha,float,0,,,,,,"Tài liệu về Foreign Trade Zone No. 83 chỉ mô tả cơ chế thuế quan, không nêu diện tích khu."
incheon,Định danh,case_name,string,1,Incheon Airport City / IFEZ,medium,baseline,,Incheon Free Economic Zone,
incheon,Định danh,aerotropolis,string,1,Incheon Aerotropolis / Incheon Free Economic Zone,medium,S19,https://en.wikipedia.org/wiki/Incheon_Free_Economic_Zone,"has been developed as an eco-friendly airport city and
aerotropolis
. It is a functional city with residential amenities for airport staff and visitors",
incheon,Định danh,country,string,1,Hàn Quốc,high,S19,https://en.wikipedia.org/wiki/Incheon_Free_Economic_Zone,"The
Incheon Free Economic Zone
(IFEZ), located in
South Korea
is a
Korean Free Economic Zone",
incheon,Định danh,is_target,bool,1,False,medium,baseline,,Incheon Free Economic Zone,
incheon,Định danh,airport_name,string,1,Incheon International Airport,high,S03,https://www.airport.kr/co_en/4189/subview.do,Incheon International Airport Corporation > About the Corporation > General Overview > Incheon Airport at a Glance > Incheon Airport in Numbers,
incheon,Định danh,reference_city,string,1,Incheon – Seoul,high,S10,https://www.ifez.go.kr/world/content/view.do?sn=484,"Located just 8km away from downtown Incheon, and about 50km from central Seoul, the Incheon Free Economic Zone is adjacent to the Incheon Port",
incheon,Định danh,official_website,string,1,https://www.airport.kr,medium,S01,https://www.airport.kr/co_en/4389/subview.do,url: https://www.airport.kr/co_en/4389/subview.do,
incheon,Vị trí & lịch sử,location_desc,string,1,Nằm cách trung tâm Incheon chỉ 8 km và cách trung tâm Seoul khoảng 50 km; Incheon Free Economic Zone tiếp giáp Incheon Port và có thể tiếp cận các vùng đô thị lớn chỉ trong 60-90 phút. Sân bay nằm ở p,high,S10,https://www.ifez.go.kr/world/content/view.do?sn=484,"Located just 8km away from downtown Incheon, and about 50km from central Seoul, the Incheon Free Economic Zone is adjacent to the Incheon Port and can easily be",
incheon,Vị trí & lịch sử,distance_to_city_km,float,1,50.0,high,S10,https://www.ifez.go.kr/world/content/view.do?sn=484,"about 50km from central Seoul, the Incheon Free Economic Zone is adjacent to the Incheon Port",
incheon,Vị trí & lịch sử,area_km2,float,1,122.34,high,S22,https://www.ifez.go.kr/world/content/view.do?sn=499,"Area
: Total 122.34㎢
Estimated population
: 543,653 (210,111 households)",
incheon,Vị trí & lịch sử,airport_build_period,string,0,,,,,,"Tài liệu chỉ nêu Metropolitan Area New Airport Construction Promotion Act (5/1991) và ngày khai trương 29/3/2001, không nêu rõ giai đoạn xây dựng dạng YYYY-YYYY."
incheon,Vị trí & lịch sử,urban_build_period,string,1,2003-nay,medium,S22,https://www.ifez.go.kr/world/content/view.do?sn=499,"Project Period
: 2003 - 2030 (Phase 1 : Completed in 2009)",
incheon,Vị trí & lịch sử,founded_year,int,1,2001,high,S18,https://en.wikipedia.org/wiki/Incheon_International_Airport,"This airport opened for business on 29 March 2001, to replace the older
Gimpo International Airport",
incheon,Vị trí & lịch sử,development_context,string,1,"Được chỉ định là khu kinh tế tự do đầu tiên của Hàn Quốc năm 2003, IFEZ là trọng tâm trong chiến lược của chính phủ nhằm đưa Hàn Quốc trở thành trung tâm kinh tế của Đông Bắc Á.",high,S10,https://www.ifez.go.kr/world/content/view.do?sn=484,"Designated as Korea's first free economic zone in 2003, IFEZ has been the focal point of the government's strategies to become the Northeast Asian economic hub.",
incheon,Định vị & quy hoạch,positioning,string,1,"Khu kinh tế sân bay (Airport Economic Zone) – nền tảng kinh doanh toàn cầu, trung tâm du lịch và kinh doanh của Đông Bắc Á",high,S02,https://www.airport.kr/co_en/4387/subview.do,Incheon Airport is leading the transformation of the future airport industrial ecosystem by establishing an airport economic zone.,
incheon,Định vị & quy hoạch,planning_concept,string,1,"Một vùng kinh tế rộng lớn nơi hội tụ nhiều ngành liên quan đến hàng không, tạo ra hệ sinh thái công nghiệp trong đó các hoạt động và giá trị kinh tế đa dạng được sinh ra nhờ mạng lưới hàng không rộng ",high,S02,https://www.airport.kr/co_en/4387/subview.do,"A vast economic area where various airport-related industries converge, creating an industrial ecosystem where diverse economic activities and values are genera",
incheon,Định vị & quy hoạch,cornerstones,string_list,1,Trung tâm kinh doanh & R&D (Business/R&D Hub); Trung tâm du lịch & logistics/kho vận (Tourism/Logistics Hub); Trung tâm công nghiệp tiên tiến (Advanced Industry Hub); Trung tâm hỗ trợ hàng không - MRO,high,S02,https://www.airport.kr/co_en/4387/subview.do,"Four Key Strategies of the Airport Economic Zone
...
Business/R&D Hub
...
Tourism/Logistics Hub
...
Advanced Industry Hub
...
Aviation Support Hub",
incheon,Định vị & quy hoạch,subzones,string_list,1,Songdo International City; Yeongjong International City; Cheongna International City; Airport Logistics Complex,high,S22,https://www.ifez.go.kr/world/content/view.do?sn=499,"Location
: Regions of Yeonsu-gu (Songdo International City), Jung-gu (Yeongjong International City), Seo-gu (Cheongna International City), Incheon Metropolitan ",
incheon,Chỉ số quy mô,passengers_million,float,1,70.86,medium,S18,https://en.wikipedia.org/wiki/Incheon_International_Airport,"In 2019, the airport served a total of 70,857,908 passengers.",
incheon,Chỉ số quy mô,cargo_million_tonnes,float,1,2.95,high,S07,https://www.airport.kr/co_en/4333/subview.do,"In 2022, out of the 2.95 million tons of international air cargo processed at Incheon International Airport, 1.12 million tons were transshipment cargo",
incheon,Chỉ số quy mô,air_movements,int,1,358000,high,S03,https://www.airport.kr/co_en/4189/subview.do,"358,000
Flights
Number of flights",
incheon,Chỉ số quy mô,destinations,int,1,152,high,S07,https://www.airport.kr/co_en/4333/subview.do,"As of December 2022, Incheon International Airport’s network connects to 152 cities in 53 countries through 87 airlines, operating non-stop 365 days a year.",
incheon,Chỉ số quy mô,airlines,int,1,100,high,S03,https://www.airport.kr/co_en/4189/subview.do,"100
Airlines
Serving",
incheon,Chỉ số quy mô,transfer_pct,float,0,,,,,,"Tài liệu chỉ nêu tỷ lệ hàng hoá trung chuyển (~38% cargo transshipment), không có tỷ lệ hành khách transfer."
incheon,Chỉ số quy mô,airport_area_ha,float,0,,,,,,"Không có tài liệu nào nêu diện tích khuôn viên sân bay Incheon; con số 122,34 km² là toàn IFEZ."
incheon,Chỉ số quy mô,employees,int,0,,,,,,Không tài liệu nào nêu số người làm việc thực tế trong khu.
incheon,Chỉ số quy mô,num_companies_airport,int,1,3300,medium,S11,https://www.ifez.go.kr/world/content/view.do?sn=616,"has rapidly developed into a global city housing more than 400,000 residents, 3,300 businesses, 14 international organizations including GCF, and renowned forei",
incheon,Chỉ số quy mô,num_companies_realestate,int,1,35,medium,S07,https://www.airport.kr/co_en/4333/subview.do,"Currently, 35 logistics companies and one manufacturing company are operating within the Airport Logistics Complex",
incheon,Chỉ số quy mô,num_office_buildings,int,0,,,,,,"Tài liệu chỉ nêu '4 officetel buildings' thuộc giai đoạn 1 của IBC-I, không phải số toà nhà văn phòng của toàn khu."
incheon,Chỉ số quy mô,jobs_created,int,0,,,,,,"BASELINE_SAI: con số 120.000 trong S08 là mục tiêu tạo việc làm mới đến năm 2030 (by 2030), không phải số việc làm đã tạo thực tế."
incheon,Đầu tư & quản trị,total_investment_usd,string,1,"81.333,1 tỷ won (tổng chi phí dự án IFEZ; nguồn không quy đổi sang USD)",medium,S10,https://www.ifez.go.kr/world/content/view.do?sn=484,"Expected population and total project expenses
543,653 people / 81,333.1 billion won",
incheon,Đầu tư & quản trị,investor_governance,string,1,"Khu kinh tế do Incheon Free Economic Zone Authority (Cơ quan Khu kinh tế tự do Incheon) quản lý; các chủ đầu tư thực hiện dự án gồm Incheon Metropolitan City, Korea Land and Housing Corporation (LH), ",medium,S22,https://www.ifez.go.kr/world/content/view.do?sn=499,"Project implementer
Incheon Metropolitan City, Korea Land and Housing Corporation (LH), Incheon Urban Development and Tourism Corporation, Incheon International",
incheon,Đầu tư & quản trị,gov_led_ratio_pct,float,0,,,,,,Không tài liệu nào nêu tỷ lệ vốn/vai trò nhà nước bằng số cụ thể.
incheon,Đầu tư & quản trị,private_ratio_pct,float,0,,,,,,Không tài liệu nào nêu tỷ lệ vốn tư nhân bằng số cụ thể.
incheon,Đầu tư & quản trị,lead_developer,string,1,Incheon International Airport Corporation (IIAC) – dẫn dắt phát triển khu kinh tế sân bay; Incheon Free Economic Zone Authority (IFEZ) là cơ quan quản lý khu kinh tế tự do,medium,S02,https://www.airport.kr/co_en/4387/subview.do,Incheon Airport is leading the transformation of the future airport industrial ecosystem by establishing an airport economic zone.,
incheon,Sản phẩm (CVP 1),cvp_product,string_list,1,logistics/kho vận; MRO (bảo dưỡng - sửa chữa - đại tu máy bay); R&D; fulfillment center (trung tâm hoàn tất đơn hàng); GDC (trung tâm phân phối toàn cầu); khu phức hợp công nghiệp; nền tảng kinh doanh,high,S02,https://www.airport.kr/co_en/4387/subview.do,"Direct Economic Zone
Regulatory Free Zone
GDC, Fulfillment Center
Visa-Free Entry, English as an Official Language ... Development of state-of-the-art MRO compl",
incheon,Sản phẩm (CVP 1),commercial_re,string_list,1,logistics/kho vận; nhà ga hàng hoá (cargo terminal); MRO; văn phòng; bán lẻ/thương mại; khách sạn; casino; khu nghỉ dưỡng (resort); GDC; fulfillment center; officetel; trung tâm y tế,high,S01,https://www.airport.kr/co_en/4389/subview.do,"Facilities :
4 officetel buildings, medical center, Grand Hyatt Hotel, Best Western Hotel, etc. ... Phase 1 : Hotel (796 rooms), Casino, etc. ... Accommodations",
incheon,Sản phẩm (CVP 1),economic_zone_name,string,1,Incheon Free Economic Zone,high,S10,https://www.ifez.go.kr/world/content/view.do?sn=484,"Designated as Korea's first free economic zone in 2003, IFEZ has been the focal point of the government's strategies to become the Northeast Asian economic hub.",
incheon,Sản phẩm (CVP 1),economic_zone_year,int,1,2003,high,S19,https://en.wikipedia.org/wiki/Incheon_Free_Economic_Zone,Incheon's Free Economic Zone was officially designated by the Korean government in August 2003.,
incheon,Sản phẩm (CVP 1),residential_product_desc,string,1,"IFEZ được quy hoạch là khu sống - làm việc tự túc gồm nhà ở, trường học, bệnh viện, mua sắm và giải trí; riêng Yeongjong phát triển thành airport city/aerotropolis sinh thái với tiện ích nhà ở cho nhâ",medium,S19,https://en.wikipedia.org/wiki/Incheon_Free_Economic_Zone,"IFEZ is planned to be a self-contained living and business district featuring air and sea transportation, a logistics complex, an international business center,",
incheon,Sản phẩm (CVP 1),residential_highrise_pct,float,0,,,,,,Tài liệu không nêu tỷ lệ sản phẩm nhà ở cao tầng.
incheon,Sản phẩm (CVP 1),residential_lowrise_pct,float,0,,,,,,Tài liệu không nêu tỷ lệ sản phẩm nhà ở thấp tầng.
incheon,Sản phẩm (CVP 1),residential_land_pct,float,0,,,,,,Tài liệu không nêu tỷ lệ sản phẩm đất nền.
incheon,Sản phẩm (CVP 1),basic_amenities,string_list,1,phòng hội thảo (seminar rooms); tổ hợp thể thao; phòng tập thể hình; trung tâm thương vụ (business center); sảnh tiệc (banquet hall); trung tâm y tế; trường học; bệnh viện; công viên và không gian xan,high,S17,https://english.visitkorea.or.kr/svc/contents/contentsView.do?vcontsId=187952,"Other facilities
Seminar rooms, sports complex, arena, indoor water park, casino, banquet hall, fitness center, business center, etc.",
incheon,Sản phẩm (CVP 1),highlight_amenities,string_list,1,Arena biểu diễn 15.000 chỗ đầu tiên của Hàn Quốc; công viên nước trong nhà mái vòm kính; casino dành riêng cho người nước ngoài lớn nhất Hàn Quốc; sảnh tiệc khách sạn lớn nhất Hàn Quốc; phố giải trí k,high,S17,https://english.visitkorea.or.kr/svc/contents/contentsView.do?vcontsId=187952,"The resort also features Korea's first-ever 15,000-seat performance arena, an indoor water park roofed with a glass dome, and a banquet hall consisting of cutti",
incheon,Giá (CVP 2),cvp_price,string,1,"Cho thuê đất/mặt bằng trong khu thương mại tự do với phí thuê thấp và ưu đãi thuế, hoãn nộp thuế hải quan; thu hút đầu tư theo hình thức mời gọi nhà đầu tư dự án (IBC-I, IBC-II, IBC-III) thay vì bán s",medium,S07,https://www.airport.kr/co_en/4333/subview.do,"Tenant companies are guaranteed the freedom to engage in manufacturing, logistics, and trade activities, benefiting from low rental fees and customs duty deferm",
incheon,Giá (CVP 2),office_rent_eur_m2_year,object,0,,,,,,Tài liệu không có dòng chào giá thuê văn phòng theo EUR/m²/năm.
incheon,Giá (CVP 2),cvp_price_note,string,0,,,,,,Tài liệu không nêu chú thích đơn vị/điều kiện giá thuê.
incheon,Giá (CVP 2),price_vs_reference,string,0,,,,,,Tài liệu không so sánh mặt bằng giá với thành phố tham chiếu.
incheon,Giá (CVP 2),living_fee_usd_per_m2_month,string,0,,,,,,Tài liệu không nêu phí quản lý/duy trì theo USD/m²/tháng.
incheon,Giá (CVP 2),has_urban_service_fee,bool,0,,,,,,Không có bằng chứng về việc thu phí dịch vụ đô thị trong tài liệu.
incheon,Giá (CVP 2),sales_scheme,string,1,"Mô hình B2B thu hút đầu tư: mời gọi nhà đầu tư/đơn vị vận hành dự án cho IBC-I, IBC-II và IBC-III, kết hợp cho thuê đất/nhà xưởng trong khu thương mại tự do cho doanh nghiệp thuê với phí thuê thấp.",medium,S01,https://www.airport.kr/co_en/4389/subview.do,"Simultaneously, we are seeking investments for both IBC-I and IBC-II and working on the development of a resort complex in IBC- III to attract additional invest",
incheon,Dịch vụ (CVP 3),cvp_service,string_list,1,Nhập cảnh miễn thị thực (Visa-Free Entry); Tiếng Anh là ngôn ngữ chính thức trong khu; Khu tự do về quy định (Regulatory Free Zone); Hoãn nộp thuế hải quan (customs duty deferment); Phí thuê thấp; Dịc,high,S02,https://www.airport.kr/co_en/4387/subview.do,"Regulatory Free Zone
GDC, Fulfillment Center
Visa-Free Entry, English as an Official Language",
incheon,Dịch vụ (CVP 3),airport_privilege,string,0,,,,,,"Tài liệu không nêu ưu đãi sân bay riêng (fast track, ưu đãi vé, ưu tiên) dành cho cư dân/doanh nghiệp trong khu."
incheon,Dịch vụ (CVP 3),has_airport_privilege,bool,0,,,,,,Không có bằng chứng về đặc quyền sân bay dành riêng cho cư dân/doanh nghiệp trong khu.
incheon,Dịch vụ (CVP 3),smart_city,string,1,"Định hướng chuyển đổi số toàn diện: mục tiêu 'Achieving Full Digital Transformation', chiến lược đổi mới hạ tầng số, thủ tục xuất cảnh Smart Pass (2023) và giải thưởng ACI Technology Innovation Award;",medium,S05,https://www.airport.kr/co_en/4183/subview.do,"GOAL
Achieving Full
Digital
Transformation ... [AIRPORT INFRASTRUCTURE]
Digital and Airport Infrastructure Innovation
Acceleration in Digital Transformation",
incheon,Dịch vụ (CVP 3),has_smart_city,bool,1,True,high,S19,https://en.wikipedia.org/wiki/Incheon_Free_Economic_Zone,"The
Songdo
district development began in 1994 and was built on
reclaimed land
. It is a
smart city",
incheon,Trải nghiệm (CVP 4),cvp_experience,string_list,1,arena biểu diễn; công viên nước trong nhà; casino; sảnh tiệc/hội nghị; phòng tập thể hình; khu nghỉ dưỡng phức hợp (integrated resort); mua sắm; công viên giải trí ngoài trời; phố giải trí kỹ thuật số,high,S17,https://english.visitkorea.or.kr/svc/contents/contentsView.do?vcontsId=187952,Inspire Entertainment Resort is a grand resort complex comprising a variety of amenities and entertainment.,
incheon,Trải nghiệm (CVP 4),experience_desc,string,1,"Trải nghiệm xoay quanh tổ hợp giải trí INSPIRE với khách sạn 5 sao ba toà, arena 15.000 chỗ, công viên nước trong nhà mái vòm kính, casino cho người nước ngoài, công viên giải trí ngoài trời 30.000 ng",medium,S17,https://english.visitkorea.or.kr/svc/contents/contentsView.do?vcontsId=187952,"In addition, the resort also has an outdoor entertainment park that can accommodate a maximum of 30,000 people, Korea's largest foreigner-only casino, a 150-met",
incheon,Thuận tiện (CVP 5),cvp_convenience,string_list,1,"Cách trung tâm Incheon 8 km và trung tâm Seoul khoảng 50 km, tiếp giáp cảng Incheon, tới các vùng đô thị lớn chỉ 60-90 phút; Tàu tốc hành AREX chạy thẳng không dừng giữa Incheon Int'l Airport và Seoul",high,S10,https://www.ifez.go.kr/world/content/view.do?sn=484,"Located just 8km away from downtown Incheon, and about 50km from central Seoul, the Incheon Free Economic Zone is adjacent to the Incheon Port and can easily be",
incheon,Thuận tiện (CVP 5),connectivity_desc,string,1,"Khu có mạng lưới giao thông hoàn chỉnh: Incheon International Airport, cảng Incheon/Incheon New Port, tuyến GTX-B và Airport Railroad, cho phép tiếp cận 147 thành phố trên 1 triệu dân trong vòng 3 giờ",high,S11,https://www.ifez.go.kr/world/content/view.do?sn=616,"With our outstanding infrastructure which includes the Incheon International Airport, Incheon New Port, GTX-B Line, and Airport Railroad, all of which can reach",
incheon,Thuận tiện (CVP 5),connection_modes,string_list,1,đường sắt sân bay (AREX - tàu thường và tàu tốc hành); tàu maglev; metro (Incheon Metro tuyến 1 và 2 qua ga trung chuyển); xe buýt limousine sân bay và xe buýt liên tỉnh; taxi; đường cao tốc (Incheon ,high,S15,https://english.seoul.go.kr/service/entry/getting-to-seoul-from-incheon-airport/,You can get to Seoul conveniently and quickly from Gimpo Int’l Airport and Incheon Int’l Airport via various modes of transportation (e.g. airport limousine bus,
incheon,Thuận tiện (CVP 5),metro_lines,int,0,,,,,,"Tài liệu chỉ nhắc AREX cùng các ga trung chuyển sang Incheon Metro 1 và 2, không nêu rõ số tuyến metro phục vụ trực tiếp khu."
incheon,Thuận tiện (CVP 5),rail_connections,string_list,1,Airport Railroad Express (AREX) - tàu thường và tàu tốc hành nối Incheon Int'l Airport với Seoul Station (43 phút không dừng từ Terminal 1); Trung chuyển sang Incheon Metro 2 tại ga Geomam và Incheon ,high,S15,https://english.seoul.go.kr/service/entry/getting-to-seoul-from-incheon-airport/,Airport Railroad Express (AREX) takes you conveniently and quickly from Gimpo Int’l Airport and Incheon Int’l Airport to various destinations in Seoul.,
incheon,Thương hiệu (CVP 6),cvp_brand,string_list,1,Incheon International Airport Corporation; Incheon Free Economic Zone Authority (IFEZ); Incheon Metropolitan City; Korea Land and Housing Corporation (LH); INSPIRE Entertainment Resort,high,S22,https://www.ifez.go.kr/world/content/view.do?sn=499,"Project implementer
Incheon Metropolitan City, Korea Land and Housing Corporation (LH), Incheon Urban Development and Tourism Corporation, Incheon International",
incheon,Thương hiệu (CVP 6),brand_desc,string,1,"Thương hiệu được định vị là cửa ngõ và trung tâm kinh doanh của Đông Bắc Á: Incheon International Airport Corporation xây dựng hình ảnh 'Beyond an Airport, Changing the World' cùng thương hiệu ESG 'IN",medium,S11,https://www.ifez.go.kr/world/content/view.do?sn=616,"""Korea's first Incheon Free Economic Zone is setting the standards for free economic zones.""",
incheon,Thương hiệu (CVP 6),brand_partners,string_list,1,World Bank; Green Climate Fund (GCF); Association of World Election Bodies; Samsung BioLogics; Celltrion; Boeing; BMW; GM; Grand Hyatt; Best Western; Korean Air; Asiana Airlines; IAI (Israel Aerospace,high,S13,https://www.fez.go.kr/portal/en/ifez.do,"The thirteen international organizations located in Incheon include the World Bank, the Green Climate Fund, and the Association of World Election Bodies.
75 mul",
incheon,Tầm nhìn & bền vững,vision_label,string,1,"Beyond an Airport, Changing the World",high,S05,https://www.airport.kr/co_en/4183/subview.do,"VISION
Beyond an Airport, Changing the World",
incheon,Tầm nhìn & bền vững,vision_qualities,string_list,1,Challenge (Thách thức); Cooperation (Hợp tác); Creativity (Sáng tạo); Integrity (Chính trực),high,S05,https://www.airport.kr/co_en/4183/subview.do,"CORE VALUE
Challenge
Cooperation
Creativity
Integrity",
incheon,Tầm nhìn & bền vững,aviation_policy,string,1,Act on the Promotion of a New Airport for Seoul Metropolitan Area Construction (Luật thúc đẩy xây dựng sân bay mới cho Vùng thủ đô Seoul) - kế hoạch phát triển được công bố ngày 30/6/2009; nền tảng ph,high,S01,https://www.airport.kr/co_en/4389/subview.do,"Public announcement of the development plan under the Act on the Promotion of a New Airport for Seoul Metropolitan Area Construction (June 30, 2009)",
incheon,Tầm nhìn & bền vững,sustainability,string_list,1,"RE100 (sân bay châu Á đầu tiên tham gia, 2022); ACI Airport Carbon Accreditation - đạt cấp cao nhất, đầu tiên tại Hàn Quốc (2023); Sân bay sinh thái phát thải carbon thấp (Low-Carbon Eco-Friendly Airp",high,S06,https://www.airport.kr/co_en/4184/subview.do,Became the first Asian airport to join the global RE100 initiative,
incheon,Khu chức năng chuyên biệt,logistics_park_name,string,1,Airport Logistics Complex (Free Trade Area),high,S07,https://www.airport.kr/co_en/4333/subview.do,Incheon International Airport’s Free Trade Area consists of the Airport Logistics Complex and Cargo Terminal area,
incheon,Khu chức năng chuyên biệt,logistics_park_ha,float,1,209.3,medium,S07,https://www.airport.kr/co_en/4333/subview.do,"In April 2005, 2,093,000 square meters was designated as a Free Trade Area followed by an expansion in December 2007 when an additional 922,000 square meters of",
incheon,Khu chức năng chuyên biệt,trade_park_name,string,0,,,,,,Tài liệu không nêu khu thương mại/business park có tên riêng tách biệt (chỉ có International Business Complex IBC-I/II/III nhưng không kèm định danh trade park).
incheon,Khu chức năng chuyên biệt,trade_park_ha,float,0,,,,,,Không có diện tích của khu thương mại riêng biệt trong tài liệu.
istanbul,Định danh,case_name,string,1,Istanbul Airport City,high,S01,https://www.igairport.aero/en/our-collaborations/office-and-commercial-areas/istanbul-airport-city/,Istanbul Airport City project is being developed in four different regions in an area that's approximately 26 million m2 within land boundaries of iGA Istanbul ,
istanbul,Định danh,aerotropolis,string,1,Istanbul Airport City (IGA Master Plan),medium,S13,https://spdo.com.tr/project/istanbul-airport-city/,"the IGA Master Plan proposes a visionary urban development grounded in infrastructural efficiency, ecological rehabilitation, and diversified living",
istanbul,Định danh,country,string,1,Thổ Nhĩ Kỳ (Türkiye),high,S13,https://spdo.com.tr/project/istanbul-airport-city/,"Location
İstanbul, Türkiye",
istanbul,Định danh,is_target,bool,1,False,medium,baseline,,,
istanbul,Định danh,airport_name,string,1,iGA Istanbul Airport,high,S04,https://www.istairport.com/en/corporate/about-us?locale=en,"As Türkiye’s largest infrastructure investment to date, iGA Istanbul Airport was completed and opened for service in a record time of just 42 months.",
istanbul,Định danh,reference_city,string,1,Istanbul,high,S13,https://spdo.com.tr/project/istanbul-airport-city/,"Located in the expanding northern corridor of Istanbul, adjacent to one of Europe’s busiest airports",
istanbul,Định danh,official_website,string,1,https://www.igairport.aero,high,S01,https://www.igairport.aero/en/our-collaborations/office-and-commercial-areas/istanbul-airport-city/,url: https://www.igairport.aero/en/our-collaborations/office-and-commercial-areas/istanbul-airport-city/,
istanbul,Vị trí & lịch sử,location_desc,string,1,"Nằm ở hành lang phát triển phía Bắc Istanbul, ngay cạnh một trong những sân bay bận rộn nhất châu Âu; toàn bộ dự án nằm trong ranh giới đất của iGA Istanbul Airport, với Central Area sát nhà ga chính,",high,S13,https://spdo.com.tr/project/istanbul-airport-city/,"Located in the expanding northern corridor of Istanbul, adjacent to one of Europe’s busiest airports, the IGA Master Plan proposes a visionary urban development",
istanbul,Vị trí & lịch sử,distance_to_city_km,float,0,,,,,,"Tài liệu chỉ liệt kê tuyến metro M11, Havaist, İETT tới trung tâm mà không nêu con số khoảng cách km tới trung tâm Istanbul."
istanbul,Vị trí & lịch sử,area_km2,float,1,32.0,medium,S09,https://www.istairport.com/en/commercial/office-and-commercial-space-rental?locale=en,"The Istanbul Airport City project is being developed in four distinct regions, covering an approximately 32 million square meter area within the boundaries of i",
istanbul,Vị trí & lịch sử,airport_build_period,string,1,2013-2019,medium,S04,https://www.istairport.com/en/corporate/about-us?locale=en,"iGA was established on October 7, 2013 by the Cengiz – MAPA – Limak – Kolin – Kalyon Joint Venture Group... iGA Istanbul Airport was completed and opened for se",
istanbul,Vị trí & lịch sử,urban_build_period,string,1,2023-nay,low,S13,https://spdo.com.tr/project/istanbul-airport-city/,"Project Type
City Planning and Master Plan
Location
İstanbul, Türkiye
Year
2023
Project Service
Master Plan
Project Status
Concept Project",
istanbul,Vị trí & lịch sử,founded_year,int,1,2019,high,S04,https://www.istairport.com/en/corporate/about-us?locale=en,"469.521.200
Passengers 06.04.2019  – 16.08.2026",
istanbul,Vị trí & lịch sử,development_context,string,1,iGA được thành lập ngày 7/10/2013 bởi liên danh Cengiz – MAPA – Limak – Kolin – Kalyon nhằm xây dựng một sân bay mới cho Istanbul đáp ứng nhu cầu thời đại; đây là khoản đầu tư hạ tầng lớn nhất từ trướ,high,S04,https://www.istairport.com/en/corporate/about-us?locale=en,"iGA was established on October 7, 2013 by the Cengiz – MAPA – Limak – Kolin – Kalyon Joint Venture Group, with the goal of building a new airport in Istanbul",
istanbul,Định vị & quy hoạch,positioning,string,1,"Trung tâm hàng không toàn cầu và đầu mối trung chuyển (global transfer hub) của khu vực, dẫn đầu thế giới về hub connectivity theo ACI EUROPE, đồng thời hướng tới trở thành một trong những trung tâm h",high,S08,https://www.istairport.com/en/announcements/iga-istanbul-airport-takes-the-lead-in-global-hub-air-connectivity?locale=en,"According to the “2025 Airport Industry Connectivity Report” published by
ACI EUROPE, iGA Istanbul Airport has taken the top spot globally in hub connectivity",
istanbul,Định vị & quy hoạch,planning_concept,string,1,"Quy hoạch tổng thể trải rộng 12,7 km² chia thành 8 phân kỳ chức năng, phát triển theo chiến lược đô thị phân kỳ giữa hạ tầng và cảnh quan: mỗi phân kỳ có lõi chức năng riêng (khu ở villa/căn hộ, cụm t",high,S13,https://spdo.com.tr/project/istanbul-airport-city/,"Spanning 12.7 km² and divided into eight functional stages, the project redefines the spatial identity of an area historically shaped by mining, topographic tra",
istanbul,Định vị & quy hoạch,cornerstones,string_list,1,Hàng hoá & logistics/kho vận (Cargo Zone); Dịch vụ hỗ trợ hàng không (Support Zone); Bảo dưỡng - sửa chữa máy bay (MRO Zone); Nhà chứa máy bay tư nhân (Private Jet Hangars Zone); Bất động sản văn phòn,medium,S02,https://www.igairport.aero/en/aviation/cargo-and-logistics-center/cargo-and-lojistics/,"Support Zone
The Support Zone hosts both domestic and international companies providing services such as handling, airline operations, line maintenance, caterin",
istanbul,Định vị & quy hoạch,subzones,string_list,1,"Central Area / Central Hub Area (450.000 m²: khách sạn, văn phòng, bán lẻ, khu xã hội, công viên, khu triển lãm, nhà thờ Hồi giáo, cơ sở giáo dục, căn hộ dịch vụ); Khu logistics/kho vận; Khu y tế (hea",medium,S09,https://www.istairport.com/en/commercial/office-and-commercial-space-rental?locale=en,"The Central Hub Area covers 450,000 square meters and is located next to the main terminal building... The project will include logistics, healthcare, retail, a",
istanbul,Chỉ số quy mô,passengers_million,float,1,80.07,high,S06,https://www.igairport.aero/media/rbebw1q0/iga-2024-sustainability-report-final.pdf,"80,070,710 passengers served, with 79% being international passengers",
istanbul,Chỉ số quy mô,cargo_million_tonnes,float,1,1.97,high,S06,https://www.igairport.aero/media/rbebw1q0/iga-2024-sustainability-report-final.pdf,"1.97 million tons of cargo transferred, representing a 39.6% year-on-year increase",
istanbul,Chỉ số quy mô,air_movements,int,1,517284,high,S06,https://www.igairport.aero/media/rbebw1q0/iga-2024-sustainability-report-final.pdf,"In 2024, we facilitated 517,284 ﬂights and served
80,070,710 passengers.",
istanbul,Chỉ số quy mô,destinations,int,1,321,high,S06,https://www.igairport.aero/media/rbebw1q0/iga-2024-sustainability-report-final.pdf,"Flight connections to 321 destinations, including 275 international and 46 domestic routes",
istanbul,Chỉ số quy mô,airlines,int,1,110,medium,S06,https://www.igairport.aero/media/rbebw1q0/iga-2024-sustainability-report-final.pdf,110 scheduled airlines and 34 charter airlines served in 2024,
istanbul,Chỉ số quy mô,transfer_pct,float,0,,,,,,"Tài liệu chỉ nêu tỷ lệ khách quốc tế 79%, không nêu tỷ lệ hành khách trung chuyển (transfer)."
istanbul,Chỉ số quy mô,airport_area_ha,float,0,,,,,,"Nguồn chỉ nêu diện tích nhà ga chính 1,4 triệu m², khu cargo và khu đô thị sân bay, không nêu tổng diện tích khuôn viên sân bay."
istanbul,Chỉ số quy mô,employees,int,0,,,,,,Không có số lao động thực tế đang làm việc trong khu; con số 472.000 là dự báo việc làm tới năm 2030.
istanbul,Chỉ số quy mô,num_companies_airport,int,0,,,,,,"Nguồn chỉ nêu 'hơn 100' công ty đại lý hải quan/đại lý hàng hoá trong Cargo Agency Building, không phải tổng số doanh nghiệp hoạt động tại sân bay và là con số ước lượng."
istanbul,Chỉ số quy mô,num_companies_realestate,int,0,,,,,,Tài liệu không nêu số doanh nghiệp thuê bất động sản trong khu.
istanbul,Chỉ số quy mô,num_office_buildings,int,0,,,,,,"Tài liệu chỉ nêu Cargo Agency Building có sức chứa 305 văn phòng, không nêu số toà nhà văn phòng của khu đô thị sân bay."
istanbul,Chỉ số quy mô,jobs_created,int,0,,,,,,"Con số 472.000 việc làm là dự báo tới năm 2030 (""by 2030... expected to create 472,000 jobs""), không phải việc làm đã tạo thực tế."
istanbul,Đầu tư & quản trị,total_investment_usd,string,0,,,,,,"Tài liệu chỉ mô tả sân bay là khoản đầu tư hạ tầng lớn nhất của Thổ Nhĩ Kỳ và nêu 212 triệu EUR cho nhà máy điện mặt trời Eskişehir (dự án khác), không có tổng vốn đầu tư của khu đô thị sân bay."
istanbul,Đầu tư & quản trị,investor_governance,string,1,"Chủ đầu tư/đơn vị vận hành là iGA, thành lập ngày 7/10/2013 bởi liên danh Cengiz – MAPA – Limak – Kolin – Kalyon; từ tháng 4/2022 cơ cấu sở hữu gồm 55% Kalyon Holding và 45% Cengiz Holding. Việc phát ",high,S04,https://www.istairport.com/en/corporate/about-us?locale=en,"As of April 2022, iGA’s ownership structure consists of 55% Kalyon Holding and 45% Cengiz Holding.",
istanbul,Đầu tư & quản trị,gov_led_ratio_pct,float,0,,,,,,Tài liệu không nêu tỷ lệ vốn/quản trị của nhà nước; chỉ nêu cơ cấu sở hữu giữa hai tập đoàn tư nhân.
istanbul,Đầu tư & quản trị,private_ratio_pct,float,1,100.0,medium,S04,https://www.istairport.com/en/corporate/about-us?locale=en,"As of April 2022, iGA’s ownership structure consists of 55% Kalyon Holding and 45% Cengiz Holding.",
istanbul,Đầu tư & quản trị,lead_developer,string,1,"iGA (đơn vị vận hành iGA Istanbul Airport), do Kalyon Holding (55%) và Cengiz Holding (45%) sở hữu",high,S04,https://www.istairport.com/en/corporate/about-us?locale=en,"Visit iGA, the operator of Istanbul Airport.",
istanbul,Sản phẩm (CVP 1),cvp_product,string_list,1,khách sạn; văn phòng; bán lẻ; khu vực xã hội; công viên và khu nghỉ chân; khu triển lãm; nhà thờ Hồi giáo (mosque); cơ sở giáo dục; căn hộ dịch vụ (service apartments); logistics/kho vận; y tế; kho ng,high,S01,https://www.igairport.aero/en/our-collaborations/office-and-commercial-areas/istanbul-airport-city/,"The central area consists of hotels, offices, retail areas, social areas, park and resting areas, exhibition areas, mosque, educational facilities, and resident",
istanbul,Sản phẩm (CVP 1),commercial_re,string_list,1,văn phòng; bán lẻ; khách sạn; kho hàng (warehouse); phòng chờ (lounge); văn phòng bán vé; khu triển lãm,high,S09,https://www.istairport.com/en/commercial/office-and-commercial-space-rental?locale=en,"Istanbul Airport's terminal building offers more than 40,000 square meters of rental space, which include offices, warehouses, lounges, and ticket sales offices",
istanbul,Sản phẩm (CVP 1),economic_zone_name,string,0,,,,,,"Tài liệu chỉ nhắc tới 'Free Warehouses' (4 kho ngoại quan) trong Cargo Zone, không nêu tên một khu kinh tế đặc biệt/FTZ gắn với khu đô thị sân bay."
istanbul,Sản phẩm (CVP 1),economic_zone_year,int,0,,,,,,"Không có đặc khu kinh tế nào được nêu tên, do đó không có năm thành lập."
istanbul,Sản phẩm (CVP 1),residential_product_desc,string,1,"Khu ở nằm trong ""Central Area"" (450.000 m²) cạnh nhà ga chính, gồm các khu nhà ở dạng căn hộ dịch vụ (service apartments) phục vụ nhân sự ngành hàng không; theo master plan, các khu ở còn gồm biệt thự",high,S01,https://www.igairport.aero/en/our-collaborations/office-and-commercial-areas/istanbul-airport-city/,"an area of 450 thousand square meters was designed under the name of ""Central Area."" The central area consists of ... and residential areas (called service apar",
istanbul,Sản phẩm (CVP 1),residential_highrise_pct,float,0,,,,,,Tài liệu không nêu tỷ lệ phần trăm sản phẩm nhà ở cao tầng.
istanbul,Sản phẩm (CVP 1),residential_lowrise_pct,float,0,,,,,,Tài liệu không nêu tỷ lệ phần trăm sản phẩm nhà ở thấp tầng.
istanbul,Sản phẩm (CVP 1),residential_land_pct,float,0,,,,,,Tài liệu không nêu tỷ lệ phần trăm sản phẩm đất nền.
istanbul,Sản phẩm (CVP 1),basic_amenities,string_list,1,cơ sở giáo dục; y tế/trung tâm sức khoẻ; công viên và khu nghỉ chân; bán lẻ; khu vực xã hội; nhà thờ Hồi giáo (mosque); ngân hàng; quán cà phê và nhà hàng; giặt là; tiệm cắt tóc; phòng cầu nguyện; dịc,high,S09,https://www.istairport.com/en/commercial/office-and-commercial-space-rental?locale=en,"Services such as banking facilities, cafes and restaurants, including Namlı Market, Etiler Marmaris, and Homemade Meals Restaurant, dry cleaning, hairdressers, ",
istanbul,Sản phẩm (CVP 1),highlight_amenities,string_list,1,"khách sạn 5 sao vận hành theo nhượng quyền Hilton; YOTEL Istanbul Airport (451 cabin, khách sạn sân bay lớn nhất châu Âu); congress center (trung tâm hội nghị); shopping mall (trung tâm thương mại); h",high,S13,https://spdo.com.tr/project/istanbul-airport-city/,"cultural and recreational amenities including a congress center, shopping mall, and two 18-hole golf courses",
istanbul,Giá (CVP 2),cvp_price,string,1,"Thu tiền chủ yếu qua cho thuê mặt bằng (rental/leasing) văn phòng, kho, đất trong Airport City và Cargo Hub do Airport City and Leasing Areas Directorate quản lý, kết hợp biểu phí sân bay (Charges Tar",medium,S02,https://www.igairport.aero/en/aviation/cargo-and-logistics-center/cargo-and-lojistics/,"The Airport City and Leasing Areas Directorate offers spaces within Cargo City for temporary and free storage. Additionally, offices ranging between 12–24 squar",
istanbul,Giá (CVP 2),office_rent_eur_m2_year,object,0,,,,,,Tài liệu không công bố mức giá chào thuê văn phòng (EUR/m²/năm); chỉ hướng dẫn gửi yêu cầu thuê qua email.
istanbul,Giá (CVP 2),cvp_price_note,string,1,"Không niêm yết giá công khai: mọi yêu cầu thuê phải gửi email kèm thông tin công ty và phạm vi hoạt động, từng hồ sơ được đánh giá riêng rồi phản hồi",medium,S01,https://www.igairport.aero/en/our-collaborations/office-and-commercial-areas/istanbul-airport-city/,"When submitting your rental request, we kindly ask you to share the details of your company and background information about the area of business you will perfo",
istanbul,Giá (CVP 2),price_vs_reference,string,0,,,,,,Tài liệu không so sánh mặt bằng giá của khu với thành phố tham chiếu nào.
istanbul,Giá (CVP 2),living_fee_usd_per_m2_month,string,0,,,,,,Tài liệu không nêu phí quản lý/duy trì theo USD/m²/tháng.
istanbul,Giá (CVP 2),has_urban_service_fee,bool,0,,,,,,Không có bằng chứng về phí dịch vụ đô thị trong tài liệu.
istanbul,Giá (CVP 2),sales_scheme,string,1,"B2B cho thuê (không bán): iGA cho doanh nghiệp trong và ngoài nước thuê đất, kho, văn phòng theo kỳ hạn; hồ sơ thuê nộp qua email và được xét duyệt từng trường hợp. Bản thân sân bay vận hành theo hợp ",medium,S09,https://www.istairport.com/en/commercial/office-and-commercial-space-rental?locale=en,"The Airport City and Rental Area Group Directorate leases spaces within the cargo hub to both domestic and international companies, offering services such as te",
istanbul,Dịch vụ (CVP 3),cvp_service,string_list,1,cho thuê văn phòng/kho/đất (leasing); lưu kho tạm và kho ngoại quan; dịch vụ hải quan và đại lý hàng hoá; handling (phục vụ mặt đất); khai thác hãng bay và bảo dưỡng đường tuyến (line maintenance); su,high,S02,https://www.igairport.aero/en/aviation/cargo-and-logistics-center/cargo-and-lojistics/,"The Support Zone hosts both domestic and international companies providing services such as handling, airline operations, line maintenance, catering and in-flig",
istanbul,Dịch vụ (CVP 3),airport_privilege,string,0,,,,,,"Tài liệu không nêu ưu đãi sân bay riêng (fast track, ưu đãi vé, priority) dành cho cư dân/doanh nghiệp trong khu đô thị sân bay."
istanbul,Dịch vụ (CVP 3),has_airport_privilege,bool,0,,,,,,Không có bằng chứng về đặc quyền sân bay dành riêng cho cư dân/DN trong khu.
istanbul,Dịch vụ (CVP 3),smart_city,string,1,"Phát triển theo tầm nhìn ""Smart Airport"": tự động hoá quy trình bằng RPA, hạ tầng IoT giám sát từ xa đồng hồ đo, máy phân tích, bơm thoát nước, trạm bơm nước thải, nhiệt độ - độ ẩm khu kỹ thuật, nhà m",high,S11,https://www.istairport.com/en/corporate/sustainability/working-for-the-future-of-mobility/digitalization-technology-and-innovation?locale=en,"At iGA Istanbul Airport, launched under the vision of a “Smart Airport”, we continuously optimize our digitalization processes by leveraging cutting-edge techno",
istanbul,Dịch vụ (CVP 3),has_smart_city,bool,1,True,high,S11,https://www.istairport.com/en/corporate/sustainability/working-for-the-future-of-mobility/digitalization-technology-and-innovation?locale=en,"To further improve operational efficiency, we make extensive use of IoT technology infrastructure. By remotely monitoring meters, analyzers, and calorimeters ac",
istanbul,Trải nghiệm (CVP 4),cvp_experience,string_list,1,"khu vực xã hội và khu nghỉ chân; công viên, hồ nước, đường đi bộ và công viên tuyến tính; khu triển lãm; congress center; shopping mall; hai sân golf 18 lỗ; khách sạn (Hilton, YOTEL/YOTELAIR với Sleep",medium,S13,https://spdo.com.tr/project/istanbul-airport-city/,"Transitional landscape elements—green buffers, ponds, walking paths, and linear parks—form a connective tissue that supports both ecological continuity and urba",
istanbul,Trải nghiệm (CVP 4),experience_desc,string,1,"Central Area được thiết kế thành nơi lưu trú và giao lưu cho nhân sự ngành hàng không, với khách sạn, khu bán lẻ, khu xã hội, công viên - khu nghỉ chân và khu triển lãm; tuyến đi bộ liên tục nối nhà g",high,S01,https://www.igairport.aero/en/our-collaborations/office-and-commercial-areas/istanbul-airport-city/,will become an accommodation and socialization area that employees from the aviation sector will benefit from. The Terminal Central Area pedestrian road connect,
istanbul,Thuận tiện (CVP 5),cvp_convenience,string_list,1,metro M11 kết nối thẳng sân bay; tuyến đi bộ liên tục nối nhà ga - bãi đỗ xe - ga metro; Northern Marmara Highway (cao tốc Bắc Marmara); xe buýt sân bay Havaist (11 tuyến); xe buýt İETT (5 tuyến); xe ,high,S13,https://spdo.com.tr/project/istanbul-airport-city/,Circulation infrastructure is organized through a dual-axis strategy that connects inner parcels with regional networks such as the Northern Marmara Highway and,
istanbul,Thuận tiện (CVP 5),connectivity_desc,string,1,"Vị trí trung tâm nối Đông - Tây và Bắc - Nam: trong bán kính 2 giờ lái xe có 20 triệu dân và 20 triệu... (theo nguồn: 200 triệu người trong 2 giờ bay); sân bay kết nối hơn 330 điểm đến toàn cầu, đứng ",high,S03,https://www.igairport.aero/en/aviation/,"iGA Istanbul Airport has the most central geographical location connecting East & West and North & South. Within 2 hours drive, we have a catchment area of 20 m",
istanbul,Thuận tiện (CVP 5),connection_modes,string_list,1,metro (M11); đường sắt cao tốc (YHT/high-speed train terminal); xe buýt sân bay Havaist; xe buýt İETT; xe khách liên tỉnh; cao tốc (Northern Marmara Highway); taxi/valet và bãi đỗ xe,high,S10,https://www.istairport.com/en/airport/airport-transportation/urban-transportation/public-transportation?locale=en,"The (M11) Gayrettepe - Istanbul Airport metro started operation between Kağıthane and Istanbul Airport on January 22, 2023.",
istanbul,Thuận tiện (CVP 5),metro_lines,int,1,1,high,S13,https://spdo.com.tr/project/istanbul-airport-city/,connects inner parcels with regional networks such as the Northern Marmara Highway and M11 metro line,
istanbul,Thuận tiện (CVP 5),rail_connections,string_list,1,M11 Gayrettepe–Istanbul Airport–Halkalı Metro Line; kết nối Marmaray tại Halkalı; İstanbul Airport High Speed Train Terminal (đường sắt cao tốc); tích hợp tuyến metro Mahmutbey,high,S18,https://en.wikipedia.org/wiki/M11_(Istanbul_Metro),"officially referred to as the
M11 Gayrettepe–Istanbul Airport–Halkalı Metro Line",
istanbul,Thương hiệu (CVP 6),cvp_brand,string_list,1,"iGA (İGA Istanbul Airport); IGA Construction; liên danh nhượng quyền: Cengiz, Mapa, Limak, Kolin, Kalyon",high,S15,https://www.airport-technology.com/projects/istanbul-new-airport-black-sea-coast/,"the contract to build and operate the airport for 25 years was awarded to a consortium comprising of five local companies: Cengiz, Mapa, Limak, Kolin and Kalyon",
istanbul,Thương hiệu (CVP 6),brand_desc,string,1,"Định vị là ""Istanbul Airport City"" phát triển trên 4 khu vực trong ranh giới sân bay lớn nhất thế giới, gắn với thương hiệu iGA - sân bay dẫn đầu thế giới về kết nối trung chuyển và ""trung tâm trung c",high,S01,https://www.igairport.aero/en/our-collaborations/office-and-commercial-areas/istanbul-airport-city/,Istanbul Airport City project is being developed in four different regions in an area that's approximately 26 million m2 within land boundaries of iGA Istanbul ,
istanbul,Thương hiệu (CVP 6),brand_partners,string_list,1,Turkish Cargo; MNG Airlines; DHL Express; FedEx; UPS; Trendyol; Havaş; Çelebi; S Sistem; PTT; Turkish Airlines; Lufthansa; SAUDIA; Emirates; British Airways; Air France/KLM; TGS; Hilton; YOTEL; Trip.c,high,S02,https://www.igairport.aero/en/aviation/cargo-and-logistics-center/cargo-and-lojistics/,"allocated to companies such as Turkish Cargo, MNG Airlines, DHL Express, FedEx, UPS, Trendyol, Havaş, Çelebi, S Sistem, and PTT",
istanbul,Tầm nhìn & bền vững,vision_label,string,1,Smart Airport,medium,S11,https://www.istairport.com/en/corporate/sustainability/working-for-the-future-of-mobility/digitalization-technology-and-innovation?locale=en,"At iGA Istanbul Airport, launched under the vision of a “Smart Airport”, we continuously optimize our digitalization processes",
istanbul,Tầm nhìn & bền vững,vision_qualities,string_list,1,hiệu quả hạ tầng; phục hồi sinh thái; đa dạng hoá không gian sống; kết nối toàn cầu không gián đoạn; số hoá và đổi mới công nghệ; phát thải ròng bằng 0 vào năm 2050; phát triển theo giai đoạn linh hoạ,medium,S13,https://spdo.com.tr/project/istanbul-airport-city/,"the IGA Master Plan proposes a visionary urban development grounded in infrastructural efficiency, ecological rehabilitation, and diversified living",
istanbul,Tầm nhìn & bền vững,aviation_policy,string,1,"Hợp đồng xây dựng - vận hành (BOT/nhượng quyền) 25 năm trao cho liên danh 5 công ty Thổ Nhĩ Kỳ với giá bỏ thầu 22,152 tỷ EUR (2013); cùng với các chính sách hàng không hỗ trợ của Türkiye (Türkiye's su",medium,S15,https://www.airport-technology.com/projects/istanbul-new-airport-black-sea-coast/,the contract to build and operate the airport for 25 years was awarded to a consortium comprising of five local companies... who submitted the highest price bid,
istanbul,Tầm nhìn & bền vững,sustainability,string_list,1,Cam kết Net Zero Emissions vào năm 2050 (giảm 73% phát thải vào 2040); ACI Airports Carbon Accreditation Level 4; Toà nhà nhà ga được USGBC ghi nhận là công trình LEED lớn nhất thế giới (2020); Kế hoạ,high,S06,https://www.igairport.aero/media/rbebw1q0/iga-2024-sustainability-report-final.pdf,"As part of our long-term climate strategy, we have pledged to achieve Net Zero Emissions by 2050. In 2024, we successfully kept our emissions 10.5% below projec",
istanbul,Khu chức năng chuyên biệt,logistics_park_name,string,1,iGA Istanbul Airport Cargo Hub and Logistics Center (Cargo Zone / Cargo City),high,S09,https://www.istairport.com/en/commercial/office-and-commercial-space-rental?locale=en,iGA Istanbul Airport Cargo Hub and Logistics Center was established on an area of 1.4 million square meters in the first phase of the project,
istanbul,Khu chức năng chuyên biệt,logistics_park_ha,float,1,200.0,medium,S02,https://www.igairport.aero/en/aviation/cargo-and-logistics-center/cargo-and-lojistics/,"the Cargo Zone consists of approximately 2,000,000 m² of open and closed areas used as Temporary Storage Facilities",
istanbul,Khu chức năng chuyên biệt,trade_park_name,string,1,Central Area (Central Hub Area),high,S01,https://www.igairport.aero/en/our-collaborations/office-and-commercial-areas/istanbul-airport-city/,"right next to the main terminal building, an area of 450 thousand square meters was designed under the name of ""Central Area.""",
istanbul,Khu chức năng chuyên biệt,trade_park_ha,float,1,45.0,high,S09,https://www.istairport.com/en/commercial/office-and-commercial-space-rental?locale=en,"The Central Hub Area covers 450,000 square meters and is located next to the main terminal building.",
kuala_lumpur,Định danh,case_name,string,1,KLIA Aeropolis,high,S02,https://www.aeropolis.com.my/projects/klia-aeropolis,"KLIA AEROPOLIS | KLIA Aeropolis - Creating Tomorrow, Here",
kuala_lumpur,Định danh,aerotropolis,string,1,KLIA Aeropolis / Airport City Sepang,medium,baseline,,KLIA Aeropolis - Airport City of the 21st Century,
kuala_lumpur,Định danh,country,string,1,Malaysia,high,S09,https://en.wikipedia.org/wiki/Sepang_District,District of Selangor in Malaysia,
kuala_lumpur,Định danh,is_target,bool,1,False,medium,baseline,,,
kuala_lumpur,Định danh,airport_name,string,1,Kuala Lumpur International Airport,high,S07,https://en.wikipedia.org/wiki/Kuala_Lumpur_International_Airport,Kuala Lumpur International Airport features a number of modern design features that assist in the efficient operation of the airport.,
kuala_lumpur,Định danh,reference_city,string,1,Kuala Lumpur – Sepang,medium,baseline,,"KLIA Aeropolis is planned to be a hub for aerospace, cargo, air logistics, and sports tourism by 2035",
kuala_lumpur,Định danh,official_website,string,1,https://www.aeropolis.com.my,high,S01,https://www.aeropolis.com.my/,url: https://www.aeropolis.com.my/,
kuala_lumpur,Vị trí & lịch sử,location_desc,string,1,"Nằm quanh sân bay Kuala Lumpur International Airport thuộc huyện Sepang, bang Selangor (phía nam Kuala Lumpur); được phục vụ bởi mạng lưới cao tốc và có kết nối trực tiếp tới cảng biển, tất cả trong b",medium,S06,https://www.aeropolis.com.my/sites/default/files/KLIA%20Aeropolis%20Brochure.pdf,"Served by an excellent network of highways
and direct access to the seaport, all within a 1-hour drive.",
kuala_lumpur,Vị trí & lịch sử,distance_to_city_km,float,0,,,,,,Tài liệu không nêu khoảng cách cụ thể (km) từ KLIA Aeropolis tới trung tâm Kuala Lumpur
kuala_lumpur,Vị trí & lịch sử,area_km2,float,1,100.0,high,S02,https://www.aeropolis.com.my/projects/klia-aeropolis,KLIA Aeropolis spans across 100 sq. km with activities driven by the three core clusters,
kuala_lumpur,Vị trí & lịch sử,airport_build_period,string,0,,,,,,Tài liệu không nêu năm khởi công – hoàn thành xây dựng sân bay
kuala_lumpur,Vị trí & lịch sử,urban_build_period,string,0,,,,,,Tài liệu không nêu mốc thời gian bắt đầu phát triển khu đô thị KLIA Aeropolis
kuala_lumpur,Vị trí & lịch sử,founded_year,int,1,1998,medium,S01,https://www.aeropolis.com.my/,"Pre-KLIA
1998
14.8 mil
Passengers per annum",
kuala_lumpur,Vị trí & lịch sử,development_context,string,1,"Phát triển bất động sản ngoài nhà ga của Malaysia Airports gắn với các quy hoạch/chiến lược quốc gia (Logistics and Trade Facilitation Master Plan, National e-Commerce Strategic Roadmap 2020, National",high,S06,https://www.aeropolis.com.my/sites/default/files/KLIA%20Aeropolis%20Brochure.pdf,"aligned with the national master plans
and blueprints with the aim to elevate Malaysia as a foreign direct
investment magnet and a high-income nation.",
kuala_lumpur,Định vị & quy hoạch,positioning,string,1,Thành phố sân bay của thế kỷ 21 (Airport City of the 21st Century) – cửa ngõ logistics ưu tiên của châu Á và điểm đến MICE & nghỉ dưỡng hàng đầu,high,S01,https://www.aeropolis.com.my/,KLIA Aeropolis - Airport City of the 21st Century,
kuala_lumpur,Định vị & quy hoạch,planning_concept,string,1,"Quy hoạch tổng thể thành phố sân bay tổng hoà trải rộng khoảng 1.600 acres, có tiềm năng mở rộng lên 8.500 acres trong phạm vi 100 km², gồm các khu chức năng bổ trợ cho làm việc – giải trí, dẫn dắt bở",high,S06,https://www.aeropolis.com.my/sites/default/files/KLIA%20Aeropolis%20Brochure.pdf,"KLIA Aeropolis is designed to be a holistic airport city
development spanning across approximately 1,600 acres,
with the potential of growing up to 8,500 acres.",
kuala_lumpur,Định vị & quy hoạch,cornerstones,string_list,1,Hàng hoá hàng không & logistics/kho vận (Air Cargo & Logistics); Hàng không vũ trụ & hàng không (Aerospace & Aviation); MICE & giải trí – nghỉ dưỡng (MICE & Leisure),high,S01,https://www.aeropolis.com.my/,"concentrating on 3 core clusters at present namely Air Cargo and Logistics, Aerospace and Aviation, and MICE and Leisure.",
kuala_lumpur,Định vị & quy hoạch,subzones,string_list,1,Business Park; Aerospace Park; Logistics Park; Cainiao Aeropolis eWTP Hub (eHub); Leisure & Recreational; Airport Central; KLIA Cargo Village; Aeropolis Industrial Zone @ Business Park; MRO Ecosystem ,high,S02,https://www.aeropolis.com.my/projects/klia-aeropolis,"Business Park
Aerospace Park
Logistics Park
Cainiao Aeropolis eWTP Hub
Leisure & Recreational
Airport Central
Cainiao Aeropolis eWTP Hub (eHub)
KLIA Cargo Villa",
kuala_lumpur,Chỉ số quy mô,passengers_million,float,1,63.12,high,S07,https://en.wikipedia.org/wiki/Kuala_Lumpur_International_Airport,"Statistics (2025)
Passengers
63,121,653 (
9.68%)",
kuala_lumpur,Chỉ số quy mô,cargo_million_tonnes,float,1,0.64,high,S07,https://en.wikipedia.org/wiki/Kuala_Lumpur_International_Airport,"Cargo (tonnes)
638,910 (
24.42%)",
kuala_lumpur,Chỉ số quy mô,air_movements,int,1,408154,high,S07,https://en.wikipedia.org/wiki/Kuala_Lumpur_International_Airport,"Aircraft movements
408,154 (
10.58%)",
kuala_lumpur,Chỉ số quy mô,destinations,int,0,,,,,,"Tài liệu chỉ nêu số điểm đến theo từng khu vực (7 Oceania, 29 China, 40 ASEAN), không có tổng số điểm đến trực tiếp"
kuala_lumpur,Chỉ số quy mô,airlines,int,0,,,,,,"Tài liệu chỉ nêu số hãng bay theo từng thị trường (3 Oceania, 25 China, 30 ASEAN), không có tổng số hãng khai thác"
kuala_lumpur,Chỉ số quy mô,transfer_pct,float,0,,,,,,Tài liệu không nêu tỷ lệ hành khách transfer
kuala_lumpur,Chỉ số quy mô,airport_area_ha,float,0,,,,,,"Tài liệu chỉ nêu diện tích Advance Cargo Centre (44 ha), không nêu tổng diện tích khuôn viên sân bay"
kuala_lumpur,Chỉ số quy mô,employees,int,0,,,,,,"Tài liệu chỉ có mốc 'Jobs' rời rạc trong dòng thời gian (1.000 / 4.000 / >19.000) không rõ thuộc thời điểm và phạm vi nào; số 10.000 nhân sự là của tập đoàn MAHB toàn quốc, không phải trong khu"
kuala_lumpur,Chỉ số quy mô,num_companies_airport,int,0,,,,,,"Tài liệu chỉ ghi 'Operators' theo mốc thời gian không rõ phạm vi (60+, >90 cho LTSAAS Regeneration 2025 and beyond), không phải số doanh nghiệp thực tế tại KLIA Aeropolis"
kuala_lumpur,Chỉ số quy mô,num_companies_realestate,int,0,,,,,,Tài liệu không nêu số doanh nghiệp thuê bất động sản trong khu
kuala_lumpur,Chỉ số quy mô,num_office_buildings,int,0,,,,,,Tài liệu không nêu số toà nhà văn phòng trong KLIA Aeropolis
kuala_lumpur,Chỉ số quy mô,jobs_created,int,0,,,,,,"Các con số việc làm trong tài liệu gắn với mốc tương lai của LTSAAS Regeneration ('2025 and beyond', >19,000 Jobs) và không tách bạch cho KLIA Aeropolis, không đủ căn cứ"
kuala_lumpur,Đầu tư & quản trị,total_investment_usd,string,0,,,,,,"Tài liệu không nêu tổng vốn đầu tư của KLIA Aeropolis (RM9.2 tỷ là tổng vốn chủ sở hữu của MAHB, RM13.9 tỷ là vốn hoá thị trường)"
kuala_lumpur,Đầu tư & quản trị,investor_governance,string,1,"Do Malaysia Airports Holdings Berhad (MAHB) – doanh nghiệp nhà nước niêm yết trên Bursa Malaysia, công ty mẹ là Khazanah Nasional – phát triển và vận hành; Aeropolis là mảng phát triển bất động sản ng",medium,S11,https://en.wikipedia.org/wiki/Malaysia_Airports_Holdings,"Type
Publicly traded
state-owned enterprise
... Parent
Khazanah Nasional",
kuala_lumpur,Đầu tư & quản trị,gov_led_ratio_pct,float,1,44.0,low,S06,https://www.aeropolis.com.my/sites/default/files/KLIA%20Aeropolis%20Brochure.pdf,"Local institutional investors [Khazanah
Nasional Berhad, Permodalan Nasional
Berhad, Employees Provident Fund
(EPF)]: ~44%",
kuala_lumpur,Đầu tư & quản trị,private_ratio_pct,float,1,56.0,low,S06,https://www.aeropolis.com.my/sites/default/files/KLIA%20Aeropolis%20Brochure.pdf,"•	 Local investors: ~16%
•	 Foreign investors: ~40%",
kuala_lumpur,Đầu tư & quản trị,lead_developer,string,1,Malaysia Airports Holdings Berhad (Malaysia Airports),high,S01,https://www.aeropolis.com.my/,Aeropolis is the integrated and synergistic off-terminal real estate development and solutions by Malaysia Airports Holdings Berhad,
kuala_lumpur,Sản phẩm (CVP 1),cvp_product,string_list,1,"kho vận/logistics hàng không (Logistics Park, KLIA Cargo Village); công nghiệp công nghệ cao (high-tech industrial parks); sản xuất hàng không vũ trụ và MRO (Aerospace Park); kho bãi/warehousing (glob",high,S06,https://www.aeropolis.com.my/sites/default/files/KLIA%20Aeropolis%20Brochure.pdf,"•  Business campuses/ offices •  Hotels/service apartments •  Destination-based retail formats (power centres, bulky goods) ... •  Aerospace manufacturing and c",
kuala_lumpur,Sản phẩm (CVP 1),commercial_re,string_list,1,"văn phòng/business campus; khách sạn và căn hộ dịch vụ; bán lẻ (outlet mall, power centres); kho vận/logistics và trung tâm phân phối vùng (RDC); nhà xưởng công nghiệp công nghệ cao; cơ sở MRO/hangar ",high,S06,https://www.aeropolis.com.my/sites/default/files/KLIA%20Aeropolis%20Brochure.pdf,"HIGH-TECH INDUSTRIAL PARKS ... •  Business campuses/ offices •  Hotels/service apartments •  Destination-based retail formats (power centres, bulky goods)",
kuala_lumpur,Sản phẩm (CVP 1),economic_zone_name,string,1,Digital Free Trade Zone (DFTZ),high,S06,https://www.aeropolis.com.my/sites/default/files/KLIA%20Aeropolis%20Brochure.pdf,"Digital Free Trade Zone (DFTZ) A joint venture with Cainiao Network of Alibaba Group, that is expected to double the cargo volume and freighter movement by 2028",
kuala_lumpur,Sản phẩm (CVP 1),economic_zone_year,int,0,,,,,,"Tài liệu chỉ nêu tên Digital Free Trade Zone (DFTZ) và liên doanh với Cainiao/Alibaba, không nêu năm thành lập."
kuala_lumpur,Sản phẩm (CVP 1),residential_product_desc,string,0,,,,,,"KLIA Aeropolis định vị theo 3 cụm kinh doanh (air cargo & logistics, aerospace & aviation, MICE & leisure); tài liệu chỉ nhắc 'hotels/service apartments' trong Business Park, không mô tả sản phẩm nhà ở để bán."
kuala_lumpur,Sản phẩm (CVP 1),residential_highrise_pct,float,0,,,,,,Tài liệu không nêu tỷ lệ sản phẩm nhà ở cao tầng.
kuala_lumpur,Sản phẩm (CVP 1),residential_lowrise_pct,float,0,,,,,,Tài liệu không nêu tỷ lệ sản phẩm nhà ở thấp tầng.
kuala_lumpur,Sản phẩm (CVP 1),residential_land_pct,float,0,,,,,,Tài liệu không nêu tỷ lệ đất nền/nhà liền thổ.
kuala_lumpur,Sản phẩm (CVP 1),basic_amenities,string_list,1,"bán lẻ (Mitsui Outlet Park KLIA, gateway@klia2); khách sạn và căn hộ dịch vụ; không gian họp và hội nghị; công viên giải trí theo chủ đề; wellness village (làng chăm sóc sức khoẻ); trung tâm đào tạo &",medium,S06,https://www.aeropolis.com.my/sites/default/files/KLIA%20Aeropolis%20Brochure.pdf,"The future of city living is one that is balanced. For leisure and recreation, a sizeable area is dedicated for a themed entertainment park and a wellness villa",
kuala_lumpur,Sản phẩm (CVP 1),highlight_amenities,string_list,1,Airport Central – grand central station (ga trung tâm nơi đường sắt gặp hàng không); ASEAN pavilion; indoor arena (nhà thi đấu trong nhà); convention centre (trung tâm hội nghị); Mitsui Outlet Park KL,medium,S05,https://www.aeropolis.com.my/clusters/mice-leisure/overview,"Like every world-class city, KLIA Aeropolis will boast a grand central station, where rail travel meets air travel. ... a leading-edge ASEAN pavilion, an indoor",
kuala_lumpur,Giá (CVP 2),cvp_price,string,1,"Thu tiền theo mô hình hợp tác B2B với Malaysia Airports: cho thuê đất/mặt bằng (lease model arrangements) và liên doanh (joint ventures), kèm dịch vụ hỗ trợ doanh nghiệp",high,S06,https://www.aeropolis.com.my/sites/default/files/KLIA%20Aeropolis%20Brochure.pdf,"EASE OF DOING BUSINESS •	 Smart partnership with Malaysia Airports – lease model arrangements, joint ventures •	 Business facilitation services: Government liai",
kuala_lumpur,Giá (CVP 2),office_rent_eur_m2_year,object,0,,,,,,Tài liệu không có bất kỳ dòng chào giá thuê văn phòng nào (không có 'Starting at/From').
kuala_lumpur,Giá (CVP 2),cvp_price_note,string,0,,,,,,Tài liệu không nêu chú thích đơn vị hay điều kiện giá.
kuala_lumpur,Giá (CVP 2),price_vs_reference,string,0,,,,,,Tài liệu không so sánh mặt bằng giá với thành phố tham chiếu nào.
kuala_lumpur,Giá (CVP 2),living_fee_usd_per_m2_month,string,0,,,,,,Tài liệu không nêu phí quản lý/duy trì.
kuala_lumpur,Giá (CVP 2),has_urban_service_fee,bool,0,,,,,,Không có bằng chứng về phí dịch vụ đô thị trong tài liệu.
kuala_lumpur,Giá (CVP 2),sales_scheme,string,1,"B2B với Malaysia Airports: thuê đất/nhà xưởng theo mô hình lease, liên doanh (joint venture); công trình build-to-suit tiêu chuẩn cao với quy mô lô đất linh hoạt, có thể mở rộng",high,S06,https://www.aeropolis.com.my/sites/default/files/KLIA%20Aeropolis%20Brochure.pdf,"•	 Smart partnership with Malaysia Airports – lease model arrangements, joint ventures",
kuala_lumpur,Dịch vụ (CVP 3),cvp_service,string_list,1,"dịch vụ hỗ trợ doanh nghiệp (business facilitation): liên hệ các bộ ngành, hỗ trợ thương mại; Free Commercial Zone tại Aeronautical Support Zone 1 (khu thương mại tự do); thông quan biên giới đầu-cuối",high,S06,https://www.aeropolis.com.my/sites/default/files/KLIA%20Aeropolis%20Brochure.pdf,"Having close ties to various ministries and government agencies is part of a smart partnership strategy, enabling business owners to easily set up their base he",
kuala_lumpur,Dịch vụ (CVP 3),airport_privilege,string,0,,,,,,"Tài liệu chỉ nêu dịch vụ Fast Track thương mại chung của KLIA cho hành khách, không có bằng chứng ưu đãi riêng cho cư dân/doanh nghiệp trong KĐT."
kuala_lumpur,Dịch vụ (CVP 3),has_airport_privilege,bool,0,,,,,,Không có bằng chứng về đặc quyền sân bay dành riêng cho cư dân/doanh nghiệp trong khu.
kuala_lumpur,Dịch vụ (CVP 3),smart_city,string,1,"Định hướng ngành công nghệ cao và 'thông minh', lấy Industry 4.0 làm trụ cột; cơ sở xử lý hàng hoá tự động hoá và số hoá; sân bay vận hành bằng Total Airport Management Systems (TAMS) gồm hơn 40 hệ th",medium,S04,https://www.aeropolis.com.my/clusters/aerospace-aviation/aerospace-park,Key Features High-tech and smart industries Championing “Industry 4.0” Access to end-to-end logistics solutions High-spec build-to-suit facilities,
kuala_lumpur,Dịch vụ (CVP 3),has_smart_city,bool,1,True,medium,S04,https://www.aeropolis.com.my/clusters/aerospace-aviation/aerospace-park,High-tech and smart industries Championing “Industry 4.0”,
kuala_lumpur,Trải nghiệm (CVP 4),cvp_experience,string_list,1,"MICE (hội họp, khen thưởng, hội nghị, triển lãm); convention centre (trung tâm hội nghị); indoor arena; bán lẻ outlet (Mitsui Outlet Park KLIA); công viên giải trí theo chủ đề; wellness village; du lị",medium,S05,https://www.aeropolis.com.my/clusters/mice-leisure/overview,"The MICE (Meetings, Incentives, Conferences and Exhibitions) & Leisure sector of KLIA Aeropolis takes the role of expanding KLIA’s service portfolio to provide ",
kuala_lumpur,Trải nghiệm (CVP 4),experience_desc,string,1,"Cụm MICE & Leisure mở rộng danh mục dịch vụ của KLIA để hành khách có trải nghiệm kinh doanh và giải trí phong phú hơn; thiết kế tích hợp pha trộn công việc và nghỉ dưỡng, biến sân bay thành điểm đến ",high,S05,https://www.aeropolis.com.my/clusters/mice-leisure/overview,"With integrated designs, KLIA Aeropolis is anticipated to be the city that incorporates a unique blend of business and leisure—encouraging the posibility of an ",
kuala_lumpur,Thuận tiện (CVP 5),cvp_convenience,string_list,1,kết nối 5 tuyến cao tốc chính; hơn 300km mạng đường sắt tích hợp (khi hoàn chỉnh); dịch vụ bonded trucking: KLIA – Port Klang 60 phút (67km); KLIA – Singapore 210 phút (350km); KLIA – Thái Lan 390 phú,high,S06,https://www.aeropolis.com.my/sites/default/files/KLIA%20Aeropolis%20Brochure.pdf,By Road • Connected via 5 major expressways* • Bonded trucking services available – KLIA to Thailand : 390 mins (580km) – KLIA to Singapore : 210 mins (350km) –,
kuala_lumpur,Thuận tiện (CVP 5),connectivity_desc,string,1,"Mạng lưới hàng không – đường bộ – đường sắt tích hợp kết nối trực tiếp tới các nền kinh tế lớn trong khu vực; nằm gần các khu trung tâm kinh doanh, có 5 tuyến cao tốc lớn, hơn 300km đường sắt tích hợp",high,S06,https://www.aeropolis.com.my/sites/default/files/KLIA%20Aeropolis%20Brochure.pdf,"Integrated air, road, and rail networks serve as a direct connection to major regional economies. Located within close proximity to core business districts and ",
kuala_lumpur,Thuận tiện (CVP 5),connection_modes,string_list,1,"đường hàng không; đường sắt (KLIA Ekspres/KLIA Transit – ERL); cao tốc/đường bộ (5 tuyến cao tốc chính); xe buýt (bến xe tại KLIA và KLIA2, buýt liên tỉnh và shuttle); đường biển (kết nối cảng biển, P",medium,S06,https://www.aeropolis.com.my/sites/default/files/KLIA%20Aeropolis%20Brochure.pdf,"Malaysia Airports' vision for KLIA Aeropolis through the Air Cargo & Logistics cluster, is to develop an integrated air cargo network consisting of air, sea and",
kuala_lumpur,Thuận tiện (CVP 5),metro_lines,int,1,2,low,S08,https://en.wikipedia.org/wiki/KLIA_Ekspres,"The KLIA Transit stops at all stations along the line, whereas the KLIA Ekspres runs as a direct non-stop express service between KL Sentral and KLIA Terminal 1",
kuala_lumpur,Thuận tiện (CVP 5),rail_connections,string_list,1,"KLIA Ekspres (KL Sentral – KLIA Terminal 1 & 2, 30 phút); KLIA Transit (dừng tại tất cả ga trên tuyến); Express Rail Link (ERL) – tuyến số 6 thuộc Klang Valley Integrated Transit System; mạng đường sắ",high,S08,https://en.wikipedia.org/wiki/KLIA_Ekspres,"KLIA Ekspres operates between 05:00 and 00:00 daily. Trains depart every 20 minutes on all days, taking 30 minutes to travel between KL Sentral and KLIA Termina",
kuala_lumpur,Thương hiệu (CVP 6),cvp_brand,string_list,1,Malaysia Airports Holdings Berhad (MAHB); Khazanah Nasional (công ty mẹ của MAHB); Cainiao Network – Alibaba Group; AirAsia; Malaysia Airlines / MASkargo,medium,S01,https://www.aeropolis.com.my/,Aeropolis is the integrated and synergistic off-terminal real estate development and solutions by Malaysia Airports Holdings Berhad with a focus on key economic,
kuala_lumpur,Thương hiệu (CVP 6),brand_desc,string,1,Thương hiệu do Malaysia Airports xây dựng với định vị 'Airport City of the 21st Century' – khu đô thị sân bay thế hệ mới; KLIA Aeropolis là dự án chủ lực (flagship) trong tầm nhìn xây dựng các airport,high,S01,https://www.aeropolis.com.my/,“The 20th century was about cities building airports. The 21st century will be about airports building cities.” John D. Kasarda,
kuala_lumpur,Thương hiệu (CVP 6),brand_partners,string_list,1,Cainiao Network (Alibaba Group); Mitsui Outlet Park KLIA; WCT Holdings Berhad; ExecuJet; Airbus Helicopters; GE Aviation; Spirit Aerosystems; Senior Aerospace Upeca; AirAsia; Malaysia Airlines; MASkar,medium,S06,https://www.aeropolis.com.my/sites/default/files/KLIA%20Aeropolis%20Brochure.pdf,"•	 Within Subang Airport: Global aerospace players e.g. Airbus Helicopters, GE Aviation, Spirit Aerosystems, Senior Aerospace Upeca",
kuala_lumpur,Tầm nhìn & bền vững,vision_label,string,1,Airport City of the 21st Century,high,S01,https://www.aeropolis.com.my/,KLIA Aeropolis - Airport City of the 21st Century,
kuala_lumpur,Tầm nhìn & bền vững,vision_qualities,string_list,1,năng suất cao; đầu tư giá trị cao; tạo việc làm; chuỗi giá trị hoàn chỉnh,high,S01,https://www.aeropolis.com.my/,High productivity High value investments Job creation Complete value chain,
kuala_lumpur,Tầm nhìn & bền vững,aviation_policy,string,1,Phát triển bám theo các quy hoạch/chính sách quốc gia: Logistics and Trade Facilitation Master Plan (2015–2020) do Bộ Giao thông chủ trì và National e-Commerce Strategic Roadmap 2020; cụm hàng không v,high,S03,https://www.aeropolis.com.my/clusters/air-cargo-logistics/overview,Malaysia is poised to become the preferred logistics gateway to Asia in line with the Logistics and Trade Facilitation Master Plan (2015 – 2020) led by the Mini,
kuala_lumpur,Tầm nhìn & bền vững,sustainability,string_list,0,,,,,,BASELINE_SAI: giá trị 'green' không có bằng chứng trong tài liệu; không tìm thấy cam kết môi trường hay chứng chỉ xanh nào cho KLIA Aeropolis.
kuala_lumpur,Khu chức năng chuyên biệt,logistics_park_name,string,1,Logistics Park,high,S03,https://www.aeropolis.com.my/clusters/air-cargo-logistics/overview,"Development
Cainiao Aeropolis eWTP Hub (eHub)
KLIA Cargo Village
Logistics Park
Aeropolis Industrial Zone @ Business Park",
kuala_lumpur,Khu chức năng chuyên biệt,logistics_park_ha,float,0,,,,,,"Tài liệu chỉ nêu tổng quỹ đất >1,000 acres cho cả Aerospace Park & Logistics Park, không tách riêng diện tích Logistics Park"
kuala_lumpur,Khu chức năng chuyên biệt,trade_park_name,string,1,Digital Free Trade Zone (DFTZ),medium,S06,https://www.aeropolis.com.my/sites/default/files/KLIA%20Aeropolis%20Brochure.pdf,"Digital Free Trade Zone (DFTZ)
A joint venture with Cainiao Network of
Alibaba Group",
kuala_lumpur,Khu chức năng chuyên biệt,trade_park_ha,float,0,,,,,,Tài liệu không nêu diện tích của Digital Free Trade Zone (DFTZ)
schiphol,Định danh,case_name,string,1,Schiphol Airport City,medium,baseline,,,
schiphol,Định danh,aerotropolis,string,1,Schiphol Airport City / Amsterdam Aerotropolis,medium,baseline,,,
schiphol,Định danh,country,string,1,Hà Lan,high,S02,https://www.schiphol.nl/en/real-estate/about-us/,"Schiphol is a unique location for establishing businesses, centrally located within the Netherlands and directly connected to the rest of the world.",
schiphol,Định danh,is_target,bool,1,False,medium,baseline,,,
schiphol,Định danh,airport_name,string,1,Amsterdam Airport Schiphol,high,S04,https://www.schiphol.nl/en/aviation-partnerships/amsterdam-airport-schiphol-airport-facts/,Facts about Amsterdam Airport Schiphol,
schiphol,Định danh,reference_city,string,1,Amsterdam,high,S16,https://www.schiphol.nl/en/real-estate/properties/parcels-at-schiphol-oost/,Its location at the airport and proximity to Amsterdam promises excellent accessibility.,
schiphol,Định danh,official_website,string,1,https://www.schiphol.nl,high,S01,https://www.schiphol.nl/en/schiphol-group/business-model/,url: https://www.schiphol.nl/en/schiphol-group/business-model/,
schiphol,Vị trí & lịch sử,location_desc,string,1,"Khu đô thị nằm ngay trong khuôn viên sân bay Amsterdam Airport Schiphol, cạnh Amsterdam: các toà văn phòng của Schiphol Business District nằm sát nhà ga hành khách, ga tàu NS và các cao tốc A4, A5, A9",medium,S03,https://www.schiphol.nl/en/real-estate/schiphol-business-district/,"Discover a business hub that excels in national and international accessibility, strategically located near the terminal, train station, and highways A4, A5, A9",
schiphol,Vị trí & lịch sử,distance_to_city_km,float,0,,,,,,"Tài liệu chỉ mô tả khả năng tiếp cận (gần Amsterdam, cao tốc A4/A5/A9/A10, 12 phút tới ga NS/sân bay) mà không nêu số km tới trung tâm Amsterdam."
schiphol,Vị trí & lịch sử,area_km2,float,0,,,,,,"Tài liệu chỉ có diện tích các phân khu chuyên biệt (Schiphol Logistics Park 43 ha, Schiphol Trade Park 350 ha) và diện tích khuôn viên sân bay, không nêu tổng diện tích toàn khu đô thị sân bay."
schiphol,Vị trí & lịch sử,airport_build_period,string,1,1916-nay,medium,S28,https://www.schiphol.nl/en/you-and-schiphol/airport-history/,"The first military aircraft land here on 19 September 1916, marking the start of Schiphol’s service as a military airfield. The airport expands quickly",
schiphol,Vị trí & lịch sử,urban_build_period,string,1,1997-nay,medium,S28,https://www.schiphol.nl/en/you-and-schiphol/airport-history/,"1997
With the AirportCity concept, Schiphol is aiming to become more than just a place where passengers arrive, depart or change planes.",
schiphol,Vị trí & lịch sử,founded_year,int,1,1916,high,S28,https://www.schiphol.nl/en/you-and-schiphol/airport-history/,"The first military aircraft land here on 19 September 1916, marking the start of Schiphol’s service as a military airfield.",
schiphol,Vị trí & lịch sử,development_context,string,1,"Khởi đầu là sân bay quân sự (1916), trở thành sân bay dân dụng từ 1920; năm 1997 Schiphol đưa ra concept AirportCity nhằm biến sân bay thành 'thành phố không ngủ' với cửa hàng, nhà hàng, khách sạn, ng",medium,S28,https://www.schiphol.nl/en/you-and-schiphol/airport-history/,"With the AirportCity concept, Schiphol is aiming to become more than just a place where passengers arrive, depart or change planes. The goal is for the airport ",
schiphol,Định vị & quy hoạch,positioning,string,1,"AirportCity (sân bay phát triển thành đô thị dịch vụ 24/7 cho hành khách, hãng bay và doanh nghiệp); Schiphol được xác định là 'Mainport' của Hà Lan",high,S01,https://www.schiphol.nl/en/schiphol-group/business-model/,"The most important airport in the group, Amsterdam Schiphol Airport, has been developed as an AirportCity where travellers, airlines and businesses can access a",
schiphol,Định vị & quy hoạch,planning_concept,string,1,"Quy hoạch theo công thức AirportCity: sân bay được phát triển như một đô thị nơi hành khách, hãng hàng không và doanh nghiệp tiếp cận mọi dịch vụ cần thiết 24 giờ/ngày, với ba mảng kinh doanh bổ trợ v",high,S01,https://www.schiphol.nl/en/schiphol-group/business-model/,"Three complementary and mutually reinforcing business areas form the cornerstones of the AirportCity concept: Aviation, Consumer Products & Services and Real Es",
schiphol,Định vị & quy hoạch,cornerstones,string_list,1,Hàng không (Aviation); Sản phẩm & dịch vụ tiêu dùng (Consumer Products & Services); Bất động sản (Real Estate),high,S01,https://www.schiphol.nl/en/schiphol-group/business-model/,"Three complementary and mutually reinforcing business areas form the cornerstones of the AirportCity concept: Aviation, Consumer Products & Services and Real Es",
schiphol,Định vị & quy hoạch,subzones,string_list,1,Schiphol Central Business District; Schiphol East (Schiphol-Oost); Schiphol Southeast (Schiphol-Zuidoost); Schiphol North (Schiphol-Noord); Schiphol South (Schiphol-Zuid); Schiphol Business District; ,high,S06,https://www.schiphol.nl/en/real-estate/total-offering/?locality=schiphol-central-business-disctrict,"Area
Show all
Schiphol Southeast
Schiphol Central Business District
Schiphol North
Schiphol East
Schiphol South",
schiphol,Chỉ số quy mô,passengers_million,float,1,66.8,high,S04,https://www.schiphol.nl/en/aviation-partnerships/amsterdam-airport-schiphol-airport-facts/,66.8 million passengers,
schiphol,Chỉ số quy mô,cargo_million_tonnes,float,1,1.49,high,S04,https://www.schiphol.nl/en/aviation-partnerships/amsterdam-airport-schiphol-airport-facts/,1.49 million tonnes of Cargo,
schiphol,Chỉ số quy mô,air_movements,int,1,473815,high,S04,https://www.schiphol.nl/en/aviation-partnerships/amsterdam-airport-schiphol-airport-facts/,"473,815 air transport movements",
schiphol,Chỉ số quy mô,destinations,int,1,301,high,S04,https://www.schiphol.nl/en/aviation-partnerships/amsterdam-airport-schiphol-airport-facts/,301 direct destinations from Schiphol,
schiphol,Chỉ số quy mô,airlines,int,1,120,high,S04,https://www.schiphol.nl/en/aviation-partnerships/amsterdam-airport-schiphol-airport-facts/,There are already 120 airlines that fly directly to and from Schiphol.,
schiphol,Chỉ số quy mô,transfer_pct,float,1,36.3,high,S04,https://www.schiphol.nl/en/aviation-partnerships/amsterdam-airport-schiphol-airport-facts/,36.3 % Transfer passengers,
schiphol,Chỉ số quy mô,airport_area_ha,float,1,2787.0,medium,baseline,,,
schiphol,Chỉ số quy mô,employees,int,1,68000,high,S05,https://www.schiphol.nl/en/you-and-schiphol/facts-about-airport/,"As Mainport, Schiphol has important economic significance to the surrounding area. Around 68,000 people work here.",
schiphol,Chỉ số quy mô,num_companies_airport,int,1,800,high,S05,https://www.schiphol.nl/en/you-and-schiphol/facts-about-airport/,There are also around 800 other different companies located at the airport.,
schiphol,Chỉ số quy mô,num_companies_realestate,int,1,450,medium,S02,https://www.schiphol.nl/en/real-estate/about-us/,"For over 100 years, this area has been a bustling and dynamic hub for both international and national companies. Currently, more than 450 companies are located ",
schiphol,Chỉ số quy mô,num_office_buildings,int,1,35,high,S02,https://www.schiphol.nl/en/real-estate/about-us/,We are not only the lessor of the 35 business buildings and offices but also serve as a dedicated area director.,
schiphol,Chỉ số quy mô,jobs_created,int,0,,,,,,Nguồn chỉ nói chung chung 'directly and indirectly provides thousands of jobs' mà không nêu số việc làm cụ thể đã/dự kiến tạo ra.
schiphol,Đầu tư & quản trị,total_investment_usd,string,1,"Khoảng €10 tỷ đầu tư hạ tầng đến năm 2035 (kế hoạch: 'By 2035, we will invest around €10 billion in more sustainable and modern infrastructure'); nguồn không quy đổi ra USD",medium,S29,https://www.schiphol.nl/en/projects/all-schiphol-projects/we-re-building-the-airport-of-the-future/,"By 2035, we will invest around €10 billion in more sustainable and modern infrastructure.",
schiphol,Đầu tư & quản trị,investor_governance,string,1,Các toà nhà và khu đất quanh sân bay thuộc sở hữu của Royal Schiphol Group; Schiphol Real Estate vừa là bên cho thuê 35 toà nhà văn phòng/thương mại vừa đóng vai trò 'area director' (giám đốc phát tri,high,S02,https://www.schiphol.nl/en/real-estate/about-us/,The buildings and areas surrounding the airport are owned by Royal Schiphol Group. Schiphol Real Estate plays a significant role in this context.,
schiphol,Đầu tư & quản trị,gov_led_ratio_pct,float,0,,,,,,Tài liệu không nêu tỷ lệ vốn/vai trò nhà nước trong khu đô thị sân bay.
schiphol,Đầu tư & quản trị,private_ratio_pct,float,0,,,,,,Tài liệu không nêu tỷ lệ vốn tư nhân trong khu đô thị sân bay.
schiphol,Đầu tư & quản trị,lead_developer,string,1,"Royal Schiphol Group thông qua Schiphol Real Estate (chủ sở hữu khu vực kiêm nhà phát triển, quản lý gần như toàn bộ toà nhà và khu đất tại Schiphol); các khu logistics do SADC (Schiphol Area Developm",high,S16,https://www.schiphol.nl/en/real-estate/properties/parcels-at-schiphol-oost/,"Schiphol Real Estate manages almost all buildings and areas at Schiphol, as well as being the area owner and developer.",
schiphol,Sản phẩm (CVP 1),cvp_product,string_list,1,văn phòng; không gian thương mại (commercial space); lô đất phát triển dự án; toà nhà logistics/kho vận; khách sạn; mặt bằng bán lẻ/cho thuê trong nhà ga,high,S06,https://www.schiphol.nl/en/real-estate/total-offering/?locality=schiphol-central-business-disctrict,"Are you looking for a new office, commercial space, or development opportunities on one of our plots? Take a look at our diverse offerings and what is currently",
schiphol,Sản phẩm (CVP 1),commercial_re,string_list,1,văn phòng; toà nhà logistics/kho vận; khách sạn (Hilton Hotel); mặt bằng cho thuê trong nhà ga (bán lẻ); World Trade Center Schiphol Airport; The Base / The Outlook / Avioport / THE GROVE,high,S01,https://www.schiphol.nl/en/schiphol-group/business-model/,"We offer a wide diversity of first-class real estate such as the new Hilton Hotel, office buildings, logistics buildings and leased premises in the terminal.",
schiphol,Sản phẩm (CVP 1),economic_zone_name,string,0,,,,,,Tài liệu không nêu tên khu kinh tế đặc biệt/FTZ gắn với khu đô thị sân bay Schiphol.
schiphol,Sản phẩm (CVP 1),economic_zone_year,int,0,,,,,,Không có thông tin về đặc khu kinh tế nên không có năm thành lập.
schiphol,Sản phẩm (CVP 1),residential_product_desc,string,0,,,,,,"Tài liệu chỉ mô tả sản phẩm văn phòng, kho vận, khách sạn và tiện ích thương mại; không có bằng chứng về sản phẩm nhà ở — khu thiên về business."
schiphol,Sản phẩm (CVP 1),residential_highrise_pct,float,0,,,,,,Nguồn không nêu bất kỳ tỷ lệ sản phẩm nhà ở nào.
schiphol,Sản phẩm (CVP 1),residential_lowrise_pct,float,0,,,,,,Nguồn không nêu bất kỳ tỷ lệ sản phẩm nhà ở nào.
schiphol,Sản phẩm (CVP 1),residential_land_pct,float,0,,,,,,Nguồn không nêu bất kỳ tỷ lệ sản phẩm nhà ở nào.
schiphol,Sản phẩm (CVP 1),basic_amenities,string_list,1,không gian họp và làm việc chung; hoạt động thể thao và thư giãn; nhà hàng/dịch vụ ăn uống (catering); nhà trẻ (child care); cửa hàng tại trung tâm mua sắm Schiphol Plaza; siêu thị; tiệm giặt là,high,S08,https://www.schiphol.nl/en/real-estate/facilities/,"There are various meeting and collaboration spaces, relaxation and sports activities, catering establishments, meeting facilities, child care and a wide range o",
schiphol,Sản phẩm (CVP 1),highlight_amenities,string_list,1,World Trade Center Schiphol Airport (WTC); The Base; The Outlook; THE GROVE; Hilton Hotel; Sheraton Hotel; Schiphol Plaza,high,S03,https://www.schiphol.nl/en/real-estate/schiphol-business-district/,"At the heart of the Schiphol Business District is the World Trade Center Schiphol Airport, including the most sustainable building at Schiphol with a BREEAM In-",
schiphol,Giá (CVP 2),cvp_price,string,1,"Thu tiền từ nhiều nguồn: phí sân bay và phí hành khách, phí nhượng quyền (concession) từ các đơn vị bán lẻ và ăn uống, doanh thu quảng cáo và bãi đỗ xe, tiền thuê bất động sản và quyền thuê đất dài hạ",high,S01,https://www.schiphol.nl/en/schiphol-group/business-model/,"The group derives its income from a range of sources, including airport charges and passenger charges, concession fees from retail and catering companies, reven",
schiphol,Giá (CVP 2),office_rent_eur_m2_year,object,1,"{""min"": 130, ""max"": 280, ""count"": 9}",high,S07,https://www.schiphol.nl/en/real-estate/total-offering/?property=office-space,Starting at €280 per m² (excl. VAT) per year ... Uiverweg Schiphol South Starting at €130 per m² (excl. VAT) per year,
schiphol,Giá (CVP 2),cvp_price_note,string,1,"Giá chào thuê văn phòng tính theo m² diện tích sàn cho thuê (LFA)/năm, chưa gồm VAT; ngoài giá thuê còn có phí dịch vụ (ví dụ 65 EUR/m²/năm tại Avioport) và phí chỗ đỗ xe (2.800 EUR/chỗ/năm); một số t",high,S10,https://www.schiphol.nl/en/real-estate/properties/avioport/,"Office rental price
Starting at €265 per m² (excl. VAT) per year
Service costs (in advance)
€65 per m² (excl. VAT) per year
Parking ratio
1:70
Parking rental co",
schiphol,Giá (CVP 2),price_vs_reference,string,0,,,,,,Tài liệu không có so sánh mặt bằng giá thuê của khu với thành phố tham chiếu (vd Amsterdam CBD).
schiphol,Giá (CVP 2),living_fee_usd_per_m2_month,string,0,,,,,,"Nguồn chỉ nêu phí dịch vụ 65 EUR/m²/năm (Avioport, S10); không có tỷ giá EUR/USD trong tài liệu để quy đổi sang USD/m²/tháng."
schiphol,Giá (CVP 2),has_urban_service_fee,bool,1,True,high,S10,https://www.schiphol.nl/en/real-estate/properties/avioport/,"Service costs (in advance)
€65 per m² (excl. VAT) per year",
schiphol,Giá (CVP 2),sales_scheme,string,1,"Mô hình B2B cho thuê, không bán đứt: Royal Schiphol Group sở hữu đất và công trình, Schiphol Real Estate là bên cho thuê 35 toà nhà văn phòng/thương mại kiêm 'area director' phát triển khu vực; doanh ",medium,S02,https://www.schiphol.nl/en/real-estate/about-us/,The buildings and areas surrounding the airport are owned by Royal Schiphol Group. Schiphol Real Estate plays a significant role in this context. We are not onl,
schiphol,Dịch vụ (CVP 3),cvp_service,string_list,1,"Leasing Managers (đội quản lý cho thuê, đầu mối tư vấn và dẫn đi xem toà nhà); Property Management và Technical Property Manager (quản lý vận hành và kỹ thuật toà nhà); Sustainability Specialists (chu",high,S02,https://www.schiphol.nl/en/real-estate/about-us/,Our experienced Leasing Managers are the first point of contact for personal questions or information about our buildings... A Property Manager is the first poi,
schiphol,Dịch vụ (CVP 3),airport_privilege,string,1,"Tài liệu chỉ nêu các dịch vụ cao cấp dành cho hành khách nói chung như Privium và VIP Centre, cùng lợi thế văn phòng kết nối trực tiếp bên trong tới nhà ga và ga tàu NS; không có bằng chứng về ưu đãi ",low,S09,https://www.schiphol.nl/en/schiphol-group/business-areas/,"We create a unique and comfortable experience for travellers with a wide range of shops, restaurants, services, parking products and premium services such as Pr",
schiphol,Dịch vụ (CVP 3),has_airport_privilege,bool,1,True,low,S09,https://www.schiphol.nl/en/schiphol-group/business-areas/,premium services such as Privium and the VIP Centre,
schiphol,Dịch vụ (CVP 3),smart_city,string,1,"Mức tích hợp số ở dạng chọn lọc chứ không phải nền tảng smart city toàn diện: dùng số hoá và AI để tăng năng suất lao động (Vision 2050 – Quality of Work), thiết kế thông minh trong phát triển BĐS, ro",medium,S13,https://www.schiphol.nl/en/schiphol-group/strategic-qualities/,"We are responding to a tight labour market by using product optimisation, digitisation and AI to increase productivity while improving working conditions for em",
schiphol,Dịch vụ (CVP 3),has_smart_city,bool,1,True,medium,S13,https://www.schiphol.nl/en/schiphol-group/strategic-qualities/,"using product optimisation, digitisation and AI to increase productivity",
schiphol,Trải nghiệm (CVP 4),cvp_experience,string_list,1,"nhà hàng, quán bar và quán cà phê; phòng gym và cơ sở thể thao (The Base Health Club, fitness tại khách sạn); khách sạn Hilton, Sheraton, Steigenberger, Radisson Blu, IBIS Styles, Amedia; trung tâm mu",high,S08,https://www.schiphol.nl/en/real-estate/facilities/,Schiphol is a vibrant location with first-class services and facilities in and around the office buildings. This is how we create a pleasant workplace where emp,
schiphol,Trải nghiệm (CVP 4),experience_desc,string,1,"Trung tâm đời sống trong khu là nền tảng cộng đồng Spot: tổ chức các buổi gặp gỡ, chia sẻ tri thức và phát triển cá nhân thông qua sự kiện, workshop, hoạt động thể thao và các buổi gathering, tạo môi ",high,S02,https://www.schiphol.nl/en/real-estate/about-us/,"At the centre of this is our community platform Spot, which facilitates meetings, knowledge sharing, and personal development through events, workshops, sports ",
schiphol,Thuận tiện (CVP 5),cvp_convenience,string_list,1,"Tiếp cận được bằng ô tô, xe buýt, tàu hoả và máy bay; Ngay lối ra cao tốc A4, gần A5, A9 và A10; Đi bộ 2-8 phút tới ga tàu NS, Schiphol Plaza và bến xe buýt; Đi bộ 2-8 phút tới sảnh đi và đến của sân ",high,S03,https://www.schiphol.nl/en/real-estate/schiphol-business-district/,"Accessible by car, bus, train and plane... Directly at the A4 exit and close to the A5, A9 and A10 highways.
2-8 minutes' walk to the NS train station, Schiphol",
schiphol,Thuận tiện (CVP 5),connectivity_desc,string,1,"Schiphol là 'Mainport' – đầu mối đa phương thức phục vụ ô tô, xe tải, tàu hoả và máy bay; khu văn phòng nằm sát nhà ga sân bay (301 điểm đến trực tiếp, 120 hãng bay), có ga NS nối Amsterdam và Rotterd",medium,S05,https://www.schiphol.nl/en/you-and-schiphol/facts-about-airport/,"A mainport is a hub for many different modes of transport. That includes cars, lorries and trains as well as planes. For example, the high-speed train to Paris ",
schiphol,Thuận tiện (CVP 5),connection_modes,string_list,1,"tàu hoả (ga NS ngay tại sân bay); tàu liên vận/cao tốc quốc tế (Intercity direct, tàu đi Paris); xe buýt (bến xe buýt Schiphol, tuyến 340 tại Schiphol Logistics Park); đường bộ cao tốc A4, A5, A9, A10",high,S03,https://www.schiphol.nl/en/real-estate/schiphol-business-district/,"The key to success lies in unparalleled accessibility through all modes of transportation (train, plane, bus, and car) and the rich array of facilities availabl",
schiphol,Thuận tiện (CVP 5),metro_lines,int,0,,,,,,"Tài liệu chỉ nhắc tới tuyến metro Amsterdam–Schiphol–Hoofddorp đang được nghiên cứu ('We are looking into a new metro line') và khả năng kéo dài Noord/Zuidlijn tới Hoofddorp — đây là kế hoạch tương lai, chưa phải tuyến metro đang vận hành phục vụ khu."
schiphol,Thuận tiện (CVP 5),rail_connections,string_list,1,Amsterdam - Schiphol Airport; Schiphol Airport - Amsterdam; Schiphol Airport - Rotterdam; Intercity direct; Tàu cao tốc Schiphol - Paris (9 chuyến/ngày),high,S26,https://www.ns.nl/en/travel/destinations/taking-the-train-to-the-airport,"Popular routes
Amsterdam - Schiphol Airport
Schiphol Airport - Amsterdam
Schiphol Airport - Rotterdam
All popular routes
Special routes
Intercity direct",
schiphol,Thương hiệu (CVP 6),cvp_brand,string_list,1,Royal Schiphol Group; Schiphol Real Estate; Schiphol Area Development Company (SADC),high,S02,https://www.schiphol.nl/en/real-estate/about-us/,The buildings and areas surrounding the airport are owned by Royal Schiphol Group. Schiphol Real Estate plays a significant role in this context.,
schiphol,Thương hiệu (CVP 6),brand_desc,string,1,"Thương hiệu được xây trên mô hình AirportCity của Royal Schiphol Group: sân bay không chỉ là hạ tầng hàng không mà là một đô thị sân bay với bất động sản, cửa hàng, khách sạn và nhà hàng; mô hình này ",medium,S09,https://www.schiphol.nl/en/schiphol-group/business-areas/,"Like Schiphol itself, the regional airports are developed on the AirportCity model: we invest in real estate and create an attractive range of shops, hotels and",
schiphol,Thương hiệu (CVP 6),brand_partners,string_list,1,KLM / Air France-KLM; Perfetti van Melle; Honeywell; Skyjob; LVNL; Hilton; Sheraton; Steigenberger; Radisson Blu; IBIS Styles; Regus; Spaces; The Office Operators; Starbucks; Albert Heijn (AH to go); ,high,S15,https://www.schiphol.nl/en/real-estate/schiphol-oost/,"International companies such as Perfetti van Melle, KLM, and Honeywell have established themselves here with satisfaction, as well as nationally operating compa",
schiphol,Tầm nhìn & bền vững,vision_label,string,1,Vision 2050,high,S11,https://www.schiphol.nl/en/schiphol-group/annual-reports/,"Vision 2050 describes our long-term ambition: Happy travellers, airlines and employees, in balance with our environment.",
schiphol,Tầm nhìn & bền vững,vision_qualities,string_list,1,Quality of Network (chất lượng mạng bay/kết nối); Quality of Life (chất lượng môi trường sống); Quality of Work (chất lượng việc làm); Quality of Service (chất lượng dịch vụ),high,S11,https://www.schiphol.nl/en/schiphol-group/annual-reports/,"The cornerstones of our Vision are the four Qualities - Quality of Network, Quality of Life, Quality of Work and Quality of Service.",
schiphol,Tầm nhìn & bền vững,aviation_policy,string,1,"Aviation Policy Memorandum 2020-2050 (Luchtvaartnota 2020-2050) – được Chính phủ Hà Lan thông qua tháng 5/2020, đặt ra điều kiện tiên quyết cho phát triển hàng không với 4 trọng tâm: an toàn trên khôn",high,S14,https://www.schiphol.nl/en/schiphol-group/strategy,"In May 2020, the government adopted the Aviation Policy Memorandum 2020-2050... The Aviation Policy Memorandum 2020-2050 sets out the preconditions for the futu",
schiphol,Tầm nhìn & bền vững,sustainability,string_list,1,"Chứng chỉ BREEAM làm chuẩn cho danh mục BĐS (WTC Schiphol Airport đạt BREEAM In-Use Very Good); BREEAM-NL Area Development mức 'Outstanding' (87,67%) cho Schiphol Trade Park – khu logistics bền vững n",high,S20,https://www.sadc.nl/schiphol-trade-park-the-worlds-most-sustainable-logistic-business-park/,"The Dutch Green Building Council (DGBC) has awarded Schiphol Trade Park the Outstanding BREEAM-NL certification, making it the world's first logistics business ",
schiphol,Khu chức năng chuyên biệt,logistics_park_name,string,1,Schiphol Logistics Park,high,S17,https://www.sadc.nl/locaties/schiphol-logistics-park/,Ten zuiden van luchthaven Schiphol ligt het hoogwaardige bedrijventerrein Schiphol Logistics Park.,
schiphol,Khu chức năng chuyên biệt,logistics_park_ha,float,1,43.0,high,S18,https://www.sadc.nl/locaties/schiphol-logistics-park/facts-figures/,"Totale oppervlakte van 43 hectare
Het bedrijventerrein bestaat uit een oostelijk en westelijk deel.",
schiphol,Khu chức năng chuyên biệt,trade_park_name,string,1,Schiphol Trade Park,high,S19,https://www.sadc.nl/were-hard-at-work-at-schiphol-trade-park/,"On the digital map of building plots at Schiphol Trade Park, there are still a lot of spaces marked in green, showing the message ‘available soon’.",
schiphol,Khu chức năng chuyên biệt,trade_park_ha,float,1,350.0,high,S19,https://www.sadc.nl/were-hard-at-work-at-schiphol-trade-park/,"There’s no doubt that there is plenty of demand for this 350-hectare site, just south of Hoofddorp and Schiphol.",
shanghai_hongqiao,Định danh,case_name,string,1,Shanghai Hongqiao,high,S01,https://en.shhqcbd.gov.cn/overview.html,Overview of Shanghai Hongqiao International Central Business District,
shanghai_hongqiao,Định danh,aerotropolis,string,1,Shanghai Hongqiao International Central Business District (Hongqiao CBD),high,S02,http://en.shhqcbd.gov.cn/2024-05/24/c_990100.htm,"Shanghai Hongqiao International Central Business District (CBD), the core area of the Hongqiao International Open Hub, is a center for high-end trade, services ",
shanghai_hongqiao,Định danh,country,string,1,Trung Quốc,high,S16,https://www.airport-technology.com/projects/shanghai-hongiao/,"Operator
Shanghai Airport Authority
Country
China",
shanghai_hongqiao,Định danh,is_target,bool,1,False,high,S01,https://en.shhqcbd.gov.cn/overview.html,Overview of Shanghai Hongqiao International Central Business District,
shanghai_hongqiao,Định danh,airport_name,string,1,Shanghai Hongqiao International Airport,high,S13,https://en.wikipedia.org/wiki/Shanghai_Hongqiao_International_Airport,Shanghai Hongqiao International Airport,
shanghai_hongqiao,Định danh,reference_city,string,1,Thượng Hải (Shanghai),high,S08,https://english.shanghai.gov.cn/en-NationalDevelopmentZone/20231211/ecf9d8dc8b544a29af71c9c5bb858676.html,"The Hongqiao International Central Business District (CBD) is located to the west of downtown Shanghai, covering a total area of 151.4 square kilometers.",
shanghai_hongqiao,Định danh,official_website,string,1,https://en.shhqcbd.gov.cn,high,S01,https://en.shhqcbd.gov.cn/overview.html,url: https://en.shhqcbd.gov.cn/overview.html,
shanghai_hongqiao,Vị trí & lịch sử,location_desc,string,1,"Nằm ở phía tây khu trung tâm Thượng Hải, cách trung tâm 13 km; trải trên các quận Minhang, Changning, Qingpu và Jiading, lấy Hongqiao Comprehensive Transportation Hub (sân bay Hongqiao + ga đường sắt ",high,S11,https://regional.chinadaily.com.cn/hongqiaocbd/2016-03/31/c_50614.htm,"Hongqiao CBD is situated in downtown Shanghai, with huge swathes of land to its west as its hinterland. No more than 300 kilometers away from dozens of major ci",
shanghai_hongqiao,Vị trí & lịch sử,distance_to_city_km,float,1,13.0,high,S16,https://www.airport-technology.com/projects/shanghai-hongiao/,"Located 13km west of downtown Shanghai, Shanghai Hongqiao International Airport is China's first civilian airport.",
shanghai_hongqiao,Vị trí & lịch sử,area_km2,float,1,151.4,high,S02,http://en.shhqcbd.gov.cn/2024-05/24/c_990100.htm,"Covering 151.4 square kilometers across Minhang, Changning, Qingpu, and Jiading, the CBD includes six sub-districts and towns",
shanghai_hongqiao,Vị trí & lịch sử,airport_build_period,string,1,1929-nay,medium,S13,https://en.wikipedia.org/wiki/Shanghai_Hongqiao_International_Airport,"Airports established in 1929
1929 establishments in China",
shanghai_hongqiao,Vị trí & lịch sử,urban_build_period,string,1,2009-nay,high,S09,https://www.investsh.org.cn/invest/policy/en/view/D3EFFB73-594E-4D3C-B4F2-FFD553A4365E,"Since the launch of its planning and development in 2009, Hongqiao Central Business District has focused on the development of headquarters economy and the mode",
shanghai_hongqiao,Vị trí & lịch sử,founded_year,int,1,1929,medium,S13,https://en.wikipedia.org/wiki/Shanghai_Hongqiao_International_Airport,"Airports established in 1929
1929 establishments in China",
shanghai_hongqiao,Vị trí & lịch sử,development_context,string,1,Ý tưởng Hongqiao Comprehensive Transportation Hub được Bộ Đường sắt Trung Quốc và chính quyền thành phố Thượng Hải chính thức đưa ra năm 2005; khu CBD được thành lập năm 2010 và là nền tảng mới trong ,high,S09,https://www.investsh.org.cn/invest/policy/en/view/D3EFFB73-594E-4D3C-B4F2-FFD553A4365E,Hongqiao Central Business District is a new platform specified in China's Planning work for the Integrated Development of the Yangtze River Delta Region and wil,
shanghai_hongqiao,Định vị & quy hoạch,positioning,string,1,"Trung tâm thương mại - dịch vụ - hội chợ triển lãm cao cấp, lõi của Hongqiao International Open Hub; hướng tới trở thành trung tâm thương mại quốc tế trình độ cao có định hướng toàn cầu, động lực phát",high,S02,http://en.shhqcbd.gov.cn/2024-05/24/c_990100.htm,"Shanghai Hongqiao International Central Business District (CBD), the core area of the Hongqiao International Open Hub, is a center for high-end trade, services ",
shanghai_hongqiao,Định vị & quy hoạch,planning_concept,string,1,"Mô hình tổng thể ""1+4"" - ""Một lõi, Bốn khu"" (One core, Four areas); ở quy mô mở rộng 535 km² là khung không gian ""một lõi, hai trục, bốn khu, năm vành đai xanh, ba vùng đất ngập nước và tám cụm ngành""",high,S01,https://en.shhqcbd.gov.cn/overview.html,"the Hongqiao International Central Business District covers 151.4 square kilometers, forming a so-called 1+4 overall pattern, meaning ""One core, Four areas"".",
shanghai_hongqiao,Định vị & quy hoạch,cornerstones,string_list,1,thương mại quốc tế; du lịch MICE (hội nghị - triển lãm); logistics/kho vận hiện đại; dịch vụ hàng không; định vị vệ tinh (Beidou); y dược và chăm sóc sức khoẻ; văn hoá - sáng tạo; dịch vụ chuyên nghiệ,high,S09,https://www.investsh.org.cn/invest/policy/en/view/D3EFFB73-594E-4D3C-B4F2-FFD553A4365E,"given priorities to international trade, MICE tourism, modern logistics, aviation services, satellite navigation, medicine and health care, culture and creative",
shanghai_hongqiao,Định vị & quy hoạch,subzones,string_list,1,"Khu lõi (core area); South Hongqiao (khu vực Minhang); East Hongqiao (khu vực Changning, gồm khu sân bay); West Hongqiao (khu vực Qingpu); North Hongqiao (khu vực Jiading)",high,S08,https://english.shanghai.gov.cn/en-NationalDevelopmentZone/20231211/ecf9d8dc8b544a29af71c9c5bb858676.html,"The ""Four areas"" are the South Hongqiao Area, the East Hongqiao Area, the West Hongqiao Area and the North Hongqiao Area.",
shanghai_hongqiao,Chỉ số quy mô,passengers_million,float,1,50.151025,high,S13,https://en.wikipedia.org/wiki/Shanghai_Hongqiao_International_Airport,"In 2025, Hongqiao Airport handled 50,151,025 passengers",
shanghai_hongqiao,Chỉ số quy mô,cargo_million_tonnes,float,1,0.4452655,high,S13,https://en.wikipedia.org/wiki/Shanghai_Hongqiao_International_Airport,"Cargo (Tonnes)
445,265.5",
shanghai_hongqiao,Chỉ số quy mô,air_movements,int,1,282692,high,S13,https://en.wikipedia.org/wiki/Shanghai_Hongqiao_International_Airport,"Aircraft movements
282,692",
shanghai_hongqiao,Chỉ số quy mô,destinations,int,1,63,high,S13,https://en.wikipedia.org/wiki/Shanghai_Hongqiao_International_Airport,"As of 2026, Hongqiao Airport hosted 25 airlines serving 63 scheduled passenger destinations",
shanghai_hongqiao,Chỉ số quy mô,airlines,int,1,25,high,S13,https://en.wikipedia.org/wiki/Shanghai_Hongqiao_International_Airport,"As of 2026, Hongqiao Airport hosted 25 airlines serving 63 scheduled passenger destinations",
shanghai_hongqiao,Chỉ số quy mô,transfer_pct,float,0,,,,,,Tài liệu không nêu tỷ lệ hành khách trung chuyển (transfer) của sân bay Hongqiao.
shanghai_hongqiao,Chỉ số quy mô,airport_area_ha,float,0,,,,,,"Tài liệu S16 có mục 'Total Area' nhưng giá trị bị cắt, không có con số diện tích khuôn viên sân bay nào được nêu rõ."
shanghai_hongqiao,Chỉ số quy mô,employees,int,0,,,,,,Không có nguồn nào nêu số người làm việc trong khu Hongqiao CBD.
shanghai_hongqiao,Chỉ số quy mô,num_companies_airport,int,0,,,,,,Không có số liệu về số doanh nghiệp hoạt động tại sân bay Hongqiao.
shanghai_hongqiao,Chỉ số quy mô,num_companies_realestate,int,0,,,,,,"Tài liệu chỉ nêu 283 trụ sở cấp thành phố và hơn 7.000 doanh nghiệp kinh tế số trong khu, không phải số doanh nghiệp thuê bất động sản."
shanghai_hongqiao,Chỉ số quy mô,num_office_buildings,int,0,,,,,,Không có nguồn nêu số toà nhà văn phòng trong khu.
shanghai_hongqiao,Chỉ số quy mô,jobs_created,int,0,,,,,,Không có nguồn nêu số việc làm đã tạo hoặc dự kiến.
shanghai_hongqiao,Đầu tư & quản trị,total_investment_usd,string,1,"hơn 100 tỷ nhân dân tệ (khoảng 15,34 tỷ USD) cho hạ tầng và các dự án xây dựng",high,S11,https://regional.chinadaily.com.cn/hongqiaocbd/2016-03/31/c_50614.htm,possessing infrastructure and construction projects with a total investment of more than 100 billion yuan ($15.34 billion),
shanghai_hongqiao,Đầu tư & quản trị,investor_governance,string,1,Do nhà nước dẫn dắt: Shanghai Hongqiao International Central Business District Administrative Committee (Uỷ ban quản lý khu) điều hành quy hoạch và phát triển khu; việc xây dựng và phát triển Hongqiao,high,S14,https://en.wikipedia.org/wiki/Hongqiao_transportation_hub,"Shanghai Rainbow Investment Corp.
was founded in 2006 by Shanghai government to be the sole authorized entity in charge of the construction and development proj",
shanghai_hongqiao,Đầu tư & quản trị,gov_led_ratio_pct,float,0,,,,,,Tài liệu không nêu tỷ lệ phần trăm vốn/vai trò do nhà nước dẫn dắt.
shanghai_hongqiao,Đầu tư & quản trị,private_ratio_pct,float,0,,,,,,Tài liệu không nêu tỷ lệ phần trăm khu vực tư nhân.
shanghai_hongqiao,Đầu tư & quản trị,lead_developer,string,1,Shanghai Hongqiao International Central Business District Administrative Committee (Uỷ ban quản lý khu) cùng Shanghai Rainbow Investment Corp. (Shanghai Shen-Hong) phụ trách xây dựng và phát triển hub,medium,S10,https://english.shanghai.gov.cn/en-ForumHighlights/20250529/4c7a3882ef034784ba78bc797b216059.html,"said Kong Fu'an, Party secretary and executive deputy director of the Shanghai Hongqiao International Central Business District Administrative Committee.",
shanghai_hongqiao,Sản phẩm (CVP 1),cvp_product,string_list,1,văn phòng trụ sở/tổ hợp thương mại cao cấp (headquarters economy và high-end business clusters); không gian triển lãm – hội chợ (National Exhibition and Convention Center); trung tâm trưng bày & giao ,medium,S08,https://english.shanghai.gov.cn/en-NationalDevelopmentZone/20231211/ecf9d8dc8b544a29af71c9c5bb858676.html,"it focuses on promoting the development of the headquarters economy and high-end business clusters, improving and optimizing the functions of the transportation",
shanghai_hongqiao,Sản phẩm (CVP 1),commercial_re,string_list,1,văn phòng; khách sạn; quảng trường thương mại/bán lẻ (commercial plaza); trung tâm hội chợ – triển lãm (exhibition halls); kho vận bảo thuế (bonded logistics center Type B),medium,S12,https://www.ciie.org/zbh/en/AboutUs/Venueen/,"Facilities at NECC (Shanghai) include exhibition halls, the commercial plaza, office buildings and a hotel.",
shanghai_hongqiao,Sản phẩm (CVP 1),economic_zone_name,string,1,Hongqiao International Open Hub / Hongqiao International Central Business District,medium,S02,http://en.shhqcbd.gov.cn/2024-05/24/c_990100.htm,"Shanghai Hongqiao International Central Business District (CBD), the core area of the Hongqiao International Open Hub, is a center for high-end trade, services ",
shanghai_hongqiao,Sản phẩm (CVP 1),economic_zone_year,int,0,,,,,,"Tài liệu chỉ nói ""được chỉ định là lõi của Hongqiao International Opening-up Hub năm năm trước"" (bài đăng 23/3/2026) chứ không nêu trực tiếp năm thành lập đặc khu."
shanghai_hongqiao,Sản phẩm (CVP 1),residential_product_desc,string,1,"Sẽ bổ sung thêm nhà ở cho thuê giá phải chăng (affordable rental housing) phục vụ nhân lực đổi mới sáng tạo trẻ, chuyên gia, cư dân quốc tế và người dân địa phương",medium,S03,http://en.shhqcbd.gov.cn/2025-09/12/c_1125212.htm,"More affordable rental housing will support young innovators, professionals, international residents and locals.",
shanghai_hongqiao,Sản phẩm (CVP 1),residential_highrise_pct,float,0,,,,,,Tài liệu không nêu tỷ lệ sản phẩm nhà ở cao tầng.
shanghai_hongqiao,Sản phẩm (CVP 1),residential_lowrise_pct,float,0,,,,,,Tài liệu không nêu tỷ lệ sản phẩm nhà ở thấp tầng.
shanghai_hongqiao,Sản phẩm (CVP 1),residential_land_pct,float,0,,,,,,Tài liệu không nêu tỷ lệ sản phẩm đất nền.
shanghai_hongqiao,Sản phẩm (CVP 1),basic_amenities,string_list,1,giáo dục chất lượng cao; y tế; cơ sở văn hoá và thể thao; công viên và đường đi bộ xanh (green ecological loop of parks and pathways); hầm đi bộ ngầm và cầu đi bộ trên cao,medium,S03,http://en.shhqcbd.gov.cn/2025-09/12/c_1125212.htm,"Public services, including high-quality education, healthcare and cultural and sports facilities, will be expanded around the CBD core and Suzhou Creek waterfro",
shanghai_hongqiao,Sản phẩm (CVP 1),highlight_amenities,string_list,1,National Exhibition and Convention Center (Shanghai); Hongqiao Pinhui (Hongqiao Import Commodity Exhibition and Trade Center); Hongqiao Comprehensive Transportation Hub; Suzhou Creek riverside green c,medium,S03,http://en.shhqcbd.gov.cn/2025-09/12/c_1125212.htm,"Key sites include the Hongqiao transportation hub, the Suzhou Creek riverside green center and the National Exhibition and Convention Center (Shanghai).",
shanghai_hongqiao,Giá (CVP 2),cvp_price,string,1,"Thu hút doanh nghiệp bằng cơ chế ưu đãi tài chính: quỹ phát triển chuyên biệt 2 tỷ RMB, trợ giá tiền thuê văn phòng 3 năm, miễn phí mặt bằng văn phòng 3 năm tại Hongqiao Overseas Trade Center, trợ cấp",medium,S09,https://www.investsh.org.cn/invest/policy/en/view/D3EFFB73-594E-4D3C-B4F2-FFD553A4365E,Hongqiao Overseas Trade Center provides rent-free office space for three years and a start-up subsidy of up to RMB1.5 million for eligible overseas non-profit t,
shanghai_hongqiao,Giá (CVP 2),office_rent_eur_m2_year,object,0,,,,,,Tài liệu không có dòng chào giá thuê văn phòng theo EUR/m²/năm.
shanghai_hongqiao,Giá (CVP 2),cvp_price_note,string,1,"Các khoản hỗ trợ ghi bằng nhân dân tệ (RMB); về nguyên tắc mỗi dự án chỉ được áp dụng một hình thức hỗ trợ và doanh nghiệp phải đáp ứng định hướng chức năng, ngành nghề cùng các tiêu chuẩn nhất định",medium,S09,https://www.investsh.org.cn/invest/policy/en/view/D3EFFB73-594E-4D3C-B4F2-FFD553A4365E,"(in principle, only one form of support will be applied)",
shanghai_hongqiao,Giá (CVP 2),price_vs_reference,string,1,"Có lợi thế chi phí tương đối so với khu trung tâm Thượng Hải: khu dùng chung hạ tầng của khu trung tâm thành phố, góp phần giảm chi phí vận hành cho doanh nghiệp",medium,S11,https://regional.chinadaily.com.cn/hongqiaocbd/2016-03/31/c_50614.htm,Hongqiao CBD shares the infrastructure of Shanghai’s downtown area and also possessing infrastructure and construction projects with a total investment of more ,
shanghai_hongqiao,Giá (CVP 2),living_fee_usd_per_m2_month,string,0,,,,,,Tài liệu không nêu mức phí quản lý/duy trì theo USD/m²/tháng.
shanghai_hongqiao,Giá (CVP 2),has_urban_service_fee,bool,0,,,,,,Không có bằng chứng trong tài liệu về việc thu phí dịch vụ đô thị.
shanghai_hongqiao,Giá (CVP 2),sales_scheme,string,1,Mô hình B2B thu hút doanh nghiệp thuê/đặt trụ sở kèm trợ giá thuê và trợ cấp khởi nghiệp; các dự án lõi đã xác định nhà phát triển và đang triển khai xây dựng,low,S03,http://en.shhqcbd.gov.cn/2025-09/12/c_1125212.htm,"Core projects have identified developers and are advancing towards construction, with operations expected during the 15th Five-Year period",
shanghai_hongqiao,Dịch vụ (CVP 3),cvp_service,string_list,1,"dịch vụ hỗ trợ doanh nghiệp vươn ra toàn cầu (sự kiện kết nối, hỗ trợ đăng ký làm nhà cung ứng của Liên Hợp Quốc); trung tâm dịch vụ dữ liệu xuyên biên giới với đường truyền internet quốc tế tốc độ ca",medium,S09,https://www.investsh.org.cn/invest/policy/en/view/D3EFFB73-594E-4D3C-B4F2-FFD553A4365E,We will set up a service window for foreigners to apply for a permit to work in China... We will provide services for trademark registration (including the Madr,
shanghai_hongqiao,Dịch vụ (CVP 3),airport_privilege,string,0,,,,,,"Tài liệu không nêu ưu đãi sân bay (fast track, ưu đãi vé, priority) dành riêng cho cư dân/doanh nghiệp trong khu."
shanghai_hongqiao,Dịch vụ (CVP 3),has_airport_privilege,bool,0,,,,,,Không có bằng chứng trong tài liệu về đặc quyền sân bay cho cư dân/doanh nghiệp trong khu.
shanghai_hongqiao,Dịch vụ (CVP 3),smart_city,string,1,"Khu được xác định là khu trình diễn phát triển carbon thấp và thành phố thông minh; quỹ phát triển chuyên biệt ưu tiên các dự án thúc đẩy khu thực hành carbon thấp, thành phố sinh thái xanh mẫu mực và",high,S11,https://regional.chinadaily.com.cn/hongqiaocbd/2016-03/31/c_50614.htm,Hongqiao CBD is the key functional area defined in the city’s “12th Five-Year Plan” (2011-15) and the demonstration area of low-carbon development and the smart,
shanghai_hongqiao,Dịch vụ (CVP 3),has_smart_city,bool,1,True,high,S09,https://www.investsh.org.cn/invest/policy/en/view/D3EFFB73-594E-4D3C-B4F2-FFD553A4365E,"promote low-carbon practice area, green ecological demonstration city and smart Hongqiao, and gather innovative and entrepreneurial talents",
shanghai_hongqiao,Trải nghiệm (CVP 4),cvp_experience,string_list,1,"China International Import Expo (CIIE) và các triển lãm quốc tế tại National Exhibition and Convention Center; triển lãm chuyên đề (kinh tế tầm thấp, năng lượng mới, lái xe thông minh, du lịch thời tr",medium,S10,https://english.shanghai.gov.cn/en-ForumHighlights/20250529/4c7a3882ef034784ba78bc797b216059.html,"So far, Hongqiao CBD has 24 underground pathways and 13 skywalks within the core CBD area, and so people can easily access any of the buildings and metro statio",
shanghai_hongqiao,Trải nghiệm (CVP 4),experience_desc,string,1,Đời sống trong khu xoay quanh hệ sinh thái hội chợ – triển lãm: CIIE tổ chức thường niên tại NECC thu hút đông đảo nhà trưng bày và khách mua trong nước lẫn quốc tế; năm 2025 khu tổ chức 382 sự kiện h,medium,S10,https://english.shanghai.gov.cn/en-ForumHighlights/20250529/4c7a3882ef034784ba78bc797b216059.html,"""I often hear people say that the skywalks offer a refreshing experience with changing scenery, making long walks feel less tiring and more enjoyable,"" she said",
shanghai_hongqiao,Thuận tiện (CVP 5),cvp_convenience,string_list,1,"hub giao thông tổng hợp lớn nhất thế giới tích hợp hàng không, đường sắt cao tốc, đường sắt liên tỉnh, xe khách đường dài, metro, xe buýt, taxi; 1 giờ đường sắt tới trung tâm Thượng Hải; 2 giờ đường s",high,S04,https://en.shhqcbd.gov.cn/2026-03/19/c_1170683.htm,"It provides one-hour rail access to central Shanghai, two-hour high-speed rail connections to major cities in the Yangtze River Delta, and three-hour flights to",
shanghai_hongqiao,Thuận tiện (CVP 5),connectivity_desc,string,1,"Hongqiao Comprehensive Transportation Hub là tổ hợp giao thông tích hợp lớn nhất Trung Quốc và bận rộn nhất thế giới, đón tổng cộng 422 triệu lượt khách trong năm qua; tích hợp hàng không, đường sắt, ",high,S04,https://en.shhqcbd.gov.cn/2026-03/19/c_1170683.htm,"The high-speed rail network now connects in six directions, providing access to 25 cities in the Yangtze River Delta region within two hours. This covers 60 per",
shanghai_hongqiao,Thuận tiện (CVP 5),connection_modes,string_list,1,hàng không; đường sắt cao tốc; đường sắt liên tỉnh; đường sắt ngoại ô (Airport Link Line); metro; xe buýt; xe khách đường dài; taxi/gọi xe công nghệ; cao tốc/đường trên cao,high,S04,https://en.shhqcbd.gov.cn/2026-03/19/c_1170683.htm,"The hub seamlessly integrates various modes of transportation, including air, rail, long-distance buses, suburban railways, metro lines, buses, and ride-hailing",
shanghai_hongqiao,Thuận tiện (CVP 5),metro_lines,int,1,3,high,S14,https://en.wikipedia.org/wiki/Hongqiao_transportation_hub,"There are currently three metro lines serving the hub: Line 2, Line 10 and Line 17.",
shanghai_hongqiao,Thuận tiện (CVP 5),rail_connections,string_list,1,Shanghai–Nanjing intercity railway; Shanghai–Hangzhou high-speed railway; Beijing–Shanghai high-speed railway; Nantong–Shanghai railway; Shanghai–Huzhou high-speed railway; Airport Link line; Jiamin l,high,S15,https://en.wikipedia.org/wiki/Shanghai_Hongqiao_railway_station,"Lines
Shanghai–Nanjing intercity railway
Shanghai–Hangzhou high-speed railway
Beijing–Shanghai high-speed railway
Nantong–Shanghai railway
Shanghai–Huzhou high-",
shanghai_hongqiao,Thương hiệu (CVP 6),cvp_brand,string_list,1,Shanghai Hongqiao International Central Business District Administrative Committee; Chính quyền nhân dân thành phố Thượng Hải (Shanghai Municipal People's Government); Shanghai Rainbow Investment Corp,medium,S14,https://en.wikipedia.org/wiki/Hongqiao_transportation_hub,"Shanghai Rainbow Investment Corp.
was founded in 2006 by Shanghai government to be the sole authorized entity in charge of the construction and development proj",
shanghai_hongqiao,Thương hiệu (CVP 6),brand_desc,string,1,"Định vị là lõi của Hongqiao International Open Hub và trung tâm thương mại – dịch vụ – hội chợ cao cấp mang tầm quốc tế; thương hiệu được xây dựng dựa trên hub giao thông tổng hợp, năng lực tổ chức hộ",high,S01,https://en.shhqcbd.gov.cn/overview.html,"The Shanghai Hongqiao International Central Business District is known for its comprehensive transportation hub, convention and exhibition hosting capabilities,",
shanghai_hongqiao,Thương hiệu (CVP 6),brand_partners,string_list,1,China International Import Expo (CIIE); National Exhibition and Convention Center (Shanghai); Porsche; Maybach; China Eastern Airlines; Baoye Group; AutoFlight; TCab Tech; Vertaxi; Volant,medium,S05,http://en.shhqcbd.gov.cn/2026-02/09/c_1160377.htm,"the CBD secured five high-quality projects worth approximately $30 million, featuring well-known brands such as Porsche and Maybach, amplifying the expo's spill",
shanghai_hongqiao,Tầm nhìn & bền vững,vision_label,string,1,2035 goal for Hongqiao International Open Hub,medium,S01,https://en.shhqcbd.gov.cn/overview.html,Plan sets 2035 goal for Hongqiao International Open Hub,
shanghai_hongqiao,Tầm nhìn & bền vững,vision_qualities,string_list,1,trung tâm thương mại quốc tế cấp cao với định hướng toàn cầu; động lực phát triển tích hợp chất lượng cao cho vùng đồng bằng Trường Giang; khu thương mại quốc tế theo chuẩn mực cao; nền tảng tổng hợp ,high,S02,http://en.shhqcbd.gov.cn/2024-05/24/c_990100.htm,"the Hongqiao CBD is evolving into a high-level international trade hub with global orientation, a high-quality integrated development engine for the Yangtze Riv",
shanghai_hongqiao,Tầm nhìn & bền vững,aviation_policy,string,1,"Quy hoạch phát triển tích hợp Hongqiao International Central Business District và vùng phụ cận (công bố 9/2025, phạm vi 535 km², triển khai theo Kế hoạch 5 năm lần thứ 15 giai đoạn 2026-30 và lần thứ ",medium,S03,http://en.shhqcbd.gov.cn/2025-09/12/c_1125212.htm,Implementation will follow municipal guidance and the 15th (2026-30) and 16th (2031-35) Five-Year Plans.,
shanghai_hongqiao,Tầm nhìn & bền vững,sustainability,string_list,1,"khu trình diễn phát triển carbon thấp và thành phố thông minh; 100% công trình trong khu lõi tuân thủ nguyên tắc thiết kế công trình xanh; 13 lô đất/2,12 triệu m² đạt chứng nhận kép LEED và China Gree",high,S10,https://english.shanghai.gov.cn/en-ForumHighlights/20250529/4c7a3882ef034784ba78bc797b216059.html,"In the core area of Hongqiao CBD, every building has been built in 100 percent compliance with green building design principles. Projects on 13 plots totaling 2",
shanghai_hongqiao,Khu chức năng chuyên biệt,logistics_park_name,string,1,Hongqiao Bonded Logistics Center (Type B),medium,S05,http://en.shhqcbd.gov.cn/2026-02/09/c_1160377.htm,A staff member transports cross-border e-commerce goods at the Hongqiao Bonded Logistics Center (Type B) in Shanghai.,
shanghai_hongqiao,Khu chức năng chuyên biệt,logistics_park_ha,float,0,,,,,,Tài liệu nhắc tới Hongqiao Bonded Logistics Center (Type B) nhưng không nêu diện tích.
shanghai_hongqiao,Khu chức năng chuyên biệt,trade_park_name,string,1,Hongqiao Import Commodity Exhibition and Trade Center (Hongqiao Pinhui),high,S06,http://en.shhqcbd.gov.cn/2024-11/04/c_1043634.htm,"The 130,000-square-meter Building B of the Hongqiao Import Commodity Exhibition and Trade Center, also known as Hongqiao Pinhui, is set to be put into use on No",
shanghai_hongqiao,Khu chức năng chuyên biệt,trade_park_ha,float,1,13.0,medium,S06,http://en.shhqcbd.gov.cn/2024-11/04/c_1043634.htm,"The 130,000-square-meter Building B of the Hongqiao Pinhui is set to open on Nov 7.",
stockholm,Định danh,case_name,string,1,Airport City Stockholm,high,S12,https://www.spacescape.se/airport-city-stockholm-varldens-forsta-riktiga-flygplatsstad/,"Airport City Stockholm är ett samarbetsprojekt mellan Sigtuna kommun, Swedavia och Arlandastad Holding med uppdrag att utveckla ett 800 hektar stort område mell",
stockholm,Định danh,aerotropolis,string,1,Airport City Stockholm,high,S01,https://www.swedavia.com/future-airports/stockholm-arlanda-airport/Airport-city/,"The new city centre taking shape at Stockholm Arlanda Airport is part of Airport City Stockholm, a development project run jointly by Swedavia, the Municipality",
stockholm,Định danh,country,string,1,Thụy Điển (Sweden),high,S15,https://siteselection.com/stockholm-to-unveil-its-new-airport-city-development/,"Sitting in Sweden’s Sigtuna kommun district, the new 800-hectare Airport City Stockholm will be developed around the country’s largest airport, Stockholm Arland",
stockholm,Định danh,is_target,bool,1,False,medium,baseline,,,
stockholm,Định danh,airport_name,string,1,Stockholm Arlanda Airport,high,S06,https://www.swedavia.com/arlanda/about-the-airport/,"Stockholm Arlanda Airport is Sweden's largest airport, and is a juncture between Stockholm and other Swedish cities as well as the rest of the world.",
stockholm,Định danh,reference_city,string,1,Stockholm,high,S15,https://siteselection.com/stockholm-to-unveil-its-new-airport-city-development/,"Meanwhile, Stockholm itself is Scandinavia’s largest city and is known as a dynamic centre for business, innovation, entrepreneurship and research and developme",
stockholm,Định danh,official_website,string,0,,,,,,"Tài liệu chỉ có các trang của Swedavia và Arlandastad Group, không nêu địa chỉ trang chủ chính thức riêng của Airport City Stockholm."
stockholm,Vị trí & lịch sử,location_desc,string,1,"Nằm trong Sigtuna kommun, trải trên khu vực giữa sân bay Arlanda và Rosersberg, ngay sát các nhà ga hành khách của Stockholm Arlanda Airport, kề đường cao tốc E4 và nằm giữa Stockholm với Uppsala.",high,S12,https://www.spacescape.se/airport-city-stockholm-varldens-forsta-riktiga-flygplatsstad/,med uppdrag att utveckla ett 800 hektar stort område mellan Arlanda flygplats och Rosersberg,
stockholm,Vị trí & lịch sử,distance_to_city_km,float,0,,,,,,"Tài liệu chỉ nêu thời gian đi Arlanda Express 18 phút từ Stockholm Central, không nêu khoảng cách theo km."
stockholm,Vị trí & lịch sử,area_km2,float,1,8.0,high,S15,https://siteselection.com/stockholm-to-unveil-its-new-airport-city-development/,"Sitting in Sweden’s Sigtuna kommun district, the new 800-hectare Airport City Stockholm will be developed around the country’s largest airport, Stockholm Arland",
stockholm,Vị trí & lịch sử,airport_build_period,string,1,1962-nay,medium,S06,https://www.swedavia.com/arlanda/about-the-airport/,"On April 1, 1962, “Stockholm-Arlanda Airport” is officially declared open by King Gustav VI Adolf. International flights are moved from Bromma to Stockholm Arla",
stockholm,Vị trí & lịch sử,urban_build_period,string,1,2013-nay,low,S12,https://www.spacescape.se/airport-city-stockholm-varldens-forsta-riktiga-flygplatsstad/,"Publicerad den 6 mars, 2013 ... Airport City Stockholm är ett samarbetsprojekt mellan Sigtuna kommun, Swedavia och Arlandastad Holding",
stockholm,Vị trí & lịch sử,founded_year,int,1,1962,high,S06,https://www.swedavia.com/arlanda/about-the-airport/,"On April 1, 1962, “Stockholm-Arlanda Airport” is officially declared open by King Gustav VI Adolf.",
stockholm,Vị trí & lịch sử,development_context,string,1,"Swedavia đặt hướng phát triển dài hạn cho Stockholm Arlanda trong 30 năm với gói đầu tư 13 tỷ SEK nhằm mở rộng công suất, tăng hiệu quả và nâng trải nghiệm hành khách, đồng thời hình thành khu đô thị ",high,S10,https://www.swedavia.com/about-swedavia/for-press/historical-investment-plan-to-ensure-swedish-air-travel-connections/,Swedavia has determined the direction of Stockholm Arlanda Airport’s continued development at a comprehensive level over the next 30 years. ... the development ,
stockholm,Định vị & quy hoạch,positioning,string,1,"Thành phố sân bay (airport city) hướng tới trở thành một trong những dự án khu đô thị sân bay thân thiện môi trường và bền vững nhất thế giới, cạnh tranh với Frankfurt, Hong Kong và Amsterdam Schiphol",high,S15,https://siteselection.com/stockholm-to-unveil-its-new-airport-city-development/,"Airport City Stockholm’s unique vision is to become one of the most eco-friendly and sustainable airport city developments in the world, with an ultimate ambiti",
stockholm,Định vị & quy hoạch,planning_concept,string,1,"Chiến lược quy hoạch đô thị tạo môi trường đô thị thực thụ, lấy không gian công cộng làm trọng tâm để tạo điều kiện cho gặp gỡ và tăng trưởng; các nguyên tắc phát triển bền vững dựa trên hệ chứng chỉ ",high,S12,https://www.spacescape.se/airport-city-stockholm-varldens-forsta-riktiga-flygplatsstad/,"Riktlinjerna baseras på certifieringssystemen Breeam Communities och Leed Neighborhood, och målet är att hela flygplatsstaden ska kunna certifieras.",
stockholm,Định vị & quy hoạch,cornerstones,string_list,1,nghiên cứu và phát triển (R&D); đường thử xe (test tracks); giáo dục và hội nghị; nhà hàng; bán lẻ/mua sắm; giải trí - nghỉ dưỡng,high,S15,https://siteselection.com/stockholm-to-unveil-its-new-airport-city-development/,"the project will primarily focus on research and development activities, test tracks, education and conferences, restaurants, shopping and recreation.",
stockholm,Định vị & quy hoạch,subzones,string_list,1,Sky City; Park City; DriveLAB Stockholm; Märsta Business Area; Cargo City; Rosersberg Logistics,high,S15,https://siteselection.com/stockholm-to-unveil-its-new-airport-city-development/,The development will be split into six different areas. These include Sky City; Park City; DriveLAB Stockholm; Märsta Business Area; Cargo City and Rosersberg L,
stockholm,Chỉ số quy mô,passengers_million,float,1,24.294277,medium,S14,https://en.wikipedia.org/wiki/Stockholm_Arlanda_Airport,"2025
4,112,244
28,9%
20,182,033
3,2%
24,294,277
6.8%",
stockholm,Chỉ số quy mô,cargo_million_tonnes,float,0,,,,,,"Tài liệu chỉ nêu sản lượng hàng hoá tăng 5% năm 2025, không có con số tuyệt đối theo tấn."
stockholm,Chỉ số quy mô,air_movements,int,1,100932,medium,S14,https://en.wikipedia.org/wiki/Stockholm_Arlanda_Airport,"Aircraft movements
100,932
Movements change 24–25
6.0%",
stockholm,Chỉ số quy mô,destinations,int,1,163,high,S06,https://www.swedavia.com/arlanda/about-the-airport/,"In 2025 Stockholm Arlanda Airport offered 163 direct destinations, of which 138 were abroad and 25 were domestic.",
stockholm,Chỉ số quy mô,airlines,int,0,,,,,,"Tài liệu chỉ nêu số hãng bay MỚI (8 hãng mới toàn Swedavia, 4 hãng tại Arlanda năm 2025), không nêu tổng số hãng khai thác."
stockholm,Chỉ số quy mô,transfer_pct,float,0,,,,,,Tài liệu không nêu tỷ lệ hành khách transfer.
stockholm,Chỉ số quy mô,airport_area_ha,float,1,2500.0,medium,S14,https://en.wikipedia.org/wiki/Stockholm_Arlanda_Airport,"The facility covers an expanse of about
2,500 hectares (9.7",
stockholm,Chỉ số quy mô,employees,int,1,20000,medium,S15,https://siteselection.com/stockholm-to-unveil-its-new-airport-city-development/,"Currently 20,000 people work in the Airport City area, but this is expected to increase to 50,000 within the next decade.",
stockholm,Chỉ số quy mô,num_companies_airport,int,1,600,high,S06,https://www.swedavia.com/arlanda/about-the-airport/,"There are some 600 companies and organisations with about 15,000 employees at Stockholm Arlanda Airport.",
stockholm,Chỉ số quy mô,num_companies_realestate,int,1,250,medium,S15,https://siteselection.com/stockholm-to-unveil-its-new-airport-city-development/,in fact more than 250 companies have already found their way to Airport City Stockholm,
stockholm,Chỉ số quy mô,num_office_buildings,int,0,,,,,,"Tài liệu chỉ nhắc tới toà Office One đã khánh thành 2019 và một toà văn phòng khác đang trong kế hoạch, không nêu tổng số toà nhà văn phòng."
stockholm,Chỉ số quy mô,jobs_created,int,1,50000,medium,S15,https://siteselection.com/stockholm-to-unveil-its-new-airport-city-development/,"Currently 20,000 people work in the Airport City area, but this is expected to increase to 50,000 within the next decade.",
stockholm,Đầu tư & quản trị,total_investment_usd,string,1,"SEK 13 billion (13 tỷ krona Thụy Điển) cho giai đoạn 2014–2043, trong đó gần SEK 7 billion dành cho giai đoạn đầu; nguồn không quy đổi ra USD",high,S10,https://www.swedavia.com/about-swedavia/for-press/historical-investment-plan-to-ensure-swedish-air-travel-connections/,"capital spending for terminal development for the period 2014-2043 is estimated to be about SEK 13 billion, with just under SEK 7 billion of this allocated for ",
stockholm,Đầu tư & quản trị,investor_governance,string,1,"Mô hình hợp tác công - tư (PPP): dự án phát triển chung giữa Swedavia (doanh nghiệp nhà nước vận hành sân bay, qua Swedavia Real Estate), Municipality of Sigtuna (chính quyền địa phương) và Arlandasta",high,S15,https://siteselection.com/stockholm-to-unveil-its-new-airport-city-development/,"It is the brainchild of a PPP comprising Swedavia – the operator of 10 of Sweden’s airports — Sigtuna municipality and Arlandastad Holding, a major real estate ",
stockholm,Đầu tư & quản trị,gov_led_ratio_pct,float,0,,,,,,Tài liệu không nêu tỷ lệ vốn/vai trò nhà nước bằng con số cụ thể.
stockholm,Đầu tư & quản trị,private_ratio_pct,float,0,,,,,,Tài liệu không nêu tỷ lệ vốn tư nhân bằng con số cụ thể.
stockholm,Đầu tư & quản trị,lead_developer,string,1,Swedavia (bộ phận Swedavia Real Estate) cùng Municipality of Sigtuna và Arlandastad Holding trong dự án chung Airport City Stockholm,high,S03,https://www.swedavia.com/about-swedavia/property-development/stockholm-arlanda-airport/,"The urban development at Stockholm Arlanda Airport is part of Airport City Stockholm, a development project being carried out jointly by Swedavia, the Municipal",
stockholm,Sản phẩm (CVP 1),cvp_product,string_list,1,"khách sạn và trung tâm hội nghị (congress centre); văn phòng (Office One, các toà văn phòng tương lai); cửa hàng bán lẻ và nhà hàng; không gian làm việc sáng tạo; đất/quyền xây dựng cho kho vận – logi",high,S03,https://www.swedavia.com/about-swedavia/property-development/stockholm-arlanda-airport/,"An airport city is taking shape at and around Stockholm Arlanda Airport – with potential for hotels and a congress centre, shops and restaurants, and creative w",
stockholm,Sản phẩm (CVP 1),commercial_re,string_list,1,khách sạn; trung tâm hội nghị (congress centre); văn phòng; bán lẻ và ẩm thực; kho vận/logistics; cơ sở hàng hoá hàng không (cargo),high,S03,https://www.swedavia.com/about-swedavia/property-development/stockholm-arlanda-airport/,"Hotels and congress centre
Offices
Cargo and logistics",
stockholm,Sản phẩm (CVP 1),economic_zone_name,string,0,,,,,,Tài liệu không nhắc tới bất kỳ đặc khu kinh tế/khu thương mại tự do nào gắn với Airport City Stockholm.
stockholm,Sản phẩm (CVP 1),economic_zone_year,int,0,,,,,,Không có đặc khu kinh tế nào được nêu nên không có năm thành lập.
stockholm,Sản phẩm (CVP 1),residential_product_desc,string,0,,,,,,"Tài liệu chỉ mô tả khách sạn, văn phòng, bán lẻ, logistics; không nêu sản phẩm nhà ở."
stockholm,Sản phẩm (CVP 1),residential_highrise_pct,float,0,,,,,,Nguồn không nêu bất kỳ tỷ lệ sản phẩm nhà ở nào.
stockholm,Sản phẩm (CVP 1),residential_lowrise_pct,float,0,,,,,,Nguồn không nêu bất kỳ tỷ lệ sản phẩm nhà ở nào.
stockholm,Sản phẩm (CVP 1),residential_land_pct,float,0,,,,,,Nguồn không nêu bất kỳ tỷ lệ sản phẩm nhà ở nào.
stockholm,Sản phẩm (CVP 1),basic_amenities,string_list,1,"cửa hàng bán lẻ; nhà hàng; khách sạn; đường phố thân thiện người đi bộ và công viên; bãi đỗ xe dài hạn, thuê xe và dịch vụ ô tô (Park City)",medium,S15,https://siteselection.com/stockholm-to-unveil-its-new-airport-city-development/,"It comprises a dense city centre, made up of a mixture of offices and hotels, and pedestrian-friendly streets and parks.",
stockholm,Sản phẩm (CVP 1),highlight_amenities,string_list,1,"Scandinavian XPO – tổ hợp hội họp và sự kiện với hơn 700 phòng khách sạn; Drivelab – trung tâm ngành ô tô có đường thử, phòng đào tạo và sự kiện; Nybygget – khu trưng bày nhà mẫu của các nhà sản xuất ",medium,S11,https://arlandastadgroup.se/en/development-areas/arlandastad-development-area,"In Arlandastad, you can also find Ahlsell, Byggmax, Scandic Hotels, Strawberry Quality Hotel, Scandinavian XPO – a meeting and event arena with more than 700 ho",
stockholm,Giá (CVP 2),cvp_price,string,1,"Thu tiền chủ yếu qua bán quyền xây dựng (construction rights) theo từng phân kỳ cho doanh nghiệp phát triển, kết hợp liên doanh phát triển quỹ đất và cho thuê bất động sản thương mại (văn phòng, khách",medium,S04,https://www.swedavia.com/about-swedavia/property-development/stockholm-arlanda-airport/logistic-city/,A new logistics area covering one million square metres is being planned at Stockholm Arlanda Airport. The sale of construction rights in the first phase is now,
stockholm,Giá (CVP 2),office_rent_eur_m2_year,object,0,,,,,,Tài liệu không có bất kỳ dòng chào giá thuê văn phòng (EUR/m²/năm) nào.
stockholm,Giá (CVP 2),cvp_price_note,string,0,,,,,,Không có chú thích về đơn vị hay điều kiện giá bán/cho thuê trong tài liệu.
stockholm,Giá (CVP 2),price_vs_reference,string,0,,,,,,"Tài liệu chỉ so sánh vị thế cạnh tranh với Frankfurt/Hong Kong/Schiphol, không so sánh mặt bằng giá."
stockholm,Giá (CVP 2),living_fee_usd_per_m2_month,string,0,,,,,,Không có thông tin về phí quản lý/duy trì trong tài liệu.
stockholm,Giá (CVP 2),has_urban_service_fee,bool,0,,,,,,"Chỉ có phí ga tàu Arlanda Central (SEK 157) liên quan tới việc dùng nhà ga đường sắt, không phải phí dịch vụ đô thị của khu; không đủ bằng chứng."
stockholm,Giá (CVP 2),sales_scheme,string,1,Mô hình B2B: bán quyền xây dựng theo phân kỳ (Logistic City giai đoạn 1 và 2) và mời một hoặc nhiều đối tác lập công ty liên doanh (joint venture) dài hạn với Swedavia Real Estate để cùng chia sẻ rủi ,high,S05,https://www.swedavia.com/about-swedavia/swedaviasnewsroom/2023/swedavia-is-developing-cargo-city-at-arlanda---a-new-center-for-air-cargo-and-logistics/,Real Estate is primarily looking for one or more partners for long-term work in one or more joint venture companies.,
stockholm,Dịch vụ (CVP 3),cvp_service,string_list,1,"dịch vụ kho bãi và logistics/kho vận; sản xuất và các nghề kỹ thuật (skilled trades); dịch vụ ven cao tốc: khách sạn, nhà hàng, bảo dưỡng và tiếp nhiên liệu phương tiện; bán lẻ; dịch vụ phát triển và ",medium,S04,https://www.swedavia.com/about-swedavia/property-development/stockholm-arlanda-airport/logistic-city/,"Logistic City will be a meeting place close to the airport with facilities for warehouse and logistics operations, manufacturing, skilled trades, motorway servi",
stockholm,Dịch vụ (CVP 3),airport_privilege,string,0,,,,,,"Tài liệu không nêu bất kỳ đặc quyền sân bay (fast track, ưu đãi vé, ưu tiên) dành riêng cho cư dân/doanh nghiệp trong khu."
stockholm,Dịch vụ (CVP 3),has_airport_privilege,bool,0,,,,,,Không có bằng chứng về đặc quyền sân bay dành cho cư dân/doanh nghiệp trong khu.
stockholm,Dịch vụ (CVP 3),smart_city,string,0,,,,,,"Tài liệu không mô tả mức độ tích hợp IoT/AI/hạ tầng số của khu đô thị; chỉ có Drivelab về công nghệ giao thông xanh và an toàn đường bộ, không đủ để kết luận."
stockholm,Dịch vụ (CVP 3),has_smart_city,bool,0,,,,,,Không có bằng chứng về hạ tầng số/IoT/AI trong khu.
stockholm,Trải nghiệm (CVP 4),cvp_experience,string_list,1,khách sạn và cơ sở hội nghị; cửa hàng bán lẻ; nhà hàng; không gian làm việc sáng tạo; các điểm gặp gỡ truyền cảm hứng gần cửa ngõ ra thế giới,high,S01,https://www.swedavia.com/future-airports/stockholm-arlanda-airport/Airport-city/,"a new airport city is being developed – with hotels and conference facilities, shops, restaurants and creative workspaces. Our vision is to create inspiring mee",
stockholm,Trải nghiệm (CVP 4),experience_desc,string,1,"Định hướng biến Stockholm Arlanda thành sân bay hàng đầu Bắc Âu – không chỉ là nơi để bay đến hoặc bay đi mà là nơi để gặp gỡ và trải nghiệm; trung tâm mới đang hình thành với khách sạn, nhà hàng, cửa",high,S01,https://www.swedavia.com/future-airports/stockholm-arlanda-airport/Airport-city/,"Our goal is for Stockholm Arlanda Airport to be the leading Nordic airport – not just a place to fly to or from, but a place to meet at and experience.",
stockholm,Thuận tiện (CVP 5),cvp_convenience,string_list,1,Arlanda Express chạy thẳng Stockholm Central Station – Arlanda trong 18 phút; tàu ngoại ô SL: Arlanda Central – Stockholm Central 38 phút; Arlanda Central – Uppsala Central 18 phút; 60 chuyến tàu đườn,high,S08,https://www.swedavia.com/arlanda/trains/,Arlanda express is a non-stop train between Stockholm Central Station och Stockholm Arlanda Airport and takes 18 minutes.,
stockholm,Thuận tiện (CVP 5),connectivity_desc,string,1,"Nhờ vị trí sát sân bay, đường sắt và các phương thức vận tải khác, khu phát triển mang lại cơ hội kinh doanh và gặp gỡ với khả năng tiếp cận đặc biệt tốt tới vùng Stockholm, phần còn lại của Thụy Điển",high,S04,https://www.swedavia.com/about-swedavia/property-development/stockholm-arlanda-airport/logistic-city/,"With its location close to the airport, railways and other transport modes, the development provides opportunities for business and meetings, with exceptional a",
stockholm,Thuận tiện (CVP 5),connection_modes,string_list,1,"tàu tốc hành sân bay (Arlanda Express); tàu ngoại ô (SL commuter train); tàu vùng (Mälartåg); tàu đường dài (SJ, Vy Tåg); xe buýt; taxi; thuê xe; cao tốc E4",high,S08,https://www.swedavia.com/arlanda/trains/,"There are express trains, commuter trains, and long-distance trains if you choose to travel by train to and from Arlanda.",
stockholm,Thuận tiện (CVP 5),metro_lines,int,0,,,,,,"Tài liệu không nêu tuyến metro/đường sắt đô thị nào phục vụ khu, chỉ có tàu tốc hành sân bay, tàu ngoại ô, tàu vùng và tàu đường dài."
stockholm,Thuận tiện (CVP 5),rail_connections,string_list,1,"Arlanda Express (Stockholm Central – Arlanda South/Arlanda North, 18 phút); SL commuter trains đi Stockholm và Uppsala dừng tại Arlanda Central Station; Mälartåg (tàu vùng) dừng tại Arlanda Central St",high,S08,https://www.swedavia.com/arlanda/trains/,"SL’s commuter trains to Stockholm and Uppsala stop at Arlanda Central Station, located in the heart of SkyCity between Terminals 4 and 5.",
stockholm,Thương hiệu (CVP 6),cvp_brand,string_list,1,Airport City Stockholm; Swedavia (và Swedavia Real Estate); Municipality of Sigtuna (Sigtuna kommun); Arlandastad Holding / Arlandastad Group,high,S01,https://www.swedavia.com/future-airports/stockholm-arlanda-airport/Airport-city/,"The new city centre taking shape at Stockholm Arlanda Airport is part of Airport City Stockholm, a development project run jointly by Swedavia, the Municipality",
stockholm,Thương hiệu (CVP 6),brand_desc,string,1,"Thương hiệu Airport City Stockholm được xây dựng theo mô hình hợp tác công – tư (PPP) giữa Swedavia, Sigtuna kommun và Arlandastad Holding, là dự án phát triển đất kiểu này đầu tiên tại Thụy Điển; địn",high,S15,https://siteselection.com/stockholm-to-unveil-its-new-airport-city-development/,"Developed as part of a public-private partnership (PPP), the eco-friendly and sustainable land development plan will be known as ‘Airport City Stockholm’",
stockholm,Thương hiệu (CVP 6),brand_partners,string_list,1,Delta Air Lines; Skandinaviska Enskilda Banken; Forex Bank; JCDecaux Sverige; Radisson Blu Sky City Hotel; SITA Group Arlanda Airport; SAS Spirit; DHL; UPS; FedEx; Baxter Medical; Ingram Micro; John D,medium,S15,https://siteselection.com/stockholm-to-unveil-its-new-airport-city-development/,"These include Delta Air Lines, Skandinaviska Enskilda banken, Forex Bank, JCDecaux Sverige, Radisson Blue Sky City Hotel, SITA Group Arlanda Airport, SAS Spirit",
stockholm,Tầm nhìn & bền vững,vision_label,string,0,,,,,,"Tài liệu không nêu nhãn tầm nhìn chính thức; chỉ có chú thích hình ảnh viễn cảnh 'Stockholm Arlanda Airport 2050/2070', không phải tên chương trình tầm nhìn."
stockholm,Tầm nhìn & bền vững,vision_qualities,string_list,1,"điểm gặp gỡ truyền cảm hứng, kết nối dễ dàng với phần còn lại của thế giới; sân bay hàng đầu Bắc Âu – nơi để gặp gỡ và trải nghiệm chứ không chỉ để bay đến/đi; đô thị sân bay thật sự với môi trường đô",medium,S01,https://www.swedavia.com/future-airports/stockholm-arlanda-airport/Airport-city/,Our vision is to create inspiring meeting places close to the rest of the world.,
stockholm,Tầm nhìn & bền vững,aviation_policy,string,1,"Ds 2022:11 'Arlanda flygplats, en plan för framtiden' – báo cáo định hướng chính sách của Chính phủ Thụy Điển cho Arlanda (đàm phán với A-Train về giá vé Arlanda Express, bỏ phí ga, mục tiêu tỷ trọng ",high,S16,https://www.regeringen.se/contentassets/41e2191269154184882eb46afbc05514/ds202211_web.pdf,Riksdagen har beslutat om att Sverige ska införa miljöstyrande start- och landningsavgifter på Arlanda och Landvetters flygplatser.,
stockholm,Tầm nhìn & bền vững,sustainability,string_list,1,"Hướng dẫn quy hoạch dựa trên hệ thống chứng chỉ BREEAM Communities và LEED Neighborhood, mục tiêu chứng nhận cho toàn bộ khu đô thị sân bay; Tham vọng trở thành một trong những khu đô thị sân bay thân",high,S12,https://www.spacescape.se/airport-city-stockholm-varldens-forsta-riktiga-flygplatsstad/,"Riktlinjerna baseras på certifieringssystemen Breeam Communities och Leed Neighborhood, och målet är att hela flygplatsstaden ska kunna certifieras.",
stockholm,Khu chức năng chuyên biệt,logistics_park_name,string,1,Logistic City,high,S04,https://www.swedavia.com/about-swedavia/property-development/stockholm-arlanda-airport/logistic-city/,Logistic City is being planned in the area between Stockholm Arlanda Airport and the E4 motorway.,
stockholm,Khu chức năng chuyên biệt,logistics_park_ha,float,1,100.0,high,S04,https://www.swedavia.com/about-swedavia/property-development/stockholm-arlanda-airport/logistic-city/,"The logistics area will cover a building site of around 1,000,000 square metres.",
stockholm,Khu chức năng chuyên biệt,trade_park_name,string,1,Arlandastad (Arlandastad development area),low,S11,https://arlandastadgroup.se/en/development-areas/arlandastad-development-area,"In Arlandastad, Arlandastad Group owns a 290-hectare area of land with a strategic location close to Stockholm Arlanda Airport, the E4 motorway and between Stoc",
stockholm,Khu chức năng chuyên biệt,trade_park_ha,float,1,290.0,low,S11,https://arlandastadgroup.se/en/development-areas/arlandastad-development-area,290 hectares in Arlandastad,
taoyuan,Định danh,case_name,string,1,Taoyuan Aerotropolis,high,S07,https://en.wikipedia.org/wiki/Taoyuan_Aerotropolis,Táoyuán Hángkōng Chéng ) is a large urban planning development at the Taiwan Taoyuan International Airport,
taoyuan,Định danh,aerotropolis,string,1,Taoyuan Aerotropolis / Đô thị sân bay Đào Viên,high,S02,https://sdgs.tycg.gov.tw/en/News_Content.aspx?n=21387&s=1409605,"Soaring High, Taoyuan Takes Off: Aerotropolis Development Project",
taoyuan,Định danh,country,string,1,Đài Loan,high,S02,https://sdgs.tycg.gov.tw/en/News_Content.aspx?n=21387&s=1409605,"As Taiwan’s gateway city, Taoyuan International Airport occupies a strategic location for international logistics",
taoyuan,Định danh,is_target,bool,1,False,medium,baseline,,,
taoyuan,Định danh,airport_name,string,1,Taiwan Taoyuan International Airport,high,S07,https://en.wikipedia.org/wiki/Taoyuan_Aerotropolis,is a large urban planning development at the Taiwan Taoyuan International Airport,
taoyuan,Định danh,reference_city,string,1,Đào Viên (Taoyuan) – vùng đại đô thị Đài Bắc (greater Taipei),medium,S09,https://english.ey.gov.tw/Page/61BF20C3E89B856/7d0b8333-f713-4d3d-a7c6-9fc60d7b28f9,"create over 300,000 jobs in the greater Taipei area, according to projections cited by the premier.",
taoyuan,Định danh,official_website,string,1,https://www.taoyuanairport.com.tw,medium,S04,https://www.taoyuanairport.com.tw/passengervolume?lang=en,url: https://www.taoyuanairport.com.tw/passengervolume?lang=en,
taoyuan,Vị trí & lịch sử,location_desc,string,1,"Dự án nằm tại các quận Dayuan và Luzhu của thành phố Đào Viên (Taoyuan City), lấy sân bay quốc tế Đào Viên làm trung tâm, tổng diện tích quy hoạch đô thị 4.564 ha; gần cảng Taipei Port và kết nối cao ",high,S02,https://sdgs.tycg.gov.tw/en/News_Content.aspx?n=21387&s=1409605,"The project covers the Dayuan and Luzhu Districts of Taoyuan City, with a total urban planning area of 4,564 hectares.",
taoyuan,Vị trí & lịch sử,distance_to_city_km,float,0,,,,,,"Tài liệu chỉ nêu thời gian đi MRT (35 phút từ Taipei Main Station tới Nhà ga 1), không nêu khoảng cách km tới trung tâm thành phố tham chiếu."
taoyuan,Vị trí & lịch sử,area_km2,float,1,45.64,high,S02,https://sdgs.tycg.gov.tw/en/News_Content.aspx?n=21387&s=1409605,"The project covers the Dayuan and Luzhu Districts of Taoyuan City, with a total urban planning area of 4,564 hectares.",
taoyuan,Vị trí & lịch sử,airport_build_period,string,1,1979-nay,medium,S08,https://en.wikipedia.org/wiki/Taoyuan_International_Airport,"terminal, along with the airport, opened in 1979 to relieve the overcrowded Taipei Songshan Airport.",
taoyuan,Vị trí & lịch sử,urban_build_period,string,1,2015-nay,medium,S16,https://english.ey.gov.tw/Page/61BF20C3E89B856/cb53cf90-b925-4e17-a674-dd26d795f3df,"The Executive Yuan today held a meeting to discuss progress on the Taoyuan Aerotropolis development project, which has entered the zone expropriation stage",
taoyuan,Vị trí & lịch sử,founded_year,int,1,1979,high,S08,https://en.wikipedia.org/wiki/Taoyuan_International_Airport,"terminal, along with the airport, opened in 1979 to relieve the overcrowded Taipei Songshan Airport.",
taoyuan,Vị trí & lịch sử,development_context,string,1,"Xuất phát từ nhu cầu xây đường băng thứ ba, dự án tái tổ chức sử dụng đất quanh sân bay nhằm nâng cao năng lực cạnh tranh của sân bay quốc tế Đào Viên, thúc đẩy phát triển tổng thể của Đào Viên và chu",high,S02,https://sdgs.tycg.gov.tw/en/News_Content.aspx?n=21387&s=1409605,"In response to the need for a third runway, the “Taoyuan Aerotropolis Project” aims to reorganize land use around the airport to enhance Taoyuan International A",
taoyuan,Định vị & quy hoạch,positioning,string,1,"Aerotropolis (đô thị sân bay) lớn nhất Đài Liwan tính đến nay, lấy sân bay quốc tế Đào Viên làm trung tâm, phát triển theo 3 trọng tâm: smart airport (sân bay thông minh), smart city (đô thị thông min",high,S24,https://invest.tycg.gov.tw/invest-en/cp.aspx?n=3697,"With the 3 major focuses of smart airport, smart city, and smart industry, Taoyuan Aerotropolis will create a spillover effect that will attract investment and ",
taoyuan,Định vị & quy hoạch,planning_concept,string,1,Cấu trúc “lòng đỏ trứng” (egg yolk zone) do Bộ Giao thông và Truyền thông (MOTC) quản lý – gồm đường băng và các khu thương mại tự do – bao quanh bởi “lòng trắng trứng” (egg white zone) do chính quyền,high,S02,https://sdgs.tycg.gov.tw/en/News_Content.aspx?n=21387&s=1409605,comprising the “egg yolk zone” managed by the Ministry of Transportation (including runways and free trade zones) and the “egg white zone” overseen by the Taoyu,
taoyuan,Định vị & quy hoạch,cornerstones,string_list,1,sân bay thông minh (smart airport); đô thị thông minh (smart city); công nghiệp thông minh (smart industry),high,S24,https://invest.tycg.gov.tw/invest-en/cp.aspx?n=3697,"With the 3 major focuses of smart airport, smart city, and smart industry, Taoyuan Aerotropolis will create a spillover effect",
taoyuan,Định vị & quy hoạch,subzones,string_list,1,khu công nghiệp (industry zone); khu thương mại tự do (free-trade zone); khu thương mại (commercial zone); khu dân cư (residence zone); Air Cargo Terminal (nhà ga hàng hoá hàng không); International L,high,S07,https://en.wikipedia.org/wiki/Taoyuan_Aerotropolis,"Taoyuan Aerotropolis Project plans to construct a large-scale industry zone, free-trade zone, commercial zone, and residence zone.",
taoyuan,Chỉ số quy mô,passengers_million,float,1,47.8,high,S08,https://en.wikipedia.org/wiki/Taoyuan_International_Airport,"Statistics (2025) Number of passengers 47,795,969 6.40%",
taoyuan,Chỉ số quy mô,cargo_million_tonnes,float,1,2.5,high,S08,https://en.wikipedia.org/wiki/Taoyuan_International_Airport,"Airfreight movements 2,499,898.5 tonnes 10.08%",
taoyuan,Chỉ số quy mô,air_movements,int,1,262217,high,S08,https://en.wikipedia.org/wiki/Taoyuan_International_Airport,"Aircraft movements 262,217 5.77%",
taoyuan,Chỉ số quy mô,destinations,int,0,,,,,,Tài liệu không nêu tổng số điểm đến trực tiếp; chỉ liệt kê một số thành phố có lưu lượng lớn.
taoyuan,Chỉ số quy mô,airlines,int,0,,,,,,Tài liệu không nêu tổng số hãng hàng không khai thác tại sân bay.
taoyuan,Chỉ số quy mô,transfer_pct,float,0,,,,,,"Chỉ có bảng tỷ lệ transfer 15%/16%/18%/20% trong Airport Park Master Plan – đây là số dự báo theo kịch bản quy hoạch, không phải tỷ lệ thực tế đã ghi nhận."
taoyuan,Chỉ số quy mô,airport_area_ha,float,0,,,,,,"Tài liệu không nêu rõ diện tích khuôn viên sân bay; các con số 4.564 ha, 4.687 ha, 6.845 ha là phạm vi quy hoạch aerotropolis (yolk + white), còn 610,89 ha và 73,81 ha trong master plan không xác định rõ là toàn bộ khuôn viên sân bay."
taoyuan,Chỉ số quy mô,employees,int,0,,,,,,Tài liệu không nêu số người đang làm việc trong khu.
taoyuan,Chỉ số quy mô,num_companies_airport,int,0,,,,,,Tài liệu không nêu số doanh nghiệp hoạt động tại sân bay.
taoyuan,Chỉ số quy mô,num_companies_realestate,int,1,34,medium,S10,https://www.caa.gov.tw/Article.aspx?a=528&lang=2,"As of the first quarter of 2026, there are 34 Free Trade Zone enterprises mover into the Value Added Zone (please see http://www.ftz.com.tw/port//). The leasing",
taoyuan,Chỉ số quy mô,num_office_buildings,int,0,,,,,,Tài liệu không nêu số toà nhà văn phòng trong khu.
taoyuan,Chỉ số quy mô,jobs_created,int,1,300000,medium,S09,https://english.ey.gov.tw/Page/61BF20C3E89B856/7d0b8333-f713-4d3d-a7c6-9fc60d7b28f9,Over NT$500 billion (US$17 billion) will be invested in the aerotropolis to generate economic benefits exceeding NT$2.3 trillion (US$78 billion) and create over,
taoyuan,Đầu tư & quản trị,total_investment_usd,string,1,"Trên NT$500 tỷ (US$17 tỷ) đầu tư vào aerotropolis (theo Hành chính viện, 2013); riêng Hành chính viện công bố mức đầu tư NT$463 tỷ (US$15,75 tỷ)",high,S09,https://english.ey.gov.tw/Page/61BF20C3E89B856/7d0b8333-f713-4d3d-a7c6-9fc60d7b28f9,Over NT$500 billion (US$17 billion) will be invested in the aerotropolis to generate economic benefits exceeding NT$2.3 trillion (US$78 billion),
taoyuan,Đầu tư & quản trị,investor_governance,string,1,"Mô hình nhà nước dẫn dắt đa cấp: Taoyuan Aerotropolis Engineering Office thuộc Civil Aviation Administration, MOTC chịu trách nhiệm thu hồi và phát triển 1.756 ha, gồm giai đoạn 1 của chính quyền TP Đ",high,S02,https://sdgs.tycg.gov.tw/en/News_Content.aspx?n=21387&s=1409605,"The Taoyuan Aerotropolis Engineering Office of the Civil Aviation Administration, MOTC is responsible for land expropriation and development across 1,756 hectar",
taoyuan,Đầu tư & quản trị,gov_led_ratio_pct,float,0,,,,,,Tài liệu không nêu tỷ lệ vốn/vai trò nhà nước bằng con số cụ thể.
taoyuan,Đầu tư & quản trị,private_ratio_pct,float,0,,,,,,Tài liệu không nêu tỷ lệ tư nhân bằng con số cụ thể.
taoyuan,Đầu tư & quản trị,lead_developer,string,1,"Taoyuan Aerotropolis Co., Ltd. (do Phó Thị trưởng Đào Viên Wang Ming-Jiuh làm Chủ tịch) cùng Taoyuan Aerotropolis Engineering Office của Civil Aviation Administration, MOTC và chính quyền TP Đào Viên",medium,S17,https://english.cw.com.tw/article/article.action?id=4467,"Taoyuan Deputy Mayor and Taoyuan Aerotropolis Co., Ltd. Chairman Wang Ming-Jiuh noted that as of early 2025, investment attraction for the seven priority indust",
taoyuan,Sản phẩm (CVP 1),cvp_product,string_list,1,khu công nghiệp (industry zone); khu thương mại tự do (free-trade zone); khu thương mại (commercial zone); khu nhà ở (residence zone); logistics/kho vận; Value-Added Park (khu gia tăng giá trị),high,S07,https://en.wikipedia.org/wiki/Taoyuan_Aerotropolis,"Taoyuan Aerotropolis Project plans to construct a large-scale industry zone, free-trade zone, commercial zone, and residence zone.",
taoyuan,Sản phẩm (CVP 1),commercial_re,string_list,1,"bán lẻ; văn phòng; khách sạn; kho vận/logistics (nhà kho, kho ngoại quan); nhà ga hàng hoá (air cargo terminal)",medium,S30,https://en.wikipedia.org/wiki/Taoyuan_Airport_MRT,"Redevelopment of the
47 hectares (116 acres)
area will consist of retail, office, and hotel components.",
taoyuan,Sản phẩm (CVP 1),economic_zone_name,string,1,Taoyuan International Airport Free Trade Zone,high,S11,https://www.taiwan-ftz.com/ftzweb/en/ports/taoyuan,Taoyuan International Airport Free Trade Zone covers an area of 34.85 hectares at the northern edge of the Airport,
taoyuan,Sản phẩm (CVP 1),economic_zone_year,int,0,,,,,,"BASELINE_SAI: tài liệu không nêu năm thành lập Taoyuan Aviation Free Trade Zone; chỉ có mốc 2003 Farglory nhận quyền phát triển BOT 50 năm, không phải năm thành lập đặc khu."
taoyuan,Sản phẩm (CVP 1),residential_product_desc,string,1,"Nhà ở tái định cư trong Taoyuan Aerotropolis: 1.924 căn do chính quyền thành phố xây trên 4 vị trí gần các ga MRT A18, A11, G17 và khu vực sân bay, cùng 4.100 lô đất (allotment) dành cho người dân tự ",high,S25,https://eng.tycg.gov.tw/Photo_News_Content.aspx?n=933&sms=8201&s=497337,"In addition to reserving 4,100 units of resettlement blocks (allotments) for people to build their own housing, the City Government has also contracted out the ",
taoyuan,Sản phẩm (CVP 1),residential_highrise_pct,float,0,,,,,,Tài liệu không nêu tỷ lệ căn hộ cao tầng.
taoyuan,Sản phẩm (CVP 1),residential_lowrise_pct,float,0,,,,,,Tài liệu không nêu tỷ lệ nhà thấp tầng.
taoyuan,Sản phẩm (CVP 1),residential_land_pct,float,0,,,,,,Tài liệu không nêu tỷ lệ đất nền/nhà liền đất.
taoyuan,Sản phẩm (CVP 1),basic_amenities,string_list,1,"công viên và không gian xanh; đường quy hoạch (khoảng 197 km); cầu vượt sông và vượt cao tốc; hệ thống thoát nước, xử lý nước thải và phòng chống ngập; hào kỹ thuật dùng chung (common utility tunnels)",high,S18,https://sdgs.tycg.gov.tw/en/News_Content.aspx?n=21388&s=1412467,"developing approximately 197 kilometers of planned roads, constructing multiple bridges over rivers and highways, implementing land leveling projects, creating ",
taoyuan,Sản phẩm (CVP 1),highlight_amenities,string_list,1,"Taoyuan International Airport (Nhà ga T3 và Đường băng 3); Hyatt Regency Taoyuan International Airport (khách sạn 360 phòng, cạnh trung tâm hội nghị); hồ điều tiết phòng chống thiên tai (Disaster Prev",medium,S08,https://en.wikipedia.org/wiki/Taoyuan_International_Airport,"Located adjacent to the convention center is the
Hyatt Regency Taoyuan International Airport
. The 360-room hotel is equipped with restaurants, recreation and f",
taoyuan,Giá (CVP 2),cvp_price,string,1,Nhà nước thu hồi đất theo cơ chế thu hồi từng khu (zone expropriation) rồi đấu giá/chào bán lô đất công nghiệp cho doanh nghiệp; khu thương mại tự do vận hành theo mô hình BOT và cho thuê bất động sản,medium,S28,https://www.ftz.com.tw/en/about/,"Our current core businesses
Real Estate Leasing
Warehousing & Machinery Installation
Bonded warehouse rental",
taoyuan,Giá (CVP 2),office_rent_eur_m2_year,object,0,,,,,,Tài liệu không có dòng chào giá thuê văn phòng (Starting at/From) theo EUR/m²/năm.
taoyuan,Giá (CVP 2),cvp_price_note,string,0,,,,,,Không có chú thích về đơn vị/điều kiện giá trong tài liệu.
taoyuan,Giá (CVP 2),price_vs_reference,string,0,,,,,,Tài liệu không so sánh mặt bằng giá với thành phố tham chiếu.
taoyuan,Giá (CVP 2),living_fee_usd_per_m2_month,string,0,,,,,,Tài liệu không nêu phí quản lý/duy trì theo USD/m²/tháng.
taoyuan,Giá (CVP 2),has_urban_service_fee,bool,0,,,,,,Không có bằng chứng về phí dịch vụ đô thị trong tài liệu.
taoyuan,Giá (CVP 2),sales_scheme,string,1,"Thu hồi đất theo khu (zone expropriation) do nhà nước thực hiện, sau đó đấu giá lô đất công nghiệp cho doanh nghiệp (lô cuối cùng đấu giá thành công cuối năm 2024); song song là cơ chế bồi thường bằng",medium,S17,https://english.cw.com.tw/article/article.action?id=4467,"investment attraction for the seven priority industrial sites has reached nearly 80%, with the final parcel of land successfully auctioned off at the end of 202",
taoyuan,Dịch vụ (CVP 3),cvp_service,string_list,1,"In-Town Check-In (làm thủ tục bay tại ga A1, A3); thông quan hàng hoá (customs clearance); dịch vụ logistics gia tăng giá trị, phân phối và chuyển phát; cửa sổ một cửa (One-Stop Window) hỗ trợ đầu tư;",high,S24,https://invest.tycg.gov.tw/invest-en/cp.aspx?n=3697,"the municipal government has signed MOUs and jointly formed the ""Taoyuan Aerotropolis Financing and Loan Matchmaking Platform"" with 14 domestic banks.",
taoyuan,Dịch vụ (CVP 3),airport_privilege,string,1,"Dịch vụ In-Town Check-In trên Taoyuan Airport MRT: hành khách có thể ký gửi hành lý, chọn chỗ ngồi và lấy thẻ lên máy bay ngay tại ga A1 Taipei Main Station và A3 New Taipei Industrial Park (hoàn tất ",high,S14,https://www.tymetro.com.tw/tymetro-new/en/index.php,"In-Town Check-In(A1、A3)
Passengers can check-in their luggage, choose their seat, and obtain their boarding pass at as early as the A1 Taipei Main Station and A",
taoyuan,Dịch vụ (CVP 3),has_airport_privilege,bool,1,True,high,S12,https://travel.tycg.gov.tw/en/traffic/airportmrt,Passengers must complete the In-town Check-in Services 3 hours before flight departure on the same day.,
taoyuan,Dịch vụ (CVP 3),smart_city,string,1,"Dự án lấy ba trọng tâm ""smart airport – smart city – smart industry"" (sân bay thông minh, đô thị thông minh, công nghiệp thông minh); ứng dụng công nghệ sinh hoạt thông minh và băng rộng thông minh th",high,S16,https://english.ey.gov.tw/Page/61BF20C3E89B856/cb53cf90-b925-4e17-a674-dd26d795f3df,Smart living technologies will also be used to make the Taoyuan Aerotropolis a smart green city. The Ministry of Economic Affairs (MOEA) and Taoyuan County are ,
taoyuan,Dịch vụ (CVP 3),has_smart_city,bool,1,True,high,S24,https://invest.tycg.gov.tw/invest-en/cp.aspx?n=3697,"With the 3 major focuses of smart airport, smart city, and smart industry, Taoyuan Aerotropolis will create a spillover effect that will attract investment",
taoyuan,Trải nghiệm (CVP 4),cvp_experience,string_list,1,"công viên và không gian xanh mới; khách sạn sân bay với nhà hàng, trung tâm giải trí và thể hình, spa; trung tâm hội nghị – triển lãm (Taoyuan Convention and Exhibition Center); hồ điều tiết/không gia",medium,S02,https://sdgs.tycg.gov.tw/en/News_Content.aspx?n=21387&s=1409605,"The project encompasses the construction of planned roads, common utility tunnels, bridges, and new parks.",
taoyuan,Trải nghiệm (CVP 4),experience_desc,string,1,"Quy hoạch hướng tới ""đô thị nơi người ta chọn ở lại, làm việc, sinh sống và phát triển"" chứ không chỉ là điểm trung chuyển; nhấn mạnh cộng sinh giữa cư dân và công nghiệp, lồng ghép tư duy xanh – bền ",medium,S18,https://sdgs.tycg.gov.tw/en/News_Content.aspx?n=21388&s=1412467,"considerations were also given to cultural heritage, natural ecology, and local characteristics, aiming to embed green and sustainable thinking into the Aerotro",
taoyuan,Thuận tiện (CVP 5),cvp_convenience,string_list,1,"Taoyuan Airport MRT: Taipei Main Station – Nhà ga 1 chỉ 35 phút bằng tàu nhanh, 39 phút tới Nhà ga 2; Taoyuan HSR Station – Nhà ga 1 chỉ 19 phút; tàu thường (Commuter Train) 82 phút từ Taipei Main Sta",high,S12,https://travel.tycg.gov.tw/en/traffic/airportmrt,"From Taipei Main Station to Taiwan Taoyuan International Airport Terminal 1 Station, it only takes 35 minutes by Express Train, and takes 39 minutes to Terminal",
taoyuan,Thuận tiện (CVP 5),connectivity_desc,string,1,"Là thành phố cửa ngõ của Đài Loan, Đào Viên có vị trí chiến lược cho logistics quốc tế và là đầu mối kết nối các thành phố khu vực châu Á – Thái Bình Dương; sân bay hưởng lợi từ năng lực logistics đườ",high,S02,https://sdgs.tycg.gov.tw/en/News_Content.aspx?n=21387&s=1409605,"The airport benefits from extensive maritime logistics capabilities due to its proximity to Taipei Port, along with comprehensive transportation networks includ",
taoyuan,Thuận tiện (CVP 5),connection_modes,string_list,1,"metro (Taoyuan Airport MRT, Green line); đường sắt cao tốc (Taiwan High Speed Rail); đường sắt thường (Taiwan Railways); cao tốc/đường bộ (National Freeway 1, National Freeway 2); cảng biển (Taipei Po",high,S12,https://travel.tycg.gov.tw/en/traffic/airportmrt,"Taoyuan Airport MRT connects Taiwan Railways, High Speed Rail and Taipei Metro.",
taoyuan,Thuận tiện (CVP 5),metro_lines,int,1,2,medium,S31,https://en.wikipedia.org/wiki/Green_line_(Taoyuan_Metro),"Taoyuan Metro
lines
In operation
Taoyuan Airport MRT
Under construction
Green line",
taoyuan,Thuận tiện (CVP 5),rail_connections,string_list,1,"Taoyuan Airport MRT (tuyến sân bay, ga A12 Airport Terminal 1, A13 Airport Terminal 2, A14a Airport Hotel); Green line (tuyến Xanh, Taoyuan Metro) đang xây dựng; Taiwan High Speed Rail (Taoyuan HSR st",high,S08,https://en.wikipedia.org/wiki/Taoyuan_International_Airport,"The Airport offers free admission to Taoyuan Airport MRT stations A12 (
Airport Terminal 1
), A13 (
Airport Terminal 2
), and A14a (
Airport Hotel",
taoyuan,Thương hiệu (CVP 6),cvp_brand,string_list,1,"Taoyuan City Government; Ministry of Transportation and Communications (MOTC); Civil Aeronautics Administration / Civil Aviation Administration (CAA); Taoyuan Aerotropolis Co., Ltd.; Taoyuan Internati",high,S18,https://sdgs.tycg.gov.tw/en/News_Content.aspx?n=21388&s=1412467,"The Taoyuan Aerotropolis Project is a collaborative effort between the Ministry of Transportation and Communications and the Taoyuan City Government, with each ",
taoyuan,Thương hiệu (CVP 6),brand_desc,string,1,"Được định vị là kế hoạch phát triển lớn nhất từ trước tới nay của Đài Loan và là dự án hạ tầng quan trọng nhất kể từ Mười công trình lớn thập niên 1970, lấy Taoyuan International Airport làm trung tâm",high,S24,https://invest.tycg.gov.tw/invest-en/cp.aspx?n=3697,Taoyuan Aerotropolis is Taiwan's largest-ever development plan. Centered around Taoyuan International Airport (TIA) and with the addition of Terminal 3 and Runw,
taoyuan,Thương hiệu (CVP 6),brand_partners,string_list,1,STARLUX Airlines; Gogoro (Gogoro Taiwan Limited); Acer Group; Antung Trading; ASML Taiwan; DHL Supply Chain (Taiwan); Nippon Express NEC Logistics Taiwan; Kintetsu World Express (Taiwan); FARGLORY LOG,high,S24,https://invest.tycg.gov.tw/invest-en/cp.aspx?n=3697,"The Taoyuan City Government has signed MOUs with STARLUX Airlines, Gogoro (Gogoro Taiwan Limited), Acer Group, and Antung Trading.",
taoyuan,Tầm nhìn & bền vững,vision_label,string,1,Taoyuan Aerotropolis (Taoyuan Aerotropolis Core Plan / 桃園航空城核心計畫),medium,S22,https://airport-city.caa.gov.tw/,桃園航空城核心計畫,
taoyuan,Tầm nhìn & bền vững,vision_qualities,string_list,1,smart airport (sân bay thông minh); smart city (đô thị thông minh); smart industry (công nghiệp thông minh); chất lượng sống; bền vững môi trường; quản trị thông minh; cộng sinh giữa cư dân và công ng,high,S17,https://english.cw.com.tw/article/article.action?id=4467,"""We envision the Aerotropolis not just as an industrial park, but as a city that combines quality of life, environmental sustainability, and smart governance,"" ",
taoyuan,Tầm nhìn & bền vững,aviation_policy,string,1,"Taoyuan Aerotropolis Project (Kế hoạch lõi Aerotropolis do CAA/MOTC chủ trì cùng quy hoạch đô thị của Taoyuan City Government), là cấu phần then chốt của Golden Decade National Vision Plan và Economic",high,S19,https://english.ey.gov.tw/Page/61BF20C3E89B856/f9b32292-4cc4-4a3a-b3e4-3563b3dbbda0,Vice Premier Jiang Yi-huah said the project is a key component of the government's Golden Decade National Vision Plan and the recently-unveiled Economic Power-U,
taoyuan,Tầm nhìn & bền vững,sustainability,string_list,1,đường sử dụng vật liệu tái chế (Roads Using Recycled Materials); hồ điều tiết phòng chống thiên tai (Disaster Prevention Retention Basin); năng lượng xanh; giao thông tự hành; tái chế chất thải; hệ th,high,S17,https://english.cw.com.tw/article/article.action?id=4467,"Green energy, autonomous transport, waste recycling, and carbon neutrality systems are also being introduced to enable enterprises to practice ESG on site.",
taoyuan,Khu chức năng chuyên biệt,logistics_park_name,string,1,Taoyuan Aviation Free Trade Zone (Air Cargo Park) / Farglory Free Trade Zone,high,S28,https://www.ftz.com.tw/en/about/,"In 2003, Farglory officially obtained the right to a 50-year development and operation under the Build-Operate-Transfer (BOT) Scheme, from where the “Farglory F",
taoyuan,Khu chức năng chuyên biệt,logistics_park_ha,float,1,45.0,high,S28,https://www.ftz.com.tw/en/about/,"The Farglory Free Trade Zone stretches over 45 hectares, and is the first air cargo park cum free trade zone set “within national territory but outside customs ",
taoyuan,Khu chức năng chuyên biệt,trade_park_name,string,1,Taoyuan International Airport Free Trade Zone,high,S11,https://www.taiwan-ftz.com/ftzweb/en/ports/taoyuan,Taoyuan International Airport Free Trade Zone covers an area of 34.85 hectares at the northern edge of the Airport,
taoyuan,Khu chức năng chuyên biệt,trade_park_ha,float,1,34.85,high,S11,https://www.taiwan-ftz.com/ftzweb/en/ports/taoyuan,Taoyuan International Airport Free Trade Zone covers an area of 34.85 hectares at the northern edge of the Airport,
vienna,Định danh,case_name,string,1,Vienna AirportCity,high,S01,https://airportcity.at/en,Welcome to Vienna AirportCity,
vienna,Định danh,aerotropolis,string,1,Vienna AirportCity,high,S06,https://www.viennaairport.com/en/business__partner/real_estate/real_estate_at_vienna_airport,Real estate in AirtportCity Vienna at Vienna International Airport,
vienna,Định danh,country,string,1,Áo,high,S15,https://en.wikipedia.org/wiki/Vienna_International_Airport,Airports in Austria,
vienna,Định danh,is_target,bool,1,False,medium,baseline,,,
vienna,Định danh,airport_name,string,1,Vienna International Airport,high,S08,https://viennaairport.com/en/company/flughafen_wien_ag/fwag_group_facts__figures_,"As the developer, builder and full-service operator of Vienna International Airport, it offers the entire range of related services.",
vienna,Định danh,reference_city,string,1,Vienna (Wien),high,S06,https://www.viennaairport.com/en/business__partner/real_estate/real_estate_at_vienna_airport,"Just twenty minutes from downtown Vienna, Vienna AirportCity offers a whole new world of opportunities for businesses.",
vienna,Định danh,official_website,string,1,https://airportcity.at,high,S01,https://airportcity.at/en,airportcity.at,
vienna,Vị trí & lịch sử,location_desc,string,1,"Nằm ngay trong khuôn viên Vienna International Airport, cách trung tâm Vienna khoảng 20 phút; từ Wien tới sân bay 16 phút bằng tàu/đường bộ, văn phòng hiện đại sát nhà ga hành khách",high,S06,https://www.viennaairport.com/en/business__partner/real_estate/real_estate_at_vienna_airport,"Just twenty minutes from downtown Vienna, Vienna AirportCity offers a whole new world of opportunities for businesses.
State-of-the-art office space close to th",
vienna,Vị trí & lịch sử,distance_to_city_km,float,0,,,,,,"Tài liệu chỉ nêu thời gian di chuyển (16 phút bằng tàu từ Wien, ~20 phút từ trung tâm Vienna), không nêu khoảng cách theo km"
vienna,Vị trí & lịch sử,area_km2,float,0,,,,,,"Không có số liệu tổng diện tích khu đô thị AirportCity; tài liệu chỉ nêu diện tích từng công trình (Office Park 4 20.000 m², kho ngoại quan 28.000 m²)"
vienna,Vị trí & lịch sử,airport_build_period,string,1,1938-nay,medium,S15,https://en.wikipedia.org/wiki/Vienna_International_Airport,Airports established in 1938,
vienna,Vị trí & lịch sử,urban_build_period,string,1,2004-nay,medium,S16,https://de.wikipedia.org/wiki/Flughafen_Wien-Schwechat,So befindet sich seit dem Jahr 2004 ein Bürostandort namens „Office Park“ am Gelände.,
vienna,Vị trí & lịch sử,founded_year,int,1,1938,medium,S15,https://en.wikipedia.org/wiki/Vienna_International_Airport,Airports established in 1938,
vienna,Vị trí & lịch sử,development_context,string,1,"Năm 1998 sân bay công bố master plan mở rộng tới 2015, gồm office park mới, ga đường sắt, trung tâm hàng hoá, trung tâm hàng không chung, tháp không lưu, nhà ga và đường băng; song song đó Flughafen W",high,S15,https://en.wikipedia.org/wiki/Vienna_International_Airport,"To accommodate future growth, in 1998 Vienna Airport published a master plan that outlined expansion projects until 2015. These projects included a new office p",
vienna,Định vị & quy hoạch,positioning,string,1,"AirportCity – địa điểm kinh doanh ""số 1"": linh hoạt, dễ tiếp cận, bền vững và kết nối, là nơi làm việc lý tưởng với kết nối ra thế giới",high,S02,https://www.airportcity.at/en/advantages__facts,"Flexibel, erreichbar, nachhaltig und vernetzt – die AirportCity",
vienna,Định vị & quy hoạch,planning_concept,string,1,"Đô thị nén ngay tại sân bay: mọi lợi thế của một đô thị lớn trong tầm đi bộ – ga tàu, bãi đỗ xe, cổng ra máy bay, khách sạn, trung tâm hội nghị đều nằm trong khu",high,S06,https://www.viennaairport.com/en/business__partner/real_estate/real_estate_at_vienna_airport,"In addition, Vienna AirportCity offers all the advantages of a major city within walking distance in a compact space.",
vienna,Định vị & quy hoạch,cornerstones,string_list,1,Văn phòng (Office Center/Office Park); Cargo – hàng hoá hàng không; Khách sạn; Conference & Innovation Center (hội nghị & đổi mới); Coworking (AirportCity Space); Health Center Vienna Airport (trung t,medium,S02,https://www.airportcity.at/en/advantages__facts,"Alle Services
Zur AirportCity Community
Cargo
Hotels
Conference & Innovation Center
Office Center
Health Center Vienna Airport",
vienna,Định vị & quy hoạch,subzones,string_list,1,Office Park 1; Office Park 2; Office Park 3; Office Park 4; Office Park 4 NEXT; Office Center; Space Hub; Air Cargo Center,medium,S04,https://airportcity.at/en/sustainability,"Office Park 1
Office Park 2
Office Park 3
Office Park 4
Office Park 4 NEXT
Office Center
Space Hub",
vienna,Chỉ số quy mô,passengers_million,float,1,31.66,high,S08,https://viennaairport.com/en/company/flughafen_wien_ag/fwag_group_facts__figures_,"Vienna Airport cracked the 31 million mark for the first time in its history and counted 31,662,189 passengers in 2019, +17.1% more travelers than in the previo",
vienna,Chỉ số quy mô,cargo_million_tonnes,float,1,0.23284,medium,S15,https://en.wikipedia.org/wiki/Vienna_International_Airport,"Cargo (metric tons)
00,
232,840
-3.9%",
vienna,Chỉ số quy mô,air_movements,int,1,240361,medium,S15,https://en.wikipedia.org/wiki/Vienna_International_Airport,"Aircraft movements
00,
240,361
+2.7%",
vienna,Chỉ số quy mô,destinations,int,1,200,low,S02,https://www.airportcity.at/en/advantages__facts,"Eine Verkehrsanbindung, die Sie sich wünschen – von Wien zum Flughafen in 16 Minuten, mit Bahn, Straße und Flugzeug zu 200",
vienna,Chỉ số quy mô,airlines,int,0,,,,,,Tài liệu liệt kê một số hãng khai thác nhưng không nêu tổng số hãng bay
vienna,Chỉ số quy mô,transfer_pct,float,0,,,,,,Không có số liệu tỷ lệ hành khách transfer trong tài liệu
vienna,Chỉ số quy mô,airport_area_ha,float,0,,,,,,Không có số liệu diện tích khuôn viên sân bay trong phần nội dung đã crawl
vienna,Chỉ số quy mô,employees,int,0,,,,,,"Không có số liệu số người làm việc trong khu; con số 12.650 nhân viên là của nhà thầu Swietelsky AG, không phải của AirportCity"
vienna,Chỉ số quy mô,num_companies_airport,int,1,230,high,S01,https://airportcity.at/en,"230 international companies,
including the American start-up accelerator Plug and Play, are active at the site.",
vienna,Chỉ số quy mô,num_companies_realestate,int,0,,,,,,"Nguồn chỉ nêu ""over 250 businesses connected within the AirportCity community"" – là cộng đồng doanh nghiệp kết nối, không xác định là số doanh nghiệp thuê bất động sản"
vienna,Chỉ số quy mô,num_office_buildings,int,1,4,medium,S06,https://www.viennaairport.com/en/business__partner/real_estate/real_estate_at_vienna_airport,".In addition to the four Office Park office buildings, other buildings, warehouse space and coworking spaces are also available
at the site.",
vienna,Chỉ số quy mô,jobs_created,int,0,,,,,,"Nguồn chỉ nêu ~1.000 việc làm mới khi Office Park 4 NEXT hoàn thành (dự kiến 2028) – là số dự kiến trong tương lai, không phải việc làm đã tạo"
vienna,Đầu tư & quản trị,total_investment_usd,string,0,,,,,,"Chỉ có vốn đầu tư của từng dự án riêng lẻ (Office Park 4 ~60 triệu EUR, Terminal 3 849,15 triệu EUR), không có tổng vốn đầu tư của khu đô thị"
vienna,Đầu tư & quản trị,investor_governance,string,1,"Flughafen Wien AG – một trong số ít nhà khai thác sân bay niêm yết ở châu Âu, được tư nhân hoá năm 1992; cổ đông gồm bang Lower Austria 20,0%, thành phố Vienna 20,0%, quỹ tham gia của người lao động 1",high,S08,https://viennaairport.com/en/company/flughafen_wien_ag/fwag_group_facts__figures_,"Flughafen Wien AG, one of the few quoted airport operators in Europe, was privatised in 1992.
Shareholders are:
Province of Lower Austria: 20.0%
City of Vienna:",
vienna,Đầu tư & quản trị,gov_led_ratio_pct,float,1,40.0,medium,S08,https://viennaairport.com/en/company/flughafen_wien_ag/fwag_group_facts__figures_,"Province of Lower Austria: 20.0%
City of Vienna: 20.0%",
vienna,Đầu tư & quản trị,private_ratio_pct,float,1,60.0,medium,S08,https://viennaairport.com/en/company/flughafen_wien_ag/fwag_group_facts__figures_,"Private employee participation foundation: 10.0%
Airports Group Europe S.à r.l.: 44.3%
Freefloat: 5.7%",
vienna,Đầu tư & quản trị,lead_developer,string,1,"Flughafen Wien AG (nhà phát triển, xây dựng và vận hành trọn gói sân bay)",high,S08,https://viennaairport.com/en/company/flughafen_wien_ag/fwag_group_facts__figures_,"Flughafen Wien AG is one of the few listed airports in Europe. As the developer, builder and full-service operator of Vienna
International Airport",
vienna,Sản phẩm (CVP 1),cvp_product,string_list,1,"Văn phòng cho thuê linh hoạt (từ một chỗ ngồi đến cả sàn hoặc toà nhà riêng) tại Office Park 1–4, Office Park 4 NEXT, Office Center, Space Hub; Coworking (AirportCity Space): chỗ ngồi cố định và Cowor",high,S06,https://www.viennaairport.com/en/business__partner/real_estate/real_estate_at_vienna_airport,".In addition to the four Office Park office buildings, other buildings, warehouse space and coworking spaces are also available
at the site.",
vienna,Sản phẩm (CVP 1),commercial_re,string_list,1,Văn phòng (office); Kho vận/cargo (warehouse); Coworking; Khách sạn; Bán lẻ và nhà hàng (retail & restaurant areas); Trung tâm hội nghị/sự kiện,high,S06,https://www.viennaairport.com/en/business__partner/real_estate/real_estate_at_vienna_airport,"Aviation / Handling / Airside
Aviation
Ground Hand­ling
Airside Training
AirportCity
AirportCity
Real estate at Vienna Airport
Retail & restaurant areas
Parking",
vienna,Sản phẩm (CVP 1),economic_zone_name,string,0,,,,,,Tài liệu không nhắc tới khu kinh tế đặc biệt/FTZ nào gắn với Vienna AirportCity (chỉ có kho ngoại quan bonded warehouse của Air Cargo Center).
vienna,Sản phẩm (CVP 1),economic_zone_year,int,0,,,,,,Không có tên đặc khu nên cũng không có năm thành lập trong tài liệu.
vienna,Sản phẩm (CVP 1),residential_product_desc,string,0,,,,,,"Tài liệu chỉ mô tả văn phòng, cargo, coworking, khách sạn và tiện ích doanh nghiệp; không nêu sản phẩm nhà ở — khu định vị là business campus quốc tế."
vienna,Sản phẩm (CVP 1),residential_highrise_pct,float,0,,,,,,Tài liệu không nêu bất kỳ tỉ lệ sản phẩm nhà ở nào.
vienna,Sản phẩm (CVP 1),residential_lowrise_pct,float,0,,,,,,Tài liệu không nêu bất kỳ tỉ lệ sản phẩm nhà ở nào.
vienna,Sản phẩm (CVP 1),residential_land_pct,float,0,,,,,,Tài liệu không nêu bất kỳ tỉ lệ sản phẩm nhà ở nào.
vienna,Sản phẩm (CVP 1),basic_amenities,string_list,1,Nhà thuốc; Trung tâm y tế (Health Center Vienna Airport); Nhà trẻ (Kindergarten); Phòng tập thể hình (FitFabrik); Tiệm làm tóc; Nhà hàng; Khách sạn; Không gian hội nghị và phòng họp; Kết nối giao thôn,high,S06,https://www.viennaairport.com/en/business__partner/real_estate/real_estate_at_vienna_airport,"Pharmacy
Medical center
Coworking Space
Fitness Center
Hairdresser
Hotels
Kindergarten
Conference space
Meeting rooms
Restaurants
Public transport connection
Pa",
vienna,Sản phẩm (CVP 1),highlight_amenities,string_list,1,"Office Park 4 – toà nhà văn phòng bền vững nhất nước Áo, 20.000 m², internet 10 Gbps; Office Park 4 NEXT – tổ hợp văn phòng và trung tâm hội nghị mới, hoàn thành dự kiến 2028; AirportCity Space Level²",high,S11,https://viennaairport.com/en/passengers/airport/hotel__conferences__offices,The AirportCity Space Level²² in Europe's tallest airport tower is also an exclusive event space for special occasions.,
vienna,Giá (CVP 2),cvp_price,string,1,Thu tiền chủ yếu bằng cho thuê (rent): thuê văn phòng theo nhu cầu từ một chỗ làm việc đến cả sàn hoặc toà nhà riêng qua một đầu mối duy nhất; cho thuê kho/cargo và gói coworking trả theo tháng.,high,S01,https://airportcity.at/en,"Office space tailored to your needs – from a single desk to an entire floor or your own building in AirportCity, all available
to rent from a single source.",
vienna,Giá (CVP 2),office_rent_eur_m2_year,object,0,,,,,,"Không có dòng chào giá EUR/m²/năm trong tài liệu: [S13] chỉ còn tiêu đề báo cáo EHL không kèm số; [S12] chỉ nêu giá coworking theo chỗ/tháng (250–1.900 EUR/tháng), không phải EUR/m²/năm."
vienna,Giá (CVP 2),cvp_price_note,string,1,"Giá coworking niêm yết theo tháng và chưa gồm thuế GTGT (exkl. USt); Coworking Office có thời hạn tối thiểu 3 tháng, đặt cọc 1 tháng; gói Corporate 250 EUR/chỗ/tháng dùng được cho tối đa 8 người.",high,S12,https://viennaairport.com/coworking/packages,"Coworking Office XS: € 495,- / Monat exkl. USt
Optimal für einen Arbeitsplatz (7 m²), Mindestlaufzeit 3 Monate / Kaution: 1 Monat",
vienna,Giá (CVP 2),price_vs_reference,string,0,,,,,,"Tài liệu không có số liệu so sánh mặt bằng giá thuê của AirportCity với thị trường Vienna (trang [S13] chỉ còn tiêu đề, không có nội dung số liệu)."
vienna,Giá (CVP 2),living_fee_usd_per_m2_month,string,0,,,,,,Tài liệu không nêu mức phí quản lý/duy trì tính theo USD hay EUR trên m²/tháng.
vienna,Giá (CVP 2),has_urban_service_fee,bool,1,True,low,S01,https://airportcity.at/en,"An office building just the way you want it – exemplary energy efficiency, reasonable running costs, in the carbon-neutral
AirportCity.",
vienna,Giá (CVP 2),sales_scheme,string,1,"Mô hình B2B cho thuê (không bán đất/sản phẩm): Flughafen Wien AG cho thuê văn phòng, kho và coworking từ một đầu mối duy nhất; coworking đặt theo ngày hoặc dài hạn nhiều tháng, Coworking Office tối th",medium,S06,https://www.viennaairport.com/en/business__partner/real_estate/real_estate_at_vienna_airport,Both daily bookings and long-term bookings over several months are available - according to your individual needs.,
vienna,Dịch vụ (CVP 3),cvp_service,string_list,1,"Đội Real Estate Management hỗ trợ khách thuê thiết kế và bàn giao văn phòng; Dịch vụ cargo chuyên nghiệp, thông quan 24/7 và Vienna Pharma Handling Center; Coworking linh hoạt, hộp thư và đăng ký trụ ",medium,S12,https://viennaairport.com/coworking/packages,"1 fixer Arbeitsplatz im Coworking Space
24/7 Zugangsmöglichkeiten
High Speed WLAN
Postfach und Möglichkeit zur Firmensitzanmeldung
(inkludiert ab 3-Monatsbindun",
vienna,Dịch vụ (CVP 3),airport_privilege,string,1,"Khách thuê trong khu được hưởng điều kiện đỗ xe ưu đãi (Sonderkonditionen für das Parken), quyền tham dự các sự kiện Vienna AirportCity và giảm 15% khi đặt phòng hội nghị/họp; khách dự sự kiện tại Air",medium,S12,https://viennaairport.com/coworking/packages,"15 % Rabatt auf unsere Konferenz- und Meetingräume
Branding des Arbeitsplatzes (Firmenlogo & Information)
Zugang zu Vienna AirportCity Events
Sonderkonditionen ",
vienna,Dịch vụ (CVP 3),has_airport_privilege,bool,1,True,medium,S12,https://viennaairport.com/coworking/packages,"Zugang zu Vienna AirportCity Events
Sonderkonditionen für das Parken
Reinigung des Arbeitsplatzes",
vienna,Dịch vụ (CVP 3),smart_city,string,1,"Phần mềm điều khiển Smart City phát triển cùng TU Wien tối ưu tiêu thụ năng lượng toàn khu, kết hợp quản lý toà nhà thông minh, chuyển toàn bộ chiếu sáng sang LED, đội xe điện khoảng 400 chiếc; hạ tần",high,S04,https://airportcity.at/en/sustainability,"Intelligent
building management and solutions for greater energy efficiency – such as the conversion of all lighting systems on site to
energy-saving LED system",
vienna,Dịch vụ (CVP 3),has_smart_city,bool,1,True,high,S04,https://airportcity.at/en/sustainability,Smart City control software developed in collaboration with TU Wien optimises energy consumption on site.,
vienna,Trải nghiệm (CVP 4),cvp_experience,string_list,1,Sự kiện cộng đồng (Community Events) của AirportCity; Phòng gym FitFabrik; Health Centre và nhà trẻ trong khu; Không gian sự kiện Level²² ngắm sân đỗ máy bay; Conference & Innovation Center với 18 phò,medium,S04,https://airportcity.at/en/sustainability,"Social Sustainability
Nursery
Health Centre
Gym
Community Events
Wi-Fi",
vienna,Trải nghiệm (CVP 4),experience_desc,string,1,"Đời sống trong khu xoay quanh cộng đồng AirportCity: sự kiện cộng đồng thường xuyên, các sự kiện chuyên đề như Cargo Day, hội nghị – hội thảo tại Conference & Innovation Center và không gian sự kiện đ",medium,S01,https://airportcity.at/en,"‘We regularly use the Conference & Innovation Centre and the adjacent hotels for our business. Many of our employees are active
members of the FitFabrik and mak",
vienna,Thuận tiện (CVP 5),cvp_convenience,string_list,1,"Ga tàu, nhà xe và cửa lên máy bay nằm ngay trong khu; Từ Vienna tới sân bay chỉ 16 phút; Cách trung tâm Vienna khoảng 20 phút; Railjet tới Wien Hauptbahnhof 15 phút; City Airport Train tới Wien Mitte ",high,S01,https://airportcity.at/en,"The transport links you’ve been waiting for – from Vienna to the airport in 16 minutes, with rail, road and air links to 200",
vienna,Thuận tiện (CVP 5),connectivity_desc,string,1,"Vienna AirportCity nằm ngay tại Vienna International Airport, cách trung tâm Vienna khoảng 20 phút, có ga đường sắt riêng trong khu: S-Bahn S7 và Railjet đi Wien Hauptbahnhof 15 phút, City Airport Tra",high,S06,https://www.viennaairport.com/en/business__partner/real_estate/real_estate_at_vienna_airport,"Just twenty minutes from downtown Vienna, Vienna AirportCity offers a whole new world of opportunities for businesses.",
vienna,Thuận tiện (CVP 5),connection_modes,string_list,1,"Đường sắt đô thị S-Bahn (S7); Đường sắt liên tỉnh/quốc tế (Railjet, ICE); City Airport Train (CAT); Xe buýt (Vienna Airport Bus, xe buýt shuttle nội khu); Đường bộ cao tốc (A4, A6); Taxi và limousine;",high,S10,https://viennaairport.com/en/passengers/arrival__parking/s-bahn__suburban_railway,"City Airport Train / CAT
Rail connections
Bus
Airport cycle route
Taxis & Limousines
Car rental
Car sharing",
vienna,Thuận tiện (CVP 5),metro_lines,int,1,1,medium,S10,https://viennaairport.com/en/passengers/arrival__parking/s-bahn__suburban_railway,"Timetable:
Express train S7 and Railjet from/to Vienna",
vienna,Thuận tiện (CVP 5),rail_connections,string_list,1,S-Bahn S7 đi/đến Wien; Railjet – Wien Hauptbahnhof (15 phút); Railjet – St. Pölten Hbf (55 phút); Railjet – Linz Hbf (1h41); Railjet – Salzburg Hbf (2h49); Railjet – Innsbruck Hbf (4h40); Railjet – Gr,high,S10,https://viennaairport.com/en/passengers/arrival__parking/s-bahn__suburban_railway,"With the ÖBB-Railjet you can reach Vienna Central Station, St. Pölten, Linz, Salzburg, Innsbruck, Bregenz and Graz directly.
Klagenfurt, Brno, Prague, Györ and ",
vienna,Thương hiệu (CVP 6),cvp_brand,string_list,1,"Flughafen Wien AG (chủ đầu tư, xây dựng và vận hành trọn gói); Vienna AirportCity; Vienna AirportCity Event GmbH; Province of Lower Austria (cổ đông 20%); City of Vienna (cổ đông 20%)",high,S08,https://viennaairport.com/en/company/flughafen_wien_ag/fwag_group_facts__figures_,"Flughafen Wien AG is one of the few listed airports in Europe. As the developer, builder and full-service operator of Vienna
International Airport, it offers th",
vienna,Thương hiệu (CVP 6),brand_desc,string,1,"Thương hiệu được xây dựng quanh hình ảnh ""international Business Campus"" – địa điểm kinh doanh số một tại cửa ngõ chính của Áo ra thế giới: gói dịch vụ trọn gói cho doanh nghiệp, cộng đồng AirportCity",medium,S01,https://airportcity.at/en,"We offer a comprehensive
package that opens up new perspectives, and we are constantly evolving. This ensures that our
business location remains the number one ",
vienna,Thương hiệu (CVP 6),brand_partners,string_list,1,Austrian Airlines; Flughafen Wien AG; Flextronics International GmbH; Gruber Logistics Forwarding; BR International Consulting Services; ENPULSION; Regus; NH Vienna Airport Conference Center; Moxy Vie,medium,S01,https://airportcity.at/en,"Christopher P. Kahler
Vice President Tax EMEA / Geschäftsführer Flextronics International GmbH",
vienna,Tầm nhìn & bền vững,vision_label,string,0,,,,,,"Tài liệu không nêu nhãn tầm nhìn dạng ""Vision 20xx"" cho Vienna AirportCity."
vienna,Tầm nhìn & bền vững,vision_qualities,string_list,1,"Linh hoạt (Flexible); Dễ tiếp cận, kết nối tốt (Accessible); Bền vững (Sustainable)",medium,S01,https://airportcity.at/en,AirportCity stands for,
vienna,Tầm nhìn & bền vững,aviation_policy,string,1,"Quy hoạch tổng thể (master plan) do Vienna Airport công bố năm 1998, định hướng các dự án mở rộng đến 2015, gồm office park mới, ga đường sắt, trung tâm hàng hoá, trung tâm hàng không chung, tháp khôn",medium,S15,https://en.wikipedia.org/wiki/Vienna_International_Airport,"To accommodate future growth, in 1998 Vienna Airport published a master plan that outlined expansion projects until 2015. These projects included a new office p",
vienna,Tầm nhìn & bền vững,sustainability,string_list,1,"Vận hành trung hoà carbon từ năm 2023, thuộc nhóm sân bay đầu tiên tại châu Âu; Hệ thống điện mặt trời lớn nhất nước Áo trên sân bay và mái nhà; 45 triệu kWh điện mặt trời phủ 50% lượng điện tiêu thụ ",high,S04,https://airportcity.at/en/sustainability,"45 million kilowatt hours from photovoltaic systems cover 50% of annual electricity consumption
CO2-neutral district heating through the use of industrial waste",
vienna,Khu chức năng chuyên biệt,logistics_park_name,string,1,Air Cargo Center,high,S07,https://viennaairport.com/en/business__partner/aviation/air_cargo_centre,"Aviation
Air Cargo Center
Air Cargo Center
The
cargo handling facilities
are located within the bonded warehouse of Vienna Airport and have direct access to the",
vienna,Khu chức năng chuyên biệt,logistics_park_ha,float,1,2.8,medium,S07,https://viennaairport.com/en/business__partner/aviation/air_cargo_centre,"Bonded warehouse
28,000 m²",
vienna,Khu chức năng chuyên biệt,trade_park_name,string,0,,,,,,Tài liệu không nêu khu thương mại/business park có tên riêng tách biệt
vienna,Khu chức năng chuyên biệt,trade_park_ha,float,0,,,,,,Không có khu thương mại riêng nên không có số liệu diện tích
western_sydney,Định danh,case_name,string,1,Western Sydney Aerotropolis,high,S02,https://www.planning.nsw.gov.au/plans-for-your-area/priority-growth-areas-and-precincts/western-sydney-aerotropolis,The Western Sydney Aerotropolis will become a thriving economic centre in Western Sydney.,
western_sydney,Định danh,aerotropolis,string,1,Western Sydney Aerotropolis / Bradfield City,high,S01,https://www.nsw.gov.au/departments-and-agencies/bradfield-development-authority/our-projects/investing-western-sydney-aerotropolis,The Western Sydney Aerotropolis surrounds the new Western Sydney International Airport at Badgerys Creek and is set to become a thriving economic hub. ... At it,
western_sydney,Định danh,country,string,1,Úc,high,S05,https://www.nsw.gov.au/about-nsw/precinct-development/delivering-bradfield-city,"Discover how the Bradfield Development Authority is creating Bradfield City, Australia’s newest city, with world-class infrastructure and jobs.",
western_sydney,Định danh,is_target,bool,1,False,medium,baseline,,,
western_sydney,Định danh,airport_name,string,1,Western Sydney International (Nancy-Bird Walton) Airport,high,S02,https://www.planning.nsw.gov.au/plans-for-your-area/priority-growth-areas-and-precincts/western-sydney-aerotropolis,"Benefiting from proximity to the new Western Sydney International (Nancy-Bird Walton) Airport, the Aerotropolis will contribute towards 200,000 new jobs in the ",
western_sydney,Định danh,reference_city,string,1,Sydney,high,S03,https://www.planning.nsw.gov.au/plans-for-your-area/priority-growth-areas-and-precincts/western-sydney-aerotropolis/western-sydney-aerotropolis-explained,"The Greater Sydney Commission has established a clear, overarching vision for Sydney – A Metropolis of Three Cities",
western_sydney,Định danh,official_website,string,1,https://www.wsiairport.com.au,medium,baseline,,,
western_sydney,Vị trí & lịch sử,location_desc,string,1,"Khu đô thị sân bay bao quanh sân bay Western Sydney International mới tại Badgerys Creek, phía tây Sydney; nằm ở trung tâm mạng lưới đường bộ, cảng biển và hàng không của bang NSW, là 'trái tim' của W",high,S01,https://www.nsw.gov.au/departments-and-agencies/bradfield-development-authority/our-projects/investing-western-sydney-aerotropolis,"The Western Sydney Aerotropolis surrounds the new Western Sydney International Airport at Badgerys Creek and is set to become a thriving economic hub. ... 11,20",
western_sydney,Vị trí & lịch sử,distance_to_city_km,float,0,,,,,,Tài liệu chỉ nhắc tới việc bị phê bình về 'the distance to the Sydney CBD' nhưng không nêu con số km cụ thể.
western_sydney,Vị trí & lịch sử,area_km2,float,1,112.0,high,S01,https://www.nsw.gov.au/departments-and-agencies/bradfield-development-authority/our-projects/investing-western-sydney-aerotropolis,"11,200 hectares of rezoned land at the centre of NSW’s road, port, and air networks.",
western_sydney,Vị trí & lịch sử,airport_build_period,string,1,2018-2025,high,S11,https://en.wikipedia.org/wiki/Western_Sydney_Airport,"Construction of Stage 1 began on 24 September 2018, and major construction was completed in June 2025.",
western_sydney,Vị trí & lịch sử,urban_build_period,string,0,,,,,,"BASELINE_SAI: giá trị cũ là ngày mở cửa sân bay cho hành khách/hàng hoá, không phải giai đoạn xây dựng khu đô thị; tài liệu không nêu mốc bắt đầu – kết thúc xây dựng đô thị."
western_sydney,Vị trí & lịch sử,founded_year,int,1,2026,high,S10,https://www.pm.gov.au/media/its-official-western-sydney-open-passengers-25-october-and-freight-26-july-2026,“It’s exciting progress as we gear up to seeing Western Sydney International’s first passenger flights commence on October 25.”,
western_sydney,Vị trí & lịch sử,development_context,string,1,Sân bay Western Sydney là chất xúc tác cho quá trình đô thị hoá tương lai của Tây Sydney; được thúc đẩy bởi đầu tư của Chính phủ Liên bang vào sân bay mới cùng tuyến Sydney Metro – Western Sydney Airp,high,S03,https://www.planning.nsw.gov.au/plans-for-your-area/priority-growth-areas-and-precincts/western-sydney-aerotropolis/western-sydney-aerotropolis-explained,The Western Sydney Airport is the catalyst for much of Western Sydney’s future urbanisation. Propelled by Commonwealth Government investment in the new Airport ,
western_sydney,Định vị & quy hoạch,positioning,string,1,"Aerotropolis – trung tâm kinh tế sôi động của Tây Sydney, hub việc làm kỹ năng cao trong hàng không vũ trụ và quốc phòng, sản xuất, y tế, vận tải hàng hoá và logistics/kho vận, nông nghiệp công nghệ, ",high,S02,https://www.planning.nsw.gov.au/plans-for-your-area/priority-growth-areas-and-precincts/western-sydney-aerotropolis,"the Aerotropolis will contribute towards 200,000 new jobs in the broader Western Parkland City and become a high skill jobs hub across aerospace and defence, ma",
western_sydney,Định vị & quy hoạch,planning_concept,string,1,"Tạo lập một khu đổi mới sáng tạo (innovation precinct) – nơi tụ hội các ngành công nghệ, khoa học và công nghiệp sáng tạo; phát triển theo các phân khu ưu tiên với ba trụ đỡ: việc làm đẳng cấp thế giớ",high,S03,https://www.planning.nsw.gov.au/plans-for-your-area/priority-growth-areas-and-precincts/western-sydney-aerotropolis/western-sydney-aerotropolis-explained,"The Aerotropolis will create an innovation precinct and a home for technology, science and creative industries, ensuring the Western Parkland City has:",
western_sydney,Định vị & quy hoạch,cornerstones,string_list,1,hàng không vũ trụ và quốc phòng; sản xuất (manufacturing) / sản xuất tiên tiến; y tế; vận tải hàng hoá và logistics/kho vận; nông nghiệp công nghệ (agribusiness); giáo dục và nghiên cứu,high,S02,https://www.planning.nsw.gov.au/plans-for-your-area/priority-growth-areas-and-precincts/western-sydney-aerotropolis,"become a high skill jobs hub across aerospace and defence, manufacturing, healthcare, freight and logistics, agribusiness, education and research industries.",
western_sydney,Định vị & quy hoạch,subzones,string_list,1,Aerotropolis Core; Badgerys Creek; Wianamatta-South Creek; Northern Gateway; Agribusiness; Luddenham Village; Bradfield City,high,S03,https://www.planning.nsw.gov.au/plans-for-your-area/priority-growth-areas-and-precincts/western-sydney-aerotropolis/western-sydney-aerotropolis-explained,"Western Sydney Aerotropolis
Aerotropolis Core, Badgerys Creek and Wianamatta-South Creek precincts
Agribusiness precinct
Luddenham Village Interim Strategy
Nort",
western_sydney,Chỉ số quy mô,passengers_million,float,0,,,,,,"BASELINE_SAI: 10 triệu khách/năm là CÔNG SUẤT thiết kế Giai đoạn 1 ('expected to handle up to 10 million annual passengers'), sân bay mới mở cho hành khách từ 25/10/2026 nên chưa có sản lượng thực tế."
western_sydney,Chỉ số quy mô,cargo_million_tonnes,float,0,,,,,,"BASELINE_SAI: 1,8 triệu tấn là công suất tối đa của cargo precinct ('will eventually have capacity to service up to 1.8m tonnes'), không phải sản lượng đã ghi nhận."
western_sydney,Chỉ số quy mô,air_movements,int,0,,,,,,Tài liệu không nêu số lượt cất hạ cánh thực tế/năm.
western_sydney,Chỉ số quy mô,destinations,int,0,,,,,,"Tài liệu chỉ liệt kê các đường bay sẽ khai thác trong tương lai (Melbourne, Gold Coast, Brisbane, Auckland, Changi), không có số điểm đến thực tế đang khai thác."
western_sydney,Chỉ số quy mô,airlines,int,0,,,,,,"Tài liệu chỉ nêu các hãng đã công bố kế hoạch bay (Jetstar, Qantas, Air New Zealand, Singapore Airlines), không có số hãng đang khai thác thực tế."
western_sydney,Chỉ số quy mô,transfer_pct,float,0,,,,,,Tài liệu không đề cập tỷ lệ khách transfer.
western_sydney,Chỉ số quy mô,airport_area_ha,float,1,1780.0,high,S18,https://www.planning.nsw.gov.au/sites/default/files/2025-07/western-sydney-aerotropolis-development-control-plan-amendment.pdf,"Bird Walton) Airport
The declared airport site located on approximately
1,780 hectares of land at Badgerys Creek.",
western_sydney,Chỉ số quy mô,employees,int,0,,,,,,"Tài liệu chỉ nêu số việc làm dự báo (200.000; 28.000 vào 2031) và số việc làm do dự án xây dựng tạo ra, không có số người đang làm việc trong khu."
western_sydney,Chỉ số quy mô,num_companies_airport,int,0,,,,,,Tài liệu không nêu số doanh nghiệp hoạt động tại sân bay.
western_sydney,Chỉ số quy mô,num_companies_realestate,int,0,,,,,,Tài liệu không nêu số doanh nghiệp thuê bất động sản trong khu.
western_sydney,Chỉ số quy mô,num_office_buildings,int,0,,,,,,Tài liệu không nêu số toà nhà văn phòng.
western_sydney,Chỉ số quy mô,jobs_created,int,1,12800,high,S10,https://www.pm.gov.au/media/its-official-western-sydney-open-passengers-25-october-and-freight-26-july-2026,"The entire WSI project has created over 12,800 jobs, with around half of those jobs going to local workers.",
western_sydney,Đầu tư & quản trị,total_investment_usd,string,1,"Hơn 25 tỷ AUD do Chính phủ NSW và Chính phủ Liên bang đầu tư vào sân bay và hạ tầng giao thông thiết yếu; cùng hơn 14,4 tỷ AUD các dự án phát triển đã lên kế hoạch trong Aerotropolis (nguồn không quy ",high,S01,https://www.nsw.gov.au/departments-and-agencies/bradfield-development-authority/our-projects/investing-western-sydney-aerotropolis,Over $25 billion investment by the NSW and Commonwealth Governments in the airport and critical transport infrastructure. ... With over $14.4 billion in planned,
western_sydney,Đầu tư & quản trị,investor_governance,string,1,"Mô hình do nhà nước dẫn dắt: Bradfield Development Authority (cơ quan thuộc Chính phủ bang NSW) chịu trách nhiệm kiến tạo Bradfield City và thu hút đầu tư vào Aerotropolis, phối hợp với chính quyền, d",high,S08,https://www.nsw.gov.au/departments-and-agencies/bradfield-development-authority/about-us,The Bradfield Development Authority is building Western Sydney's future through Bradfield City and attracting investment to the Aerotropolis. ... We work with g,
western_sydney,Đầu tư & quản trị,gov_led_ratio_pct,float,0,,,,,,Tài liệu không nêu tỷ lệ vốn/quỹ đất do nhà nước dẫn dắt.
western_sydney,Đầu tư & quản trị,private_ratio_pct,float,0,,,,,,Tài liệu không nêu tỷ lệ tư nhân cụ thể.
western_sydney,Đầu tư & quản trị,lead_developer,string,1,Bradfield Development Authority,high,S08,https://www.nsw.gov.au/departments-and-agencies/bradfield-development-authority/about-us,Leading delivery of the 114-hectare Bradfield City precinct.,
western_sydney,Sản phẩm (CVP 1),cvp_product,string_list,1,"nhà ở (10.000 căn, giai đoạn đầu 1.400 căn); nhà ở giá phù hợp (tối thiểu 10%); bất động sản thương mại/văn phòng; khách sạn trung tâm thành phố; bán lẻ; ẩm thực (Food & Beverage Precinct); University",high,S07,https://bradfield.city/,"5.7 hectare mixed-use site that will deliver the first 1,400 homes, commercial, essential services, hotel, retail, and the University and Food & Beverage Precin",
western_sydney,Sản phẩm (CVP 1),commercial_re,string_list,1,"văn phòng/thương mại; khách sạn; bán lẻ; ẩm thực (F&B); dịch vụ thiết yếu; không gian doanh nghiệp linh hoạt, modular cho công nghệ – sản xuất – nghiên cứu (Enterprise Precinct); kho vận/logistics và ",medium,S07,https://bradfield.city/,"5.7 hectare mixed-use site that will deliver the first 1,400 homes, commercial, essential services, hotel, retail, and the University and Food & Beverage Precin",
western_sydney,Sản phẩm (CVP 1),economic_zone_name,string,0,,,,,,"Tài liệu chỉ mô tả Aerotropolis là vùng tăng trưởng ưu tiên/khu quy hoạch (rezoned land, priority precincts), không nêu tên đặc khu kinh tế hay khu thương mại tự do nào."
western_sydney,Sản phẩm (CVP 1),economic_zone_year,int,0,,,,,,Không có đặc khu kinh tế được nêu tên nên không có năm thành lập.
western_sydney,Sản phẩm (CVP 1),residential_product_desc,string,1,"Nhà phát triển hạ tầng lớn của Úc là Plenary sẽ xây 1.400 căn nhà đầu tiên trên quỹ đất First Land Release rộng 5,7 ha, nằm cạnh Advanced Manufacturing Readiness Facility, Central Park và Bradfield Me",high,S06,https://bradfield.city/what-bradfield-city,"Major Australian infrastructure developer Plenary will deliver the first 1,400 homes on a 5.7 hectare First Land Release adjacent to the Advance Manufacturing R",
western_sydney,Sản phẩm (CVP 1),residential_highrise_pct,float,0,,,,,,"Tài liệu chỉ nói 'high density, transit oriented' mà không nêu tỷ lệ % nhà cao tầng."
western_sydney,Sản phẩm (CVP 1),residential_lowrise_pct,float,0,,,,,,Không có số liệu tỷ lệ nhà thấp tầng trong tài liệu.
western_sydney,Sản phẩm (CVP 1),residential_land_pct,float,0,,,,,,Không có số liệu tỷ lệ đất nền/nhà liền thổ trong tài liệu.
western_sydney,Sản phẩm (CVP 1),basic_amenities,string_list,1,"đại học (University Precinct); bán lẻ; nhà trẻ (childcare); cơ sở y tế; Central Park (2 ha); không gian mở, công viên, đường thuỷ và sân chơi; cơ sở văn hoá, giáo dục và cộng đồng; không gian tổ chức ",high,S06,https://bradfield.city/what-bradfield-city,"The core city precinct will integrate housing with commercial uses, a university, retail, childcare and health facilities.",
western_sydney,Sản phẩm (CVP 1),highlight_amenities,string_list,1,"Advanced Manufacturing Readiness Facility (AMRF) – cơ sở sản xuất tiên tiến; nhà máy đóng gói tiên tiến bán dẫn (semiconductor advanced packaging facility); Central Park 2 ha; Green Loop 2,2 km; Bradf",high,S07,https://bradfield.city/,"Anchored by the Advanced Manufacturing Readiness Facility and semiconductor advanced packaging facility to support high-value technology, engineering, and resea",
western_sydney,Giá (CVP 2),cvp_price,string,1,"Không công bố biểu giá bán/cho thuê; nguồn thu chủ yếu đến từ việc nhà nước phát hành quỹ đất theo giai đoạn cho khu vực tư nhân phát triển (First Land Release – City Precinct 5,7 ha), kèm yêu cầu tối",low,S05,https://www.nsw.gov.au/about-nsw/precinct-development/delivering-bradfield-city,It is the first major land release in Bradfield City for the private sector.,
western_sydney,Giá (CVP 2),office_rent_eur_m2_year,object,0,,,,,,Tài liệu không có bất kỳ dòng chào giá thuê văn phòng (Starting at/From) nào.
western_sydney,Giá (CVP 2),cvp_price_note,string,0,,,,,,Không có thông tin về đơn vị hay điều kiện giá trong tài liệu.
western_sydney,Giá (CVP 2),price_vs_reference,string,0,,,,,,Tài liệu không so sánh mặt bằng giá với Sydney CBD hay thành phố tham chiếu nào.
western_sydney,Giá (CVP 2),living_fee_usd_per_m2_month,string,0,,,,,,Tài liệu không đề cập phí quản lý/duy trì.
western_sydney,Giá (CVP 2),has_urban_service_fee,bool,0,,,,,,Không có bằng chứng về phí dịch vụ đô thị trong tài liệu.
western_sydney,Giá (CVP 2),sales_scheme,string,1,"Mô hình B2B do nhà nước dẫn dắt: Bradfield Development Authority phát hành quỹ đất theo giai đoạn cho khu vực tư nhân (First Land Release – City Precinct 5,7 ha, đối tác phát triển Plenary), song song",medium,S05,https://www.nsw.gov.au/about-nsw/precinct-development/delivering-bradfield-city,It is the first major land release in Bradfield City for the private sector.,
western_sydney,Dịch vụ (CVP 3),cvp_service,string_list,1,"Investor Concierge Service (dịch vụ hỗ trợ nhà đầu tư miễn phí, bảo mật); cập nhật cơ hội và tăng trưởng trong Aerotropolis; phân tích kinh tế và dữ liệu kỹ năng lao động; kết nối đối tác chuỗi cung ứ",high,S01,https://www.nsw.gov.au/departments-and-agencies/bradfield-development-authority/our-projects/investing-western-sydney-aerotropolis,"The
Bradfield Development Authority's
Investor Concierge Service is a free, confidential program that offers tailored support to help your business succeed in t",
western_sydney,Dịch vụ (CVP 3),airport_privilege,string,0,,,,,,"Tài liệu không nêu bất kỳ ưu đãi hàng không riêng (fast track, ưu đãi vé, priority) dành cho cư dân/doanh nghiệp trong khu; chỉ nêu lợi thế vị trí và metro 5 phút tới sân bay."
western_sydney,Dịch vụ (CVP 3),has_airport_privilege,bool,0,,,,,,Không có bằng chứng khẳng định hay phủ định về đặc quyền sân bay dành cho cư dân/doanh nghiệp.
western_sydney,Dịch vụ (CVP 3),smart_city,string,1,"Hạ tầng số của Bradfield City được thiết kế 'future ready': kết nối cáp quang dung lượng cao, tốc độ siêu cao và phủ sóng di động rộng khắp, tạo nền tảng cho một phân khu kết nối cao độ; thành phố cũn",high,S05,https://www.nsw.gov.au/about-nsw/precinct-development/delivering-bradfield-city,"Bradfield City's digital infrastructure will offer future ready, high-capacity, ultra-high-speed fibre connectivity and extensive mobile coverage.",
western_sydney,Dịch vụ (CVP 3),has_smart_city,bool,1,True,high,S05,https://www.nsw.gov.au/about-nsw/precinct-development/delivering-bradfield-city,"Together, these systems lay the foundation for a highly connected, future-ready precinct.",
western_sydney,Trải nghiệm (CVP 4),cvp_experience,string_list,1,"Central Park 2 ha – quảng trường dân sự biểu tượng để gặp gỡ, vui chơi, thư giãn; hơn 36 ha không gian mở công cộng, đường thuỷ và sân chơi; Green Loop 2,2 km đi bộ và xe đạp, kể câu chuyện Country và",high,S06,https://bradfield.city/what-bradfield-city,"One third of Bradfield City (more than 36 hectares) will be public open space, including the iconic two-hectare Central Park, anchoring a walkable, cycle‑friend",
western_sydney,Trải nghiệm (CVP 4),experience_desc,string,1,"Bradfield City được định hướng là thành phố toàn cầu sôi động, vừa thúc đẩy đổi mới công nghiệp vừa là trung tâm nghệ thuật, văn hoá và giải trí, hoạt động như một hệ sinh thái 'around the clock' của ",medium,S05,https://www.nsw.gov.au/about-nsw/precinct-development/delivering-bradfield-city,"This vibrant, global city will drive industry innovation and serve as a central hub for arts, culture, and entertainment.",
western_sydney,Thuận tiện (CVP 5),cvp_convenience,string_list,1,Metro tốc độ cao tới sân bay chỉ 5 phút; phần lớn nhà ở nằm trong bán kính đi bộ 400 m tới Bradfield Metro Station; tuyến metro 23 km nối St Marys và tuyến T1 Western Line tới toàn Greater Sydney; cao,high,S06,https://bradfield.city/what-bradfield-city,"Most homes will be within a 400 metre walk of the Bradfield Metro Station, supporting walkability and reducing car dependency.",
western_sydney,Thuận tiện (CVP 5),connectivity_desc,string,1,Bradfield City được kiến tạo xoay quanh tuyến Metro tốc độ cao mới: tới sân bay chỉ 5 phút và nối vào Greater Sydney qua tuyến T1 Đông–Tây từ St Marys. Tuyến Sydney Metro – Western Sydney Airport dài ,high,S06,https://bradfield.city/what-bradfield-city,"Bradfield City is being created around a new high-speed Metro, connecting to the airport in just five minutes and to Greater Sydney via the main East-West T1 li",
western_sydney,Thuận tiện (CVP 5),connection_modes,string_list,1,"metro (Sydney Metro – Western Sydney Airport); đường sắt ngoại ô (T1 Western Line tại St Marys); xe buýt (5 mạng lưới mới, tần suất 30 phút); cao tốc/đường bộ (M12, The Northern Road, Elizabeth Drive)",high,S06,https://bradfield.city/what-bradfield-city,"Major upgrades to the Northern Road and Elizabeth Drive, as well as the new toll-free M12 motorway, will connect Bradfield City to the rest of Sydney.",
western_sydney,Thuận tiện (CVP 5),metro_lines,int,1,1,medium,S07,https://bradfield.city/,"The 23km Sydney Metro – Western Sydney Airport line will connect Bradfield City to Western Sydney International Airport, St Marys, and then on to the T1 Western",
western_sydney,Thuận tiện (CVP 5),rail_connections,string_list,1,"Sydney Metro – Western Sydney Airport (23 km, 6 ga từ St Marys tới Bradfield City Centre); T1 Western Line (kết nối chuyển tuyến tại St Marys); North South Rail Line (Bradfield là Giai đoạn 1, đề xuất",high,S07,https://bradfield.city/,"The 23km Sydney Metro – Western Sydney Airport line will connect Bradfield City to Western Sydney International Airport, St Marys, and then on to the T1 Western",
western_sydney,Thương hiệu (CVP 6),cvp_brand,string_list,1,Bradfield Development Authority; Chính quyền bang NSW (NSW Government); Chính phủ Liên bang Úc (Commonwealth Government); Western Sydney International (Nancy-Bird Walton) Airport – WSI; Sydney Metro; ,high,S08,https://www.nsw.gov.au/departments-and-agencies/bradfield-development-authority/about-us,The Bradfield Development Authority is building Western Sydney's future through Bradfield City and attracting investment to the Aerotropolis.,
western_sydney,Thương hiệu (CVP 6),brand_desc,string,1,"Thương hiệu do Bradfield Development Authority – cơ quan nhà nước của NSW – dẫn dắt, với thông điệp xây dựng tương lai Tây Sydney thông qua Bradfield City và thu hút đầu tư vào Aerotropolis. Định vị '",medium,S08,https://www.nsw.gov.au/departments-and-agencies/bradfield-development-authority/about-us,"We do this by leading the creation of Australia's newest city, attracting investment to the region, and growing industry.",
western_sydney,Thương hiệu (CVP 6),brand_partners,string_list,1,Plenary; Ingham Property Group (IPG); Parklife Metro; Qantas Freight; Menzies Aviation; dnata Cargo; Texel Air,medium,S06,https://bradfield.city/what-bradfield-city,"First Land Release development partner Plenary brings extensive experience delivering complex, mixed‑use and education precincts, strengthening confidence in th",
western_sydney,Tầm nhìn & bền vững,vision_label,string,1,A Metropolis of Three Cities,medium,S03,https://www.planning.nsw.gov.au/plans-for-your-area/priority-growth-areas-and-precincts/western-sydney-aerotropolis/western-sydney-aerotropolis-explained,"The Greater Sydney Commission has established a clear, overarching vision for Sydney –
A Metropolis of Three Cities",
western_sydney,Tầm nhìn & bền vững,vision_qualities,string_list,1,"việc làm đẳng cấp thế giới, hơn 100.000 cơ hội việc làm mới trên toàn Aerotropolis tới năm 2056; khả năng tiếp cận và kết nối vượt trội nhờ hạ tầng công cộng; chất lượng sống xuất sắc với cách tiếp cậ",high,S03,https://www.planning.nsw.gov.au/plans-for-your-area/priority-growth-areas-and-precincts/western-sydney-aerotropolis/western-sydney-aerotropolis-explained,"excellent access and connectivity, provided through public infrastructure
excellent liveability, where a 'beyond business as usual' approach will focus on creat",
western_sydney,Tầm nhìn & bền vững,aviation_policy,string,1,"Phát triển chịu sự chi phối của State Environmental Planning Policy (Precincts – Western Parkland City) 2021 (ban đầu là SEPP (Western Sydney Aerotropolis) 2020, chuyển sang SEPP hợp nhất tháng 3/2022",high,S04,https://www.planning.nsw.gov.au/plans-for-your-area/priority-growth-areas-and-precincts/western-sydney-aerotropolis/the-planning-framework-for-the-aerotropolis,The Government originally established the State Environmental Planning Policy controls for the Aerotropolis under the State Environmental Planning Policy (Weste,
western_sydney,Tầm nhìn & bền vững,sustainability,string_list,1,Sustainability and Resilience Strategy 2024-2028 (Chiến lược Bền vững và Thích ứng) của Bradfield Development Authority với các mục tiêu tham vọng; lồng ghép bền vững và thích ứng khí hậu vào mọi giai,high,S08,https://www.nsw.gov.au/departments-and-agencies/bradfield-development-authority/about-us,We are embedding sustainability and climate resilience into every stage of development. Our Sustainability and Resilience Strategy 2024-2028 sets ambitious targ,
western_sydney,Khu chức năng chuyên biệt,logistics_park_name,string,1,Cargo Precinct (khu hàng hoá 24 giờ của WSI),medium,S19,https://australianaviation.com.au/2026/07/western-sydney-airport-officially-opens-to-freight/,"Western Sydney International Airport has officially opened its new cargo precinct, marking a major milestone for the airport and supply chains.",
western_sydney,Khu chức năng chuyên biệt,logistics_park_ha,float,0,,,,,,Tài liệu không nêu diện tích của cargo precinct.
western_sydney,Khu chức năng chuyên biệt,trade_park_name,string,0,,,,,,Tài liệu không đề cập khu thương mại tự do hay công viên thương mại có tên riêng.
western_sydney,Khu chức năng chuyên biệt,trade_park_ha,float,0,,,,,,Không có khu thương mại được nêu tên nên không có diện tích.
zayed,Định danh,case_name,string,1,Zayed Airport City,medium,baseline,,,
zayed,Định danh,aerotropolis,string,1,Abu Dhabi Airports Free Zone (ADAFZ) – Zayed International Airport,high,S01,https://www.adafz.ae/en/AboutUs,Abu Dhabi Airports Free Zone (ADAFZ) was established in 2012 as a subsidiary of Abu Dhabi Airports,
zayed,Định danh,country,string,1,Các Tiểu vương quốc Ả Rập Thống nhất (UAE),high,S03,https://www.adairports.ae/en/pressrelease/2026/01/abu-dhabi-airports-closes-2025-with-record-traffic-as--zayed-international-emerges-as-emea,"Abu Dhabi, UAE, 29 January 2026:",
zayed,Định danh,is_target,bool,1,False,medium,baseline,,,
zayed,Định danh,airport_name,string,1,Zayed International Airport,high,S01,https://www.adafz.ae/en/AboutUs,"All of our property solutions are located around 3 core airports; Zayed International Airport, Al Ain International Airport, and Al Bateen Executive Airport.",
zayed,Định danh,reference_city,string,1,Abu Dhabi,high,S11,https://en.wikipedia.org/wiki/Zayed_International_Airport,The airport is located 16.5 nautical miles (30.6 km; 19.0 mi) east of Abu Dhabi,
zayed,Định danh,official_website,string,1,https://www.adafz.ae,high,S01,https://www.adafz.ae/en/AboutUs,url: https://www.adafz.ae/en/AboutUs,
zayed,Vị trí & lịch sử,location_desc,string,1,"Sân bay Zayed International nằm cách trung tâm Abu Dhabi khoảng 30,6 km về phía đông; các phân khu bất động sản của ADAFZ bố trí quanh 3 sân bay lõi (Zayed International, Al Ain International, Al Bate",medium,S11,https://en.wikipedia.org/wiki/Zayed_International_Airport,"The airport is located 16.5 nautical miles (30.6 km; 19.0 mi) east of Abu Dhabi, and covers an area of 15,000 acres (6,000 ha)",
zayed,Vị trí & lịch sử,distance_to_city_km,float,1,30.6,high,S11,https://en.wikipedia.org/wiki/Zayed_International_Airport,The airport is located 16.5 nautical miles (30.6 km; 19.0 mi) east of Abu Dhabi,
zayed,Vị trí & lịch sử,area_km2,float,0,,,,,,"Tài liệu chỉ nêu diện tích phân khu Al Falah District (8,3 km², thuộc logistics_park_ha) và diện tích sân bay (6.000 ha); không có tổng diện tích toàn khu đô thị sân bay/ADAFZ."
zayed,Vị trí & lịch sử,airport_build_period,string,1,1979-1982,high,S11,https://en.wikipedia.org/wiki/Zayed_International_Airport,Construction started in 1979 and the airport was inaugurated on 2 January 1982.,
zayed,Vị trí & lịch sử,urban_build_period,string,1,2012-nay,medium,S01,https://www.adafz.ae/en/AboutUs,Abu Dhabi Airports Free Zone (ADAFZ) was established in 2012 as a subsidiary of Abu Dhabi Airports,
zayed,Vị trí & lịch sử,founded_year,int,1,1982,high,S11,https://en.wikipedia.org/wiki/Zayed_International_Airport,Construction started in 1979 and the airport was inaugurated on 2 January 1982.,
zayed,Vị trí & lịch sử,development_context,string,1,"Sân bay được hình thành từ ý tưởng năm 1974 trong kế hoạch hiện đại hoá của chính phủ; khu free zone do ADAFZ phát triển nhằm thu hút đầu tư trực tiếp nước ngoài (FDI), hỗ trợ nỗ lực đa dạng hoá kinh ",medium,S05,https://www.mediaoffice.abudhabi/en/transport/abu-dhabi-airports-free-zone-and-msm-logistic-break-ground-on-strategic-logistics-project-in-al-falah-district/,"ADAFZ plays a key role in attracting foreign direct investment (FDI), in support of the UAE’s economic diversification efforts by providing a conducive environm",
zayed,Định vị & quy hoạch,positioning,string,1,"Khu thương mại tự do sân bay tích hợp (integrated airport free zone) với cơ quan quản lý một cửa (one-stop-shop), cung cấp giải pháp cả airside lẫn landside từ cấp phép tới cho thuê bất động sản",high,S01,https://www.adafz.ae/en/AboutUs,"ADAFZ operates as a one-stop-shop regulator, providing end-to-end business solutions from licensing to property leasing.",
zayed,Định vị & quy hoạch,planning_concept,string,1,"Các phân khu (district) free zone bố trí quanh 3 sân bay lõi, với hạ tầng hiện đại và cảnh quan đô thị quy hoạch theo chức năng (functionally planned urban landscape) dành cho cargo, logistics/kho vận",medium,S05,https://www.mediaoffice.abudhabi/en/transport/abu-dhabi-airports-free-zone-and-msm-logistic-break-ground-on-strategic-logistics-project-in-al-falah-district/,"Al Falah District offers modern infrastructure and a functionally planned urban landscape, making it an ideal location for investors in Abu Dhabi for cargo, log",
zayed,Định vị & quy hoạch,cornerstones,string_list,1,Vận tải hàng hoá (cargo); Dịch vụ logistics/kho vận; Sản xuất nhẹ (light manufacturing); Cụm ngành AgriFood Growth and Water Abundance (AGWA),high,S05,https://www.mediaoffice.abudhabi/en/transport/abu-dhabi-airports-free-zone-and-msm-logistic-break-ground-on-strategic-logistics-project-in-al-falah-district/,"an ideal location for investors in Abu Dhabi for cargo, logistics services, light manufacturing as well as the AgriFood Growth and Water Abundance (AGWA) cluste",
zayed,Định vị & quy hoạch,subzones,string_list,1,Al Falah District; Business Park; Logistics Park; East Midfield Cargo Terminal (EMCT),medium,S05,https://www.mediaoffice.abudhabi/en/transport/abu-dhabi-airports-free-zone-and-msm-logistic-break-ground-on-strategic-logistics-project-in-al-falah-district/,"Scheduled developments include the constructions of the East Midfield Cargo Terminal (EMCT), and the expansion of Business Park and Logistics Park.",
zayed,Chỉ số quy mô,passengers_million,float,1,32.5,high,S03,https://www.adairports.ae/en/pressrelease/2026/01/abu-dhabi-airports-closes-2025-with-record-traffic-as--zayed-international-emerges-as-emea,AUH becomes EMEA’s fastest-growing mega airport after record 32.5m passengers,
zayed,Chỉ số quy mô,cargo_million_tonnes,float,1,0.67899,medium,S11,https://en.wikipedia.org/wiki/Zayed_International_Airport,"Cargo tonnage
678,990 (
21%)",
zayed,Chỉ số quy mô,air_movements,int,1,249747,high,S11,https://en.wikipedia.org/wiki/Zayed_International_Airport,"Aircraft movements
249,747 (
10.33%)",
zayed,Chỉ số quy mô,destinations,int,1,128,high,S11,https://en.wikipedia.org/wiki/Zayed_International_Airport,The airport is served by 24 airlines which fly to 128 destinations.,
zayed,Chỉ số quy mô,airlines,int,1,24,high,S11,https://en.wikipedia.org/wiki/Zayed_International_Airport,The airport is served by 24 airlines which fly to 128 destinations.,
zayed,Chỉ số quy mô,transfer_pct,float,0,,,,,,"Tài liệu chỉ nói AUH là hub cho cả khách point-to-point và transfer, không nêu tỷ lệ % hành khách trung chuyển."
zayed,Chỉ số quy mô,airport_area_ha,float,1,6000.0,high,S11,https://en.wikipedia.org/wiki/Zayed_International_Airport,"covers an area of 15,000 acres (6,000 ha)",
zayed,Chỉ số quy mô,employees,int,0,,,,,,Không có tài liệu nào nêu số người làm việc thực tế trong khu đô thị sân bay/ADAFZ.
zayed,Chỉ số quy mô,num_companies_airport,int,0,,,,,,Không có số doanh nghiệp hoạt động tại Zayed International Airport/ADAFZ; con số +2.300 clients thuộc KEZAD Group là thực thể khác.
zayed,Chỉ số quy mô,num_companies_realestate,int,0,,,,,,Tài liệu không nêu số doanh nghiệp thuê bất động sản trong khu.
zayed,Chỉ số quy mô,num_office_buildings,int,0,,,,,,"Tài liệu chỉ nêu ADAFZ cung cấp văn phòng grade A, không nêu số toà nhà văn phòng."
zayed,Chỉ số quy mô,jobs_created,int,0,,,,,,Không có số việc làm cho khu đô thị sân bay; con số +164.000 việc làm là của KEZAD Group (thực thể khác).
zayed,Đầu tư & quản trị,total_investment_usd,string,0,,,,,,"Tài liệu chỉ nêu vốn của từng dự án riêng lẻ (AED85 triệu với MSM Logistic, AED320 triệu với Radius Group), không có tổng vốn đầu tư của toàn khu."
zayed,Đầu tư & quản trị,investor_governance,string,1,"ADAFZ thành lập năm 2012, là công ty con của Abu Dhabi Airports, vận hành như cơ quan quản lý một cửa (one-stop-shop regulator) từ cấp phép đến cho thuê bất động sản; lãnh đạo gồm Chủ tịch H.E. Sheikh",high,S01,https://www.adafz.ae/en/AboutUs,Abu Dhabi Airports Free Zone (ADAFZ) was established in 2012 as a subsidiary of Abu Dhabi Airports ... H.E. Sheikh Mohammed bin Hamad bin Tahnoon Al Nahyan Chai,
zayed,Đầu tư & quản trị,gov_led_ratio_pct,float,0,,,,,,Tài liệu không nêu tỷ lệ vốn/quỹ đất do nhà nước dẫn dắt.
zayed,Đầu tư & quản trị,private_ratio_pct,float,0,,,,,,Tài liệu không nêu tỷ lệ vốn tư nhân cụ thể.
zayed,Đầu tư & quản trị,lead_developer,string,1,Abu Dhabi Airports Free Zone (ADAFZ) – công ty con của Abu Dhabi Airports,high,S01,https://www.adafz.ae/en/AboutUs,Abu Dhabi Airports Free Zone (ADAFZ) was established in 2012 as a subsidiary of Abu Dhabi Airports,
zayed,Sản phẩm (CVP 1),cvp_product,string_list,1,văn phòng hạng A (grade A offices); flexi desk (chỗ làm việc linh hoạt); nhà kho (warehouses); trung tâm logistics và phân phối; công trình xây theo yêu cầu (built-to-suit); lô đất đã có hạ tầng (serv,high,S01,https://www.adafz.ae/en/AboutUs,"offers a full range of property solutions including grade A offices, flexi desks, warehouses, logistics and distribution centers, built-to-suit facilities, and ",
zayed,Sản phẩm (CVP 1),commercial_re,string_list,1,văn phòng hạng A; kho vận (warehouse); trung tâm logistics và phân phối; công trình xây theo yêu cầu (built-to-suit); đất công nghiệp/dịch vụ có hạ tầng cho thuê,high,S01,https://www.adafz.ae/en/AboutUs,"offers a full range of property solutions including grade A offices, flexi desks, warehouses, logistics and distribution centers, built-to-suit facilities, and ",
zayed,Sản phẩm (CVP 1),economic_zone_name,string,1,Abu Dhabi Airports Free Zone (ADAFZ),high,S01,https://www.adafz.ae/en/AboutUs,"Abu Dhabi Airports Free Zone (ADAFZ) was established in 2012 as a subsidiary of
Abu Dhabi Airports",
zayed,Sản phẩm (CVP 1),economic_zone_year,int,1,2012,high,S01,https://www.adafz.ae/en/AboutUs,"Abu Dhabi Airports Free Zone (ADAFZ) was established in 2012 as a subsidiary of
Abu Dhabi Airports",
zayed,Sản phẩm (CVP 1),residential_product_desc,string,0,,,,,,"Tài liệu chỉ mô tả các sản phẩm bất động sản thương mại/công nghiệp của ADAFZ (văn phòng, kho, đất), không nêu bất kỳ sản phẩm nhà ở nào trong khu."
zayed,Sản phẩm (CVP 1),residential_highrise_pct,float,0,,,,,,Không có bất kỳ số liệu cơ cấu sản phẩm nhà ở nào trong tài liệu.
zayed,Sản phẩm (CVP 1),residential_lowrise_pct,float,0,,,,,,Không có bất kỳ số liệu cơ cấu sản phẩm nhà ở nào trong tài liệu.
zayed,Sản phẩm (CVP 1),residential_land_pct,float,0,,,,,,Không có bất kỳ số liệu cơ cấu sản phẩm nhà ở nào trong tài liệu.
zayed,Sản phẩm (CVP 1),basic_amenities,string_list,0,,,,,,"Tài liệu không liệt kê trường học, y tế, công viên hay TMDV trong khu sân bay; phần tiện ích dân sinh 10 phút lái xe thuộc KEZAD Group (thực thể khác)."
zayed,Sản phẩm (CVP 1),highlight_amenities,string_list,1,Terminal A (nhà ga trung tâm) với 35.000 m² diện tích bán lẻ – thương mại và 163 gian hàng,medium,S11,https://en.wikipedia.org/wiki/Zayed_International_Airport,"It has 35,000 square metres of retail and commercial space and 163 outlets.",
zayed,Giá (CVP 2),cvp_price,string,1,Thu tiền theo mô hình một cửa: phí cấp phép kinh doanh (licensing) và cho thuê bất động sản/nhà xưởng; đất được giao cho nhà đầu tư theo thoả thuận Musataha để tự phát triển.,medium,S01,https://www.adafz.ae/en/AboutUs,"ADAFZ operates as a one-stop-shop regulator, providing end-to-end business solutions from licensing to property leasing.",
zayed,Giá (CVP 2),office_rent_eur_m2_year,object,0,,,,,,Không có dòng chào giá thuê văn phòng (Starting at/From) nào cho khu trong tài liệu.
zayed,Giá (CVP 2),cvp_price_note,string,0,,,,,,Tài liệu không nêu đơn vị tính giá hay điều kiện giá cụ thể của ADAFZ.
zayed,Giá (CVP 2),price_vs_reference,string,0,,,,,,"Tài liệu chỉ có báo cáo mặt bằng thị trường văn phòng Abu Dhabi nói chung (S13), không so sánh giá của khu sân bay với thành phố tham chiếu."
zayed,Giá (CVP 2),living_fee_usd_per_m2_month,string,0,,,,,,Không có thông tin phí quản lý/duy trì trong tài liệu.
zayed,Giá (CVP 2),has_urban_service_fee,bool,0,,,,,,Không có bằng chứng về phí dịch vụ đô thị trong tài liệu.
zayed,Giá (CVP 2),sales_scheme,string,1,"B2B: cho thuê đất/nhà xưởng theo thoả thuận Musataha (nhà đầu tư thuê đất dài hạn và tự xây dựng), kèm cho thuê bất động sản sẵn có; ví dụ Musataha với Radius Group trị giá 320 triệu AED và với MSM Lo",high,S06,https://www.mediaoffice.abudhabi/en/transport/abu-dhabi-airports-free-zone-signs-musataha-agreement-with-radius-group-to-develop-aed320m-warehousing-facilities/,"Abu Dhabi Airports Free Zone (ADAFZ)
has signed a Musataha agreement with Radius Group, a leading developer of industrial and logistics company, to develop a AE",
zayed,Dịch vụ (CVP 3),cvp_service,string_list,1,cấp phép kinh doanh (licensing); cho thuê bất động sản; giải pháp doanh nghiệp trọn gói một cửa (one-stop-shop); dịch vụ hỗ trợ nhà đầu tư (Investor Services),high,S01,https://www.adafz.ae/en/AboutUs,"ADAFZ operates as a one-stop-shop regulator, providing end-to-end business solutions from licensing to property leasing.",
zayed,Dịch vụ (CVP 3),airport_privilege,string,1,"Là free zone sân bay tích hợp, ADAFZ cung cấp cho doanh nghiệp giải pháp cả phía airside (khu bay) lẫn landside, với bất động sản bố trí quanh 3 sân bay Zayed International, Al Ain International và Al",medium,S01,https://www.adafz.ae/en/AboutUs,"As an integrated airport free zone, ADAFZ offers solutions for both airside and landside facilities, and offers a full range of property solutions",
zayed,Dịch vụ (CVP 3),has_airport_privilege,bool,1,True,medium,S01,https://www.adafz.ae/en/AboutUs,"As an integrated airport free zone, ADAFZ offers solutions for both airside and landside facilities",
zayed,Dịch vụ (CVP 3),smart_city,string,1,"Sân bay triển khai dự án sinh trắc học ""Smart Travel"" cùng Federal Authority for Identity, Citizenship, Customs, and Port Security và Next 50 (giải pháp giao thông dựa trên AI), tích hợp xác thực sinh",high,S14,https://www.futuretravelexperience.com/2024/07/abu-dhabi-airports-launches-biometric-smart-travel-project-at-zayed-international-airport/,the project will be rolled out in three phases to integrate biometric authentication systems across all security and operations touchpoints at the airport,
zayed,Dịch vụ (CVP 3),has_smart_city,bool,1,True,high,S14,https://www.futuretravelexperience.com/2024/07/abu-dhabi-airports-launches-biometric-smart-travel-project-at-zayed-international-airport/,"Abu Dhabi Airports has partnered with the Federal Authority for Identity, Citizenship, Customs, and Port Security to introduce a biometric Smart Travel project ",
zayed,Trải nghiệm (CVP 4),cvp_experience,string_list,1,"bán lẻ và thương mại tại Terminal A (35.000 m², 163 gian hàng); giải thưởng Best Airport for Retail 2025 (Frontier Awards)",medium,S11,https://en.wikipedia.org/wiki/Zayed_International_Airport,"It has 35,000 square metres of retail and commercial space and 163 outlets.",
zayed,Trải nghiệm (CVP 4),experience_desc,string,0,,,,,,"Tài liệu không mô tả sự kiện, lễ hội, tour hay đời sống thường nhật trong khu."
zayed,Thuận tiện (CVP 5),cvp_convenience,string_list,1,"cao tốc E10 chạy thẳng qua sân bay; cách trung tâm Abu Dhabi khoảng 30,6 km (16,5 hải lý); mạng xe buýt thành phố – sân bay; thuê xe, taxi và dịch vụ tài xế riêng",high,S11,https://en.wikipedia.org/wiki/Zayed_International_Airport,"Zayed International Airport is connected to the Emirate and its surroundings, including
Dubai
and
Al Ain
, by a highway network.
Route
E10
directly passes the a",
zayed,Thuận tiện (CVP 5),connectivity_desc,string,1,"Sân bay kết nối tiểu vương quốc và vùng lân cận (gồm Dubai và Al Ain) bằng mạng cao tốc, với E10 chạy thẳng qua sân bay; về hàng không có 24 hãng bay tới 128 điểm đến và là sân bay duy nhất ở Trung Đô",high,S11,https://en.wikipedia.org/wiki/Zayed_International_Airport,The airport is served by 24 airlines which fly to 128 destinations.,
zayed,Thuận tiện (CVP 5),connection_modes,string_list,1,cao tốc (E10); xe buýt; taxi và thuê xe; dịch vụ tài xế riêng,high,S11,https://en.wikipedia.org/wiki/Zayed_International_Airport,"Route
E10
directly passes the airport. Car rental, taxis and dedicated chauffeur services are available.",
zayed,Thuận tiện (CVP 5),metro_lines,int,0,,,,,,Tài liệu không nêu tuyến metro nào phục vụ sân bay/khu; Abu Dhabi Metro chỉ xuất hiện trong danh mục liên kết của Wikipedia.
zayed,Thuận tiện (CVP 5),rail_connections,string_list,0,,,,,,"Tài liệu chỉ mô tả mạng Etihad Rail quốc gia (Ruwais, ICAD, Khalifa Port, Zayed City, Dubai Industrial City), không nêu tuyến đường sắt kết nối trực tiếp tới khu sân bay."
zayed,Thương hiệu (CVP 6),cvp_brand,string_list,1,Abu Dhabi Airports Free Zone (ADAFZ); Abu Dhabi Airports,high,S01,https://www.adafz.ae/en/AboutUs,"Abu Dhabi Airports Free Zone (ADAFZ) was established in 2012 as a subsidiary of
Abu Dhabi Airports",
zayed,Thương hiệu (CVP 6),brand_desc,string,1,"ADAFZ định vị là cơ quan quản lý một cửa (one-stop-shop regulator) trực thuộc Abu Dhabi Airports, xây dựng thương hiệu ""free zone sân bay tích hợp"" phục vụ cả airside lẫn landside quanh 3 sân bay Zaye",medium,S01,https://www.adafz.ae/en/AboutUs,"ADAFZ operates as a one-stop-shop regulator, providing end-to-end business solutions from licensing to property leasing.",
zayed,Thương hiệu (CVP 6),brand_partners,string_list,1,Radius Group; MSM Logistic; Knight Frank MENA; Etihad Airways Engineering,medium,S06,https://www.mediaoffice.abudhabi/en/transport/abu-dhabi-airports-free-zone-signs-musataha-agreement-with-radius-group-to-develop-aed320m-warehousing-facilities/,"Knight Frank MENA’s Industrial & Logistics team provided[WC1]  strategic commercial advice to Radius Group, facilitating their entry into Abu Dhabi commercial r",
zayed,Tầm nhìn & bền vững,vision_label,string,0,,,,,,"Tài liệu chỉ nhắc Abu Dhabi Economic Vision 2030 và UAE Vision 2021 trong bối cảnh Etihad Rail, không gắn nhãn tầm nhìn cho khu đô thị sân bay."
zayed,Tầm nhìn & bền vững,vision_qualities,string_list,0,,,,,,Không có bộ trụ giá trị/tầm nhìn nào được nêu cho khu trong tài liệu.
zayed,Tầm nhìn & bền vững,aviation_policy,string,0,,,,,,Tài liệu không nêu văn bản chính sách hàng không chi phối phát triển khu (chỉ có việc ADAFZ thành lập năm 2012 như công ty con của Abu Dhabi Airports).
zayed,Tầm nhìn & bền vững,sustainability,string_list,1,kho vận trang bị hệ thống kiểm soát khí hậu tiên tiến và chiếu sáng tiết kiệm năng lượng (dự án Radius Group); định hướng phát triển kinh tế đa dạng và bền vững,medium,S06,https://www.mediaoffice.abudhabi/en/transport/abu-dhabi-airports-free-zone-signs-musataha-agreement-with-radius-group-to-develop-aed320m-warehousing-facilities/,"Radius Group ... will equip the warehouses with cutting-edge climate control systems, energy-efficient lighting, security features, and adaptable optimised stor",
zayed,Khu chức năng chuyên biệt,logistics_park_name,string,1,Al Falah District,high,S05,https://www.mediaoffice.abudhabi/en/transport/abu-dhabi-airports-free-zone-and-msm-logistic-break-ground-on-strategic-logistics-project-in-al-falah-district/,"Located to the east of Zayed International Airport , the 8.3 square kilometres, Al Falah District is one of the free zone districts under ADAFZ, and the largest",
zayed,Khu chức năng chuyên biệt,logistics_park_ha,float,1,830.0,high,S05,https://www.mediaoffice.abudhabi/en/transport/abu-dhabi-airports-free-zone-and-msm-logistic-break-ground-on-strategic-logistics-project-in-al-falah-district/,"the 8.3 square kilometres, Al Falah District is one of the free zone districts under ADAFZ, and the largest in its portfolio",
zayed,Khu chức năng chuyên biệt,trade_park_name,string,1,Business Park,medium,S05,https://www.mediaoffice.abudhabi/en/transport/abu-dhabi-airports-free-zone-and-msm-logistic-break-ground-on-strategic-logistics-project-in-al-falah-district/,"Scheduled developments include the constructions of the East Midfield Cargo Terminal (EMCT), and the expansion of Business Park and Logistics Park.",
zayed,Khu chức năng chuyên biệt,trade_park_ha,float,0,,,,,,Tài liệu nhắc tới Business Park nhưng không nêu diện tích.
zurich,Định danh,case_name,string,1,The Circle Zurich Airport,high,S01,https://www.thecircle.ch/en/home,The Circle : Business destination for leading companies,
zurich,Định danh,aerotropolis,string,1,"The Circle (khu dịch vụ - kinh doanh tại Zurich Airport, thuộc Flughafen Zürich AG)",medium,S12,https://newsroom.flughafen-zuerich.ch/en/zurich-airport-news-flash-no-19--realisation-decision-taken---the-circle-will-be-built/,"""The Circle"" is intended to become a destination in its own right as a service centre at Zurich Airport.",
zurich,Định danh,country,string,1,Thụy Sĩ,high,S01,https://www.thecircle.ch/en/home,"c/o Flughafen Zürich AG
PO Box
CH-8058 Zurich Airport",
zurich,Định danh,is_target,bool,1,False,high,S01,https://www.thecircle.ch/en/home,The Circle : Business destination for leading companies,
zurich,Định danh,airport_name,string,1,Zurich Airport,high,S05,https://www.flughafen-zuerich.ch/en/business/renting-and-advertising/real-estate-and-letting/the-circle,Modern and versatile infrastructure at the best-connected location in Switzerland – directly at Zurich Airport.,
zurich,Định danh,reference_city,string,1,Zurich,high,S01,https://www.thecircle.ch/en/home,"With its unique architecture and modern infrastructure, the Circle has excellent transport links to Zurich city centre and the surrounding area.",
zurich,Định danh,official_website,string,1,https://www.thecircle.ch,high,S12,https://newsroom.flughafen-zuerich.ch/en/zurich-airport-news-flash-no-19--realisation-decision-taken---the-circle-will-be-built/,"Further information about the project:
www.thecircle.ch",
zurich,Vị trí & lịch sử,location_desc,string,1,"Nằm ngay tại Zurich Airport, chỉ cách các nhà ga hành khách vài bước chân; là vị trí kết nối giao thông tốt nhất Thụy Sĩ, liên kết thuận tiện với trung tâm thành phố Zurich và vùng phụ cận",high,S12,https://newsroom.flughafen-zuerich.ch/en/zurich-airport-news-flash-no-19--realisation-decision-taken---the-circle-will-be-built/,"Just steps away from the terminal buildings, the new, architecturally striking complex will be a dynamic, multi-purpose hub.",
zurich,Vị trí & lịch sử,distance_to_city_km,float,1,9.6,medium,S16,https://en.wikipedia.org/wiki/Zurich_Airport_railway_station,"Distance
9.6
km (6.0
mi) from
Zürich Hauptbahnhof",
zurich,Vị trí & lịch sử,area_km2,float,0,,,,,,"Tài liệu chỉ nêu diện tích sàn văn phòng (70.000–80.000 m²) và công viên 80.000 m², không nêu tổng diện tích khu đô thị The Circle."
zurich,Vị trí & lịch sử,airport_build_period,string,1,1945-nay,medium,S15,https://en.wikipedia.org/wiki/Zurich_Airport,"Switzerland's federal parliament decided in 1945 that Zurich was to be the site of a major airport, and sold
655 hectares (1,620 acres)
of the Kloten-Bülach Art",
zurich,Vị trí & lịch sử,urban_build_period,string,1,2015-nay,medium,S12,https://newsroom.flughafen-zuerich.ch/en/zurich-airport-news-flash-no-19--realisation-decision-taken---the-circle-will-be-built/,"the initial preparations for dismantling the existing buildings and car parks can begin in January 2015, the excavation work can commence in autumn 2015",
zurich,Vị trí & lịch sử,founded_year,int,1,2020,high,S02,https://www.thecircle.ch/en/about-the-circle,The Circle was officially opened at the start of November 2020 after five years of construction work.,
zurich,Vị trí & lịch sử,development_context,string,1,"Sau khi kết thúc giai đoạn thiết kế xây dựng tháng 9/2014, rà soát toàn diện cho thấy dự án đạt các tiêu chí về hiệu quả kinh tế, chi phí xây dựng, quy hoạch và tỷ lệ cho thuê trước phù hợp; Flughafen",high,S12,https://newsroom.flughafen-zuerich.ch/en/zurich-airport-news-flash-no-19--realisation-decision-taken---the-circle-will-be-built/,"Following the conclusion of the construction project phase in September 2014, a comprehensive examination showed that the project meets the defined criteria in ",
zurich,Định vị & quy hoạch,positioning,string,1,"Điểm đến kinh doanh cho các doanh nghiệp hàng đầu — trung tâm dịch vụ đa chức năng mang không khí một khu thương mại quốc tế, nơi hội tụ kinh doanh và phong cách sống tại Zurich Airport",high,S12,https://newsroom.flughafen-zuerich.ch/en/zurich-airport-news-flash-no-19--realisation-decision-taken---the-circle-will-be-built/,"With the atmosphere of an international business district, it will be a location for business and lifestyle.",
zurich,Định vị & quy hoạch,planning_concept,string,1,"Ý tưởng của KTS Nhật Bản Riken Yamamoto: một khối hình tròn, kích thước thu dần về phía giữa theo hình dạng khu đất; nhìn bên ngoài như một toà nhà khổng lồ nhưng bên trong ẩn chứa các lối đi bộ và qu",high,S02,https://www.thecircle.ch/en/about-the-circle,"He was picturing a round shape, with the size being adapted towards the middle to match the shape of the site on the inside.",
zurich,Định vị & quy hoạch,cornerstones,string_list,1,trung tâm giao thông (transport hub); trung tâm thương mại và trải nghiệm (commercial centers and experiences); bất động sản chất lượng cao (high-quality real estate),high,S07,https://www.flughafen-zuerich.ch/en/company/flughafen-zuerich/about-us/strategy,Centered on transport hubs ... Commercial centers and experiences ... High-quality real estate provides attractive business locations,
zurich,Định vị & quy hoạch,subzones,string_list,1,văn phòng (office space); Convention Center; khách sạn Hyatt Regency và Hyatt Place; trung tâm y tế của University Hospital Zurich (USZ); Brands & Dialogue (bán lẻ - thương hiệu); công viên (Park/Zaub,medium,S12,https://newsroom.flughafen-zuerich.ch/en/zurich-airport-news-flash-no-19--realisation-decision-taken---the-circle-will-be-built/,"Tenants include the Hyatt Group, which will operate the two hotels Hyatt Regency and Hyatt Place plus the congress centre, Flughafen Zürich AG ... and Universit",
zurich,Chỉ số quy mô,passengers_million,float,1,32.6,high,S11,https://newsroom.flughafen-zuerich.ch/en/zurich-airport-reaches-a-new-annual-peak-in-passenger-figures/,"In 2025, 32.6 million passengers passed through Zurich Airport. Compared to last year, this corresponds to an increase of 4.5%.",
zurich,Chỉ số quy mô,cargo_million_tonnes,float,1,0.44093,high,S11,https://newsroom.flughafen-zuerich.ch/en/zurich-airport-reaches-a-new-annual-peak-in-passenger-figures/,"A total of 440,930 tons of cargo were handled at Zurich Airport in 2025.",
zurich,Chỉ số quy mô,air_movements,int,1,270116,high,S11,https://newsroom.flughafen-zuerich.ch/en/zurich-airport-reaches-a-new-annual-peak-in-passenger-figures/,"The number of air traffic movements was 270,116 in 2025, an increase of 3.5% compared to 2024",
zurich,Chỉ số quy mô,destinations,int,0,,,,,,"Tài liệu chỉ nêu 'some 200 direct flights to destinations' (S07, số ước lượng marketing) và đoạn S10 bị cắt mất con số điểm đến (chỉ còn '75 countries'), không có số điểm đến thực tế rõ ràng."
zurich,Chỉ số quy mô,airlines,int,1,70,high,S10,https://report.flughafen-zuerich.ch/2025/ar/en/geschaeftsentwicklung,"75 countries
on four continents by
70 airlines",
zurich,Chỉ số quy mô,transfer_pct,float,1,29.4,medium,S11,https://newsroom.flughafen-zuerich.ch/en/zurich-airport-reaches-a-new-annual-peak-in-passenger-figures/,"In December, the number of local passengers was 1,795,295. Transfer passengers amounted to 29.4%, equal to 746,048 passengers.",
zurich,Chỉ số quy mô,airport_area_ha,float,1,880.0,medium,S15,https://en.wikipedia.org/wiki/Zurich_Airport,"the brigade must be able to reach any location on the airport grounds, an area of 880 hectares, in no more than three minutes by international standards",
zurich,Chỉ số quy mô,employees,int,0,,,,,,"Đoạn S10 nhắc tới '5,000 jobs' nhưng văn bản bị cắt, không rõ đó là số việc làm hiện có tại The Circle hay chỉ tiêu; không có số nhân sự thực tế được nêu rõ ràng."
zurich,Chỉ số quy mô,num_companies_airport,int,1,160,medium,S07,https://www.flughafen-zuerich.ch/en/company/flughafen-zuerich/about-us/strategy,"Comprising the Airside Center, Airport Shopping and the Circle, around 160 businesses and 60 restaurants and bars are located at Zurich Airport.",
zurich,Chỉ số quy mô,num_companies_realestate,int,1,330,medium,S07,https://www.flughafen-zuerich.ch/en/company/flughafen-zuerich/about-us/strategy,"Zurich Airport's community consists of around 330 tenants, each with their own individual needs.",
zurich,Chỉ số quy mô,num_office_buildings,int,0,,,,,,Tài liệu không nêu số toà nhà văn phòng; chỉ nói The Circle trông như một toà nhà lớn duy nhất và có diện tích văn phòng 70.000–80.000 m².
zurich,Chỉ số quy mô,jobs_created,int,0,,,,,,"Đoạn S10 chỉ còn mảnh '5,000 jobs' không có ngữ cảnh đầy đủ, không xác định được đây là việc làm đã tạo hay dự kiến."
zurich,Đầu tư & quản trị,total_investment_usd,string,1,khoảng 1 tỷ franc Thụy Sĩ (CHF 1 billion) chi phí đầu tư; nguồn không quy đổi sang USD,high,S12,https://newsroom.flughafen-zuerich.ch/en/zurich-airport-news-flash-no-19--realisation-decision-taken---the-circle-will-be-built/,The investment costs amount to around one billion Swiss francs.,
zurich,Đầu tư & quản trị,investor_governance,string,1,Đồng sở hữu giữa Flughafen Zürich AG (51%) và Swiss Life AG (49%) thông qua một công ty đồng sở hữu (The Circle joint-ownership) lập khi khởi công,high,S02,https://www.thecircle.ch/en/about-the-circle,The Circle is jointly owned by Flughafen Zürich AG (51%) and Swiss Life AG (49%).,
zurich,Đầu tư & quản trị,gov_led_ratio_pct,float,0,,,,,,"Tài liệu chỉ nêu tỷ lệ sở hữu 51% của Flughafen Zürich AG và 49% của Swiss Life AG, không nêu tỷ lệ vốn nhà nước."
zurich,Đầu tư & quản trị,private_ratio_pct,float,0,,,,,,Tài liệu không nêu tỷ lệ vốn tư nhân; chỉ có cơ cấu sở hữu 51/49 giữa hai doanh nghiệp.
zurich,Đầu tư & quản trị,lead_developer,string,1,Flughafen Zürich AG (cùng Swiss Life AG),high,S12,https://newsroom.flughafen-zuerich.ch/en/zurich-airport-news-flash-no-19--realisation-decision-taken---the-circle-will-be-built/,"Flughafen Zürich AG and Swiss Life AG have decided in favour of building ""The Circle"" and have given the green light for implementation of this major project.",
zurich,Sản phẩm (CVP 1),cvp_product,string_list,1,"văn phòng cho thuê; coworking (Novu Campus); trung tâm hội nghị (Convention Center); khách sạn (Hyatt Regency, Hyatt Place); bán lẻ và nhà hàng; y tế (trung tâm sức khoẻ Đại học USZ)",high,S05,https://www.flughafen-zuerich.ch/en/business/renting-and-advertising/real-estate-and-letting/the-circle,"70,000 m² of modern office space ... 12 different dining concepts ... top-class medical care in university healthcare center ... two Hyatt hotels and a large Co",
zurich,Sản phẩm (CVP 1),commercial_re,string_list,1,văn phòng; bán lẻ; nhà hàng/ẩm thực; khách sạn; trung tâm hội nghị,high,S05,https://www.flughafen-zuerich.ch/en/business/renting-and-advertising/real-estate-and-letting/the-circle,"Rent office and commercial spaces
Go to rental premises
Rent retail and restaurant premises",
zurich,Sản phẩm (CVP 1),economic_zone_name,string,0,,,,,,Tài liệu không nhắc tới khu kinh tế đặc biệt/đặc khu nào gắn với The Circle.
zurich,Sản phẩm (CVP 1),economic_zone_year,int,0,,,,,,Không có bằng chứng về đặc khu kinh tế nên không có năm thành lập.
zurich,Sản phẩm (CVP 1),residential_product_desc,string,0,,,,,,"Tài liệu không nêu sản phẩm nhà ở; The Circle được mô tả là điểm đến kinh doanh (business destination) gồm văn phòng, khách sạn, bán lẻ."
zurich,Sản phẩm (CVP 1),residential_highrise_pct,float,0,,,,,,Nguồn không nêu bất kỳ tỷ lệ cơ cấu nhà ở nào.
zurich,Sản phẩm (CVP 1),residential_lowrise_pct,float,0,,,,,,Nguồn không nêu bất kỳ tỷ lệ cơ cấu nhà ở nào.
zurich,Sản phẩm (CVP 1),residential_land_pct,float,0,,,,,,Nguồn không nêu bất kỳ tỷ lệ cơ cấu nhà ở nào.
zurich,Sản phẩm (CVP 1),basic_amenities,string_list,1,công viên 80.000 m²; trung tâm y tế đại học (University Hospital Zurich - USZ); nhà thuốc (Pharmaworld); 12 concept ẩm thực; cửa hàng bán lẻ; khách sạn,high,S05,https://www.flughafen-zuerich.ch/en/business/renting-and-advertising/real-estate-and-letting/the-circle,"a park spanning 80,000 m² for chilling and relaxing ... 12 different dining concepts ... top-class medical care in university healthcare center ... two Hyatt ho",
zurich,Sản phẩm (CVP 1),highlight_amenities,string_list,1,"The Circle Convention Center (hơn 2.800 m² không gian sự kiện, Convention Hall 1.292 m², 17 phòng họp); Hyatt Regency Zurich Airport The Circle và Hyatt Place Zurich Airport The Circle (555 phòng); Za",high,S13,https://thecircleconventioncenter.ch/event-meeting-venue-zurich/,"The Circle Convention Center offers a capacity of 1,500 guests theatre style and 870 guests classroom style in the 1,292 square meter Convention Hall, along wit",
zurich,Giá (CVP 2),cvp_price,string,1,"Thu tiền bằng cho thuê mặt bằng (văn phòng, thương mại, bán lẻ, nhà hàng) và coworking theo giờ/ngày; khu do liên doanh sở hữu Flughafen Zürich AG (51%) và Swiss Life AG (49%) khai thác, doanh thu cho",medium,S07,https://www.flughafen-zuerich.ch/en/company/flughafen-zuerich/about-us/strategy,We invest in high-quality properties with direct access to our mobility hubs which make good operating bases for companies. The revenue generated contributes si,
zurich,Giá (CVP 2),office_rent_eur_m2_year,object,0,,,,,,Tài liệu không công bố bất kỳ mức giá chào thuê văn phòng nào (không có dòng 'Starting at/From').
zurich,Giá (CVP 2),cvp_price_note,string,0,,,,,,Không có thông tin về đơn vị hay điều kiện giá thuê trong tài liệu.
zurich,Giá (CVP 2),price_vs_reference,string,0,,,,,,Tài liệu không so sánh mặt bằng giá của The Circle với thành phố tham chiếu nào.
zurich,Giá (CVP 2),living_fee_usd_per_m2_month,string,0,,,,,,Không có dữ liệu về phí quản lý/duy trì trong tài liệu.
zurich,Giá (CVP 2),has_urban_service_fee,bool,0,,,,,,Không có bằng chứng về phí dịch vụ đô thị trong tài liệu.
zurich,Giá (CVP 2),sales_scheme,string,1,"Mô hình B2B cho thuê dài hạn: không bán đất, chỉ cho thuê mặt bằng linh hoạt theo module cho doanh nghiệp; dự án chỉ được quyết định triển khai sau khi đạt tỷ lệ cho thuê trước (pre-letting) phù hợp v",medium,S12,https://newsroom.flughafen-zuerich.ch/en/zurich-airport-news-flash-no-19--realisation-decision-taken---the-circle-will-be-built/,"Another criterion was the achievement of an appropriate pre-letting rate. Tenants include the Hyatt Group, which will operate the two hotels Hyatt Regency and H",
zurich,Dịch vụ (CVP 3),cvp_service,string_list,1,cho thuê văn phòng module linh hoạt; coworking và phòng họp/workshop theo giờ và ngày (Novu Campus); dịch vụ hội nghị – sự kiện (Convention Center); chăm sóc y tế tại trung tâm sức khoẻ Đại học (USZ);,high,S03,https://www.thecircle.ch/en/rent,"Novu Campus offers flexible workplaces and offices for teams of 1 to 80 employees, as well as modern meeting, workshop and event rooms for up to 240 people at Z",
zurich,Dịch vụ (CVP 3),airport_privilege,string,0,,,,,,"Tài liệu không nêu bất kỳ ưu đãi sân bay riêng (fast track, ưu đãi vé, priority) dành cho cư dân/doanh nghiệp trong The Circle."
zurich,Dịch vụ (CVP 3),has_airport_privilege,bool,0,,,,,,Không có bằng chứng về đặc quyền sân bay dành riêng cho khu.
zurich,Dịch vụ (CVP 3),smart_city,string,1,"Tài liệu chỉ nêu các yếu tố hạ tầng thông minh phục vụ hiệu quả năng lượng (đèn LED có điều khiển thông minh, hàng nghìn điểm đo cho phép giám sát chi tiết mức tiêu thụ điện) và Innovation Hub thúc đẩ",low,S08,https://www.flughafen-zuerich.ch/en/company/responsibility/environmental-protection/climate,conventional lighting can be widely replaced with LED lighting with intelligent controls ... The installation of thousands of new measuring points also allows f,
zurich,Dịch vụ (CVP 3),has_smart_city,bool,0,,,,,,"Nguồn chỉ nói tới điều khiển chiếu sáng thông minh và Innovation Hub, không đủ để khẳng định khu được định vị là smart city."
zurich,Trải nghiệm (CVP 4),cvp_experience,string_list,1,"công viên Zauberpark 80.000 m² để dạo bộ, thư giãn; tour tham quan có hướng dẫn (park & guided tours); 12 concept ẩm thực, nhà hàng & bar (ZOOM Restaurant & Bar); nghệ thuật và văn hoá; sự kiện tại Ev",high,S05,https://www.flughafen-zuerich.ch/en/business/renting-and-advertising/real-estate-and-letting/the-circle,"a park spanning 80,000 m² for chilling and relaxing ... 12 different dining concepts
a place to encounter experiences, art and culture",
zurich,Trải nghiệm (CVP 4),experience_desc,string,1,"Khu tổ chức nhiều sự kiện thu hút đông khách như Spring Festival, chiếu bóng đá công cộng (European Football Championship), Christmas Village và lễ hội “Zauberpark”; ngoài ra có các hoạt động cộng đồn",high,S10,https://report.flughafen-zuerich.ch/2025/ar/en/geschaeftsentwicklung,"Events such as the Spring Festival, the public screening of the European Football Championship, the Christmas Village and the “Zauberpark” festival resulted in ",
zurich,Thuận tiện (CVP 5),cvp_convenience,string_list,1,"nằm ngay tại sân bay Zurich, cách các nhà ga vài bước chân; ga đường sắt riêng dưới Airport Centre với khoảng 300 chuyến tàu/ngày; kết nối trực tiếp giao thông công cộng (S-Bahn, tram Glattalbahn, xe ",high,S16,https://en.wikipedia.org/wiki/Zurich_Airport_railway_station,"The station is served by approximately 300 trains per day ... All trains in southern direction call at Zürich Hauptbahnhof, the city's main railway station, wit",
zurich,Thuận tiện (CVP 5),connectivity_desc,string,1,"The Circle được quảng bá là địa điểm có kết nối tốt nhất Thuỵ Sĩ: nằm trực tiếp tại sân bay Zurich với kết nối giao thông công cộng riêng và liên kết tối ưu tới mạng đường cao tốc, cho phép tiếp cận k",high,S03,https://www.thecircle.ch/en/rent,"Thanks to its direct location at Zurich Airport, its own public transport connection and optimal links to the motorway network, you can reach customers, partner",
zurich,Thuận tiện (CVP 5),connection_modes,string_list,1,"đường sắt (SBB: EuroCity, InterCity, InterRegio); S-Bahn (tàu ngoại ô Zurich); tram/đường sắt nhẹ Glattalbahn (VBZ/VBG); xe buýt (PostAuto, VBG); đường cao tốc/motorway; hàng không",high,S16,https://en.wikipedia.org/wiki/Zurich_Airport_railway_station,"The airport terminal complex also includes a bus station, served by regional bus lines (PostAuto, VBG), and a station on the Glattal light rail system, served b",
zurich,Thuận tiện (CVP 5),metro_lines,int,0,,,,,,"Nguồn liệt kê các tuyến S-Bahn (S16, S24) và tram Glattalbahn (10, 12) nhưng nội dung crawl bị cắt, không nêu rõ tổng số tuyến metro/đường sắt đô thị phục vụ khu."
zurich,Thuận tiện (CVP 5),rail_connections,string_list,1,EuroCity (EC) Zürich HB – München Hbf qua Bregenz; InterCity Geneva Airport/Lausanne – St. Gallen; InterRegio Spiez – Romanshorn; Spiez – Brig; InterRegio Zürich HB – Sargans; InterRegio Basel SBB qua,medium,S16,https://en.wikipedia.org/wiki/Zurich_Airport_railway_station,"EuroCity (EC): service every two hours between Zürich HB and München Hbf, via Bregenz ... InterCity: half-hourly service between Geneva Airport, Lausanne and St",
zurich,Thương hiệu (CVP 6),cvp_brand,string_list,1,Flughafen Zürich AG (51%); Swiss Life AG (49%),high,S02,https://www.thecircle.ch/en/about-the-circle,The Circle is jointly owned by Flughafen Zürich AG (51%) and Swiss Life AG (49%).,
zurich,Thương hiệu (CVP 6),brand_desc,string,1,"The Circle được định vị là điểm đến kinh doanh cho các doanh nghiệp hàng đầu: kiến trúc biểu tượng do KTS Nhật Bản Riken Yamamoto (giải Pritzker 2024) thiết kế, hoạt động như một “bàn tròn” cho giới c",high,S01,https://www.thecircle.ch/en/home,A host of top businesses are located at the Circle. Its iconic architecture and unique location make it the perfect place for ideas to be sparked and take fligh,
zurich,Thương hiệu (CVP 6),brand_partners,string_list,1,"Hyatt (Hyatt Regency, Hyatt Place); University Hospital Zurich (USZ); Novo Nordisk; NTT DATA; Raiffeisen Switzerland; Inventx; isolutions; Abraxas; Unispace; Airline Assistance Switzerland (AAS); Novu",high,S12,https://newsroom.flughafen-zuerich.ch/en/zurich-airport-news-flash-no-19--realisation-decision-taken---the-circle-will-be-built/,"Rental agreements have also been signed for the ""Brands & Dialogue"" module with Swatch Group, Caviar House & Prunier, and Grieder, the fashion company.",
zurich,Tầm nhìn & bền vững,vision_label,string,1,Net Zero 2040,medium,S08,https://www.flughafen-zuerich.ch/en/company/responsibility/environmental-protection/climate,"Update 2026: Climate Program incl. Roadmap to ""Net Zero 2040"" (pdf)",
zurich,Tầm nhìn & bền vững,vision_qualities,string_list,1,COLLABORATIVE (hợp tác); OPEN (cởi mở); AGILE (linh hoạt); COMMITTED (tận tâm); HUMAN (nhân văn),medium,S07,https://www.flughafen-zuerich.ch/en/company/flughafen-zuerich/about-us/strategy,"C: COLLABORATIVE
O: OPEN
A: AGILE
C: COMMITTED
H: HUMAN",
zurich,Tầm nhìn & bền vững,aviation_policy,string,1,"Sachplan Infrastruktur Luftfahrt (SIL) – kế hoạch ngành hạ tầng hàng không của Liên bang cùng SIL-Objektblatt cho sân bay Zurich (sửa đổi mới nhất tháng 9/2025), phối hợp với chương 4.7.1 “Flughafen Z",high,S14,https://www.zh.ch/de/mobilitaet/luftverkehr/flughafenpolitik/sach-raumplanung.html,Der Sachplan Infrastruktur der Luftfahrt SIL legt die Ziele und Vorgaben für die Infrastruktur der Zivilluftfahrt der Schweiz für die Behörden verbindlich fest.,
zurich,Tầm nhìn & bền vững,sustainability,string_list,1,Chứng chỉ LEED Platinum – tổ hợp công trình đạt LEED Platinum lớn nhất châu Âu; Chứng chỉ Minergie – công trình lớn nhất Thuỵ Sĩ đạt chứng nhận Minergie; Mái nhà phủ cây xanh và tấm pin mặt trời; Khoả,high,S02,https://www.thecircle.ch/en/about-the-circle,"Not only is it the largest building in Switzerland to have been awarded Minergie certification, but it is also the highest rated LEED Platinum certified buildin",
zurich,Khu chức năng chuyên biệt,logistics_park_name,string,0,,,,,,Tài liệu không nêu tên riêng của khu logistics; chỉ nhắc tới các đơn vị logistics cho thuê tại sân bay.
zurich,Khu chức năng chuyên biệt,logistics_park_ha,float,0,,,,,,Tài liệu không nêu diện tích khu logistics.
zurich,Khu chức năng chuyên biệt,trade_park_name,string,0,,,,,,Tài liệu không nêu tên riêng của khu thương mại/khu kinh doanh tách biệt.
zurich,Khu chức năng chuyên biệt,trade_park_ha,float,0,,,,,,Tài liệu không nêu diện tích khu thương mại theo ha.
